2026-04-28T07:56:18.278425,MISS,Q3:Z1:conf=0.57,14.318227767944336,generador_respuestas
2026-04-28T07:56:18.400331,MISS,Q2:Z2:conf=0.87,12.82501220703125,generador_respuestas
2026-04-28T07:56:18.527525,MISS,Q2:Z2:conf=0.58,14.213323593139648,generador_respuestas
2026-04-28T07:56:18.652314,MISS,Q3:Z1:conf=0.89,13.136625289916992,generador_respuestas
2026-04-28T07:56:18.773872,MISS,Q4:Z3:conf=0.87,12.835025787353516,generador_respuestas
2026-04-28T07:56:18.904760,MISS,Q5:Z3:conf=0.56,21.969079971313477,generador_respuestas
2026-04-28T07:56:19.024730,MISS,Q2:Z1:conf=0.58,10.343790054321289,generador_respuestas
2026-04-28T07:56:19.146748,MISS,Q2:Z2:conf=0.62,11.011600494384766,generador_respuestas
2026-04-28T07:56:19.269591,MISS,Q1:Z1:conf=0.68,12.412071228027344,generador_respuestas
2026-04-28T07:56:19.391577,MISS,Q1:Z2:conf=0.65,10.198831558227539,generador_respuestas
2026-04-28T07:56:19.512359,MISS,Q2:Z4:conf=0.75,10.33163070678711,generador_respuestas
2026-04-28T07:56:19.636033,MISS,Q1:Z3:conf=0.63,12.108325958251953,generador_respuestas
2026-04-28T07:56:19.763561,MISS,Q5:Z3:conf=0.38,17.32468605041504,generador_respuestas
2026-04-28T07:56:19.888754,MISS,Q4:Z4:conf=0.09,14.387130737304688,generador_respuestas
2026-04-28T07:56:20.003994,MISS,Q4:Z1:conf=0.12,8.53276252746582,generador_respuestas
2026-04-28T07:56:20.134015,MISS,Q4:Z4:conf=0.66,18.343210220336914,generador_respuestas
2026-04-28T07:56:20.259047,MISS,Q4:Z3:conf=0.69,14.862298965454102,generador_respuestas
2026-04-28T07:56:20.379727,MISS,Q2:Z1:conf=0.48,11.863231658935547,generador_respuestas
2026-04-28T07:56:20.508449,MISS,Q5:Z2:conf=0.73,17.359495162963867,generador_respuestas
2026-04-28T07:56:20.631306,MISS,Q3:Z2:conf=0.44,11.480093002319336,generador_respuestas
2026-04-28T07:56:20.752633,MISS,Q2:Z3:conf=0.81,11.561870574951172,generador_respuestas
2026-04-28T07:56:20.872995,MISS,Q1:Z3:conf=0.2,9.186983108520508,generador_respuestas
2026-04-28T07:56:20.998289,MISS,Q4:Z2:conf=0.08,15.415668487548828,generador_respuestas
2026-04-28T07:56:21.120272,MISS,Q1:Z3:conf=0.42,10.711669921875,generador_respuestas
2026-04-28T07:56:21.242825,MISS,Q4:Z2:conf=0.17,12.291431427001953,generador_respuestas
2026-04-28T07:56:21.367001,MISS,Q2:Z2:conf=0.41,13.683795928955078,generador_respuestas
2026-04-28T07:56:21.493434,MISS,Q4:Z1:conf=0.39,15.408515930175781,generador_respuestas
2026-04-28T07:56:21.614420,MISS,Q1:Z3:conf=0.45,9.649991989135742,generador_respuestas
2026-04-28T07:56:21.736289,MISS,Q3:Z4:conf=0.19,11.507034301757812,generador_respuestas
2026-04-28T07:56:21.860842,MISS,Q5:Z1:conf=0.84,13.183355331420898,generador_respuestas
2026-04-28T07:56:21.989380,MISS,Q4:Z3:conf=0.54,15.467166900634766,generador_respuestas
2026-04-28T07:56:22.112046,MISS,Q3:Z5:conf=0.11,13.262033462524414,generador_respuestas
2026-04-28T07:56:22.235066,MISS,Q2:Z2:conf=0.21,11.067628860473633,generador_respuestas
2026-04-28T07:56:22.358432,MISS,Q3:Z4:conf=0.7,12.55035400390625,generador_respuestas
2026-04-28T07:56:22.483515,MISS,Q5:Z3:conf=0.6,17.4257755279541,generador_respuestas
2026-04-28T07:56:22.610026,MISS,Q5:Z5:conf=0.23,16.506671905517578,generador_respuestas
2026-04-28T07:56:22.732847,MISS,Q1:Z2:conf=0.22,10.750055313110352,generador_respuestas
2026-04-28T07:56:22.860260,MISS,Q5:Z1:conf=0.19,16.005992889404297,generador_respuestas
2026-04-28T07:56:22.991816,MISS,Q5:Z3:conf=0.23,19.103527069091797,generador_respuestas
2026-04-28T07:56:23.116765,MISS,Q4:Z2:conf=0.26,14.13106918334961,generador_respuestas
2026-04-28T07:56:23.240092,MISS,Q4:Z4:conf=0.84,14.690876007080078,generador_respuestas
2026-04-28T07:56:23.364287,MISS,Q4:Z1:conf=0.54,13.727426528930664,generador_respuestas
2026-04-28T07:56:23.488161,MISS,Q5:Z4:conf=0.52,13.529777526855469,generador_respuestas
2026-04-28T07:56:23.613366,MISS,Q1:Z2:conf=0.32,10.194540023803711,generador_respuestas
2026-04-28T07:56:23.739175,MISS,Q3:Z1:conf=0.18,15.376567840576172,generador_respuestas
2026-04-28T07:56:23.861658,MISS,Q2:Z1:conf=0.87,11.275291442871094,generador_respuestas
2026-04-28T07:56:23.985139,MISS,Q1:Z5:conf=0.76,11.010885238647461,generador_respuestas
2026-04-28T07:56:24.109035,MISS,Q3:Z1:conf=0.46,13.448238372802734,generador_respuestas
2026-04-28T07:56:24.229844,MISS,Q2:Z3:conf=0.59,11.214017868041992,generador_respuestas
2026-04-28T07:56:24.350160,MISS,Q1:Z4:conf=0.81,9.72294807434082,generador_respuestas
2026-04-28T07:56:24.477680,MISS,Q4:Z2:conf=0.11,15.609979629516602,generador_respuestas
2026-04-28T07:56:24.605508,MISS,Q5:Z1:conf=0.66,16.61396026611328,generador_respuestas
2026-04-28T07:56:24.738419,MISS,Q5:Z2:conf=0.38,19.490718841552734,generador_respuestas
2026-04-28T07:56:24.863820,MISS,Q4:Z5:conf=0.23,14.719009399414062,generador_respuestas
2026-04-28T07:56:24.983490,MISS,Q2:Z2:conf=0.73,10.163307189941406,generador_respuestas
2026-04-28T07:56:25.108556,MISS,Q5:Z4:conf=0.4,14.78433609008789,generador_respuestas
2026-04-28T07:56:25.237021,MISS,Q3:Z5:conf=0.61,14.807462692260742,generador_respuestas
2026-04-28T07:56:25.353475,MISS,Q5:Z5:conf=0.37,9.453296661376953,generador_respuestas
2026-04-28T07:56:25.475902,MISS,Q4:Z1:conf=0.48,14.321327209472656,generador_respuestas
2026-04-28T07:56:25.596020,MISS,Q3:Z4:conf=0.14,12.286901473999023,generador_respuestas
2026-04-28T07:56:25.720999,MISS,Q2:Z1:conf=0.47,12.549400329589844,generador_respuestas
2026-04-28T07:56:25.842685,MISS,Q2:Z4:conf=0.8,10.558366775512695,generador_respuestas
2026-04-28T07:56:25.966095,MISS,Q1:Z5:conf=0.71,12.075662612915039,generador_respuestas
2026-04-28T07:56:26.077063,MISS,Q1:Z5:conf=0.39,4.955530166625977,generador_respuestas
2026-04-28T07:56:26.198151,MISS,Q4:Z5:conf=0.65,13.356924057006836,generador_respuestas
2026-04-28T07:56:26.326592,MISS,Q5:Z5:conf=0.21,18.12458038330078,generador_respuestas
2026-04-28T07:56:26.454059,MISS,Q3:Z3:conf=0.16,14.110326766967773,generador_respuestas
2026-04-28T07:56:26.576701,MISS,Q2:Z1:conf=0.78,10.666847229003906,generador_respuestas
2026-04-28T07:56:26.700149,MISS,Q2:Z1:conf=0.81,12.462139129638672,generador_respuestas
2026-04-28T07:56:26.824956,MISS,Q4:Z2:conf=0.75,14.703512191772461,generador_respuestas
2026-04-28T07:56:26.948575,MISS,Q4:Z2:conf=0.35,14.828205108642578,generador_respuestas
2026-04-28T07:56:27.073580,MISS,Q5:Z1:conf=0.56,14.952659606933594,generador_respuestas
2026-04-28T07:56:27.200705,MISS,Q5:Z1:conf=0.61,13.373613357543945,generador_respuestas
2026-04-28T07:56:27.326076,MISS,Q2:Z2:conf=0.07,11.35563850402832,generador_respuestas
2026-04-28T07:56:27.448246,MISS,Q1:Z1:conf=0.85,9.988069534301758,generador_respuestas
2026-04-28T07:56:27.569723,MISS,Q1:Z1:conf=0.03,11.829376220703125,generador_respuestas
2026-04-28T07:56:27.696413,MISS,Q3:Z1:conf=0.45,15.680313110351562,generador_respuestas
2026-04-28T07:56:27.822534,MISS,Q3:Z2:conf=0.68,14.498472213745117,generador_respuestas
2026-04-28T07:56:27.949171,MISS,Q5:Z1:conf=0.42,15.482187271118164,generador_respuestas
2026-04-28T07:56:28.072485,MISS,Q1:Z3:conf=0.34,10.172128677368164,generador_respuestas
2026-04-28T07:56:28.198660,MISS,Q4:Z1:conf=0.57,15.404939651489258,generador_respuestas
2026-04-28T07:56:28.327468,MISS,Q3:Z1:conf=0.32,16.00503921508789,generador_respuestas
2026-04-28T07:56:28.451691,MISS,Q3:Z2:conf=0.79,12.25900650024414,generador_respuestas
2026-04-28T07:56:28.562626,HIT,Q5:Z2:conf=0.38,1.489877700805664,cache
2026-04-28T07:56:28.688533,MISS,Q2:Z1:conf=0.04,13.198137283325195,generador_respuestas
2026-04-28T07:56:28.809382,MISS,Q1:Z1:conf=0.66,10.670185089111328,generador_respuestas
2026-04-28T07:56:28.930352,MISS,Q1:Z3:conf=0.23,11.326313018798828,generador_respuestas
2026-04-28T07:56:29.049746,MISS,Q1:Z5:conf=0.37,9.825706481933594,generador_respuestas
2026-04-28T07:56:29.171395,MISS,Q1:Z5:conf=0.42,11.589765548706055,generador_respuestas
2026-04-28T07:56:29.293775,MISS,Q3:Z5:conf=0.51,11.815786361694336,generador_respuestas
2026-04-28T07:56:29.415688,MISS,Q2:Z3:conf=0.74,11.227846145629883,generador_respuestas
2026-04-28T07:56:29.536895,MISS,Q1:Z2:conf=0.86,10.218620300292969,generador_respuestas
2026-04-28T07:56:29.668133,MISS,Q5:Z2:conf=0.67,19.69766616821289,generador_respuestas
2026-04-28T07:56:29.797858,MISS,Q5:Z1:conf=0.47,16.697168350219727,generador_respuestas
2026-04-28T07:56:29.923453,MISS,Q1:Z1:conf=0.6,10.780096054077148,generador_respuestas
2026-04-28T07:56:30.044582,MISS,Q1:Z3:conf=0.55,9.567975997924805,generador_respuestas
2026-04-28T07:56:30.171409,MISS,Q5:Z5:conf=0.67,15.727758407592773,generador_respuestas
2026-04-28T07:56:30.301661,MISS,Q3:Z2:conf=0.51,14.697074890136719,generador_respuestas
2026-04-28T07:56:30.424419,MISS,Q1:Z4:conf=0.61,9.59324836730957,generador_respuestas
2026-04-28T07:56:30.546160,MISS,Q2:Z5:conf=0.55,10.30874252319336,generador_respuestas
2026-04-28T07:56:30.673357,MISS,Q4:Z2:conf=0.83,16.786813735961914,generador_respuestas
2026-04-28T07:56:30.801188,MISS,Q3:Z1:conf=0.73,15.245199203491211,generador_respuestas
2026-04-28T07:56:30.928289,MISS,Q5:Z5:conf=0.36,16.551733016967773,generador_respuestas
2026-04-28T07:56:31.051927,MISS,Q2:Z3:conf=0.52,11.446714401245117,generador_respuestas
2026-04-28T07:56:31.180418,MISS,Q5:Z4:conf=0.49,16.994237899780273,generador_respuestas
2026-04-28T07:56:31.307857,MISS,Q4:Z5:conf=0.27,15.128612518310547,generador_respuestas
2026-04-28T07:56:31.434820,MISS,Q4:Z1:conf=0.19,17.32778549194336,generador_respuestas
2026-04-28T07:56:31.558258,MISS,Q5:Z2:conf=0.53,13.842105865478516,generador_respuestas
2026-04-28T07:56:31.684509,MISS,Q3:Z2:conf=0.16,12.737035751342773,generador_respuestas
2026-04-28T07:56:31.812987,MISS,Q5:Z2:conf=0.84,17.02713966369629,generador_respuestas
2026-04-28T07:56:31.938078,MISS,Q2:Z5:conf=0.78,11.48366928100586,generador_respuestas
2026-04-28T07:56:32.050875,MISS,Q1:Z1:conf=0.11,5.77235221862793,generador_respuestas
2026-04-28T07:56:32.172811,MISS,Q2:Z2:conf=0.57,12.810230255126953,generador_respuestas
2026-04-28T07:56:32.301318,MISS,Q5:Z1:conf=0.12,16.924619674682617,generador_respuestas
2026-04-28T07:56:32.431460,MISS,Q5:Z2:conf=0.42,16.072988510131836,generador_respuestas
2026-04-28T07:56:32.556427,MISS,Q1:Z2:conf=0.3,11.163949966430664,generador_respuestas
2026-04-28T07:56:32.677568,MISS,Q1:Z4:conf=0.74,9.926795959472656,generador_respuestas
2026-04-28T07:56:32.804217,MISS,Q3:Z3:conf=0.26,16.340970993041992,generador_respuestas
2026-04-28T07:56:32.933004,MISS,Q5:Z1:conf=0.82,15.259504318237305,generador_respuestas
2026-04-28T07:56:33.064896,MISS,Q5:Z4:conf=0.58,17.33708381652832,generador_respuestas
2026-04-28T07:56:33.192715,MISS,Q4:Z4:conf=0.44,15.58065414428711,generador_respuestas
2026-04-28T07:56:33.315501,MISS,Q3:Z4:conf=0.4,12.048482894897461,generador_respuestas
2026-04-28T07:56:33.437187,MISS,Q3:Z1:conf=0.85,12.060880661010742,generador_respuestas
2026-04-28T07:56:33.560443,MISS,Q4:Z4:conf=0.69,13.09657096862793,generador_respuestas
2026-04-28T07:56:33.684063,MISS,Q4:Z1:conf=0.2,15.279054641723633,generador_respuestas
2026-04-28T07:56:33.804170,MISS,Q2:Z3:conf=0.5,12.49384880065918,generador_respuestas
2026-04-28T07:56:33.930197,MISS,Q5:Z1:conf=0.85,14.653444290161133,generador_respuestas
2026-04-28T07:56:34.058069,MISS,Q4:Z3:conf=0.01,15.863895416259766,generador_respuestas
2026-04-28T07:56:34.178133,MISS,Q1:Z5:conf=0.77,9.792327880859375,generador_respuestas
2026-04-28T07:56:34.301719,MISS,Q4:Z3:conf=0.15,15.08784294128418,generador_respuestas
2026-04-28T07:56:34.422175,MISS,Q1:Z5:conf=0.52,10.697364807128906,generador_respuestas
2026-04-28T07:56:34.543277,MISS,Q1:Z2:conf=0.39,9.92274284362793,generador_respuestas
2026-04-28T07:56:34.666442,MISS,Q3:Z5:conf=0.16,13.644695281982422,generador_respuestas
2026-04-28T07:56:34.795146,MISS,Q4:Z1:conf=0.3,18.455982208251953,generador_respuestas
2026-04-28T07:56:34.920486,MISS,Q3:Z1:conf=0.54,14.310598373413086,generador_respuestas
2026-04-28T07:56:35.042432,MISS,Q1:Z1:conf=0.36,9.755134582519531,generador_respuestas
2026-04-28T07:56:35.166629,MISS,Q4:Z1:conf=0.02,13.44919204711914,generador_respuestas
2026-04-28T07:56:35.287253,MISS,Q3:Z1:conf=0.86,11.12055778503418,generador_respuestas
2026-04-28T07:56:35.410204,MISS,Q2:Z2:conf=0.08,11.39974594116211,generador_respuestas
2026-04-28T07:56:35.534197,MISS,Q2:Z4:conf=0.13,12.336969375610352,generador_respuestas
2026-04-28T07:56:35.659441,MISS,Q4:Z2:conf=0.76,14.157295227050781,generador_respuestas
2026-04-28T07:56:35.781698,MISS,Q1:Z4:conf=0.01,10.495424270629883,generador_respuestas
2026-04-28T07:56:35.908272,MISS,Q4:Z1:conf=0.24,15.87224006652832,generador_respuestas
2026-04-28T07:56:36.029673,MISS,Q1:Z2:conf=0.34,10.975360870361328,generador_respuestas
2026-04-28T07:56:36.155195,MISS,Q4:Z1:conf=0.85,14.641523361206055,generador_respuestas
2026-04-28T07:56:36.276314,MISS,Q1:Z1:conf=0.06,9.99140739440918,generador_respuestas
2026-04-28T07:56:36.396870,MISS,Q2:Z2:conf=0.09,11.830568313598633,generador_respuestas
2026-04-28T07:56:36.520292,MISS,Q4:Z5:conf=0.63,14.322996139526367,generador_respuestas
2026-04-28T07:56:36.626741,HIT,Q4:Z2:conf=0.11,0.3635883331298828,cache
2026-04-28T07:56:36.747321,MISS,Q2:Z2:conf=0.86,10.461807250976562,generador_respuestas
2026-04-28T07:56:36.872684,MISS,Q5:Z4:conf=0.75,15.398740768432617,generador_respuestas
2026-04-28T07:56:36.998530,MISS,Q2:Z5:conf=0.19,12.273550033569336,generador_respuestas
2026-04-28T07:56:37.123152,MISS,Q2:Z1:conf=0.34,11.144161224365234,generador_respuestas
2026-04-28T07:56:37.247014,MISS,Q2:Z2:conf=0.05,11.650800704956055,generador_respuestas
2026-04-28T07:56:37.372885,MISS,Q5:Z1:conf=0.63,15.089273452758789,generador_respuestas
2026-04-28T07:56:37.500432,MISS,Q2:Z5:conf=0.51,12.882471084594727,generador_respuestas
2026-04-28T07:56:37.624474,MISS,Q4:Z1:conf=0.11,13.646602630615234,generador_respuestas
2026-04-28T07:56:37.746677,MISS,Q4:Z2:conf=0.77,13.330936431884766,generador_respuestas
2026-04-28T07:56:37.869196,MISS,Q3:Z3:conf=0.37,13.317108154296875,generador_respuestas
2026-04-28T07:56:37.996493,MISS,Q4:Z3:conf=0.41,16.92032814025879,generador_respuestas
2026-04-28T07:56:38.120979,MISS,Q1:Z2:conf=0.83,11.338949203491211,generador_respuestas
2026-04-28T07:56:38.246484,MISS,Q3:Z5:conf=0.17,13.137340545654297,generador_respuestas
2026-04-28T07:56:38.358093,HIT,Q2:Z3:conf=0.52,0.8761882781982422,cache
2026-04-28T07:56:38.483374,MISS,Q5:Z5:conf=0.63,15.001296997070312,generador_respuestas
2026-04-28T07:56:38.607415,MISS,Q2:Z2:conf=0.17,12.462854385375977,generador_respuestas
2026-04-28T07:56:38.729017,MISS,Q1:Z4:conf=0.3,10.416030883789062,generador_respuestas
2026-04-28T07:56:38.854056,MISS,Q4:Z2:conf=0.84,14.147043228149414,generador_respuestas
2026-04-28T07:56:38.975490,MISS,Q2:Z4:conf=0.25,11.566162109375,generador_respuestas
2026-04-28T07:56:39.098947,MISS,Q2:Z3:conf=0.01,12.787818908691406,generador_respuestas
2026-04-28T07:56:39.225411,MISS,Q3:Z1:conf=0.11,14.058351516723633,generador_respuestas
2026-04-28T07:56:39.338299,HIT,Q3:Z1:conf=0.85,1.0361671447753906,cache
2026-04-28T07:56:39.454750,MISS,Q1:Z3:conf=0.8,8.397579193115234,generador_respuestas
2026-04-28T07:56:39.575294,MISS,Q3:Z3:conf=0.24,11.90495491027832,generador_respuestas
2026-04-28T07:56:39.703506,MISS,Q5:Z5:conf=0.49,17.695188522338867,generador_respuestas
2026-04-28T07:56:39.831043,MISS,Q4:Z4:conf=0.28,15.847206115722656,generador_respuestas
2026-04-28T07:56:39.952936,MISS,Q4:Z5:conf=0.73,13.34238052368164,generador_respuestas
2026-04-28T07:56:40.075811,MISS,Q4:Z5:conf=0.17,13.564348220825195,generador_respuestas
2026-04-28T07:56:40.197270,MISS,Q1:Z3:conf=0.02,11.079072952270508,generador_respuestas
2026-04-28T07:56:40.321511,MISS,Q4:Z2:conf=0.58,13.521671295166016,generador_respuestas
2026-04-28T07:56:40.440390,MISS,Q1:Z3:conf=0.22,10.355949401855469,generador_respuestas
2026-04-28T07:56:40.562867,MISS,Q2:Z3:conf=0.23,11.808156967163086,generador_respuestas
2026-04-28T07:56:40.686868,MISS,Q4:Z2:conf=0.21,13.849496841430664,generador_respuestas
2026-04-28T07:56:40.814287,MISS,Q4:Z2:conf=0.36,17.17829704284668,generador_respuestas
2026-04-28T07:56:40.926241,HIT,Q3:Z5:conf=0.51,0.8683204650878906,cache
2026-04-28T07:56:41.048815,MISS,Q5:Z5:conf=0.66,12.018442153930664,generador_respuestas
2026-04-28T07:56:41.173952,MISS,Q3:Z4:conf=0.25,13.737916946411133,generador_respuestas
2026-04-28T07:56:41.303451,MISS,Q4:Z1:conf=0.43,17.07005500793457,generador_respuestas
2026-04-28T07:56:41.427142,MISS,Q1:Z5:conf=0.1,11.673927307128906,generador_respuestas
2026-04-28T07:56:41.549540,MISS,Q1:Z4:conf=0.38,9.987831115722656,generador_respuestas
2026-04-28T07:56:41.663793,MISS,Q1:Z4:conf=0.73,6.064176559448242,generador_respuestas
2026-04-28T07:56:41.785128,MISS,Q3:Z2:conf=0.63,13.463735580444336,generador_respuestas
2026-04-28T07:56:41.907134,MISS,Q4:Z1:conf=0.76,13.756752014160156,generador_respuestas
2026-04-28T07:56:42.030712,MISS,Q3:Z1:conf=0.83,14.647960662841797,generador_respuestas
2026-04-28T07:56:42.161094,MISS,Q5:Z4:conf=0.62,17.026185989379883,generador_respuestas
2026-04-28T07:56:42.290309,MISS,Q3:Z3:conf=0.84,13.374567031860352,generador_respuestas
2026-04-28T07:56:42.403951,HIT,Q2:Z1:conf=0.48,1.0912418365478516,cache
2026-04-28T07:56:42.528210,MISS,Q1:Z4:conf=0.71,11.89422607421875,generador_respuestas
2026-04-28T07:56:42.652470,MISS,Q2:Z2:conf=0.29,11.459589004516602,generador_respuestas
2026-04-28T07:56:42.770841,MISS,Q1:Z1:conf=0.24,8.874177932739258,generador_respuestas
2026-04-28T07:56:42.893394,MISS,Q3:Z4:conf=0.05,14.878034591674805,generador_respuestas
2026-04-28T07:56:43.018701,MISS,Q5:Z1:conf=0.76,15.632390975952148,generador_respuestas
2026-04-28T07:56:43.131400,HIT,Q4:Z2:conf=0.35,0.762939453125,cache
2026-04-28T07:56:43.258990,MISS,Q5:Z5:conf=0.61,14.597415924072266,generador_respuestas
2026-04-28T07:56:43.392031,MISS,Q5:Z4:conf=0.61,18.786191940307617,generador_respuestas
2026-04-28T07:56:43.518431,MISS,Q1:Z2:conf=0.05,9.900569915771484,generador_respuestas
2026-04-28T07:56:43.639621,MISS,Q1:Z4:conf=0.21,9.86790657043457,generador_respuestas
2026-04-28T07:56:43.761619,MISS,Q4:Z4:conf=0.59,10.989665985107422,generador_respuestas
2026-04-28T07:56:43.877522,MISS,Q1:Z3:conf=0.56,9.208202362060547,generador_respuestas
2026-04-28T07:56:43.990299,MISS,Q1:Z5:conf=0.08,6.788015365600586,generador_respuestas
2026-04-28T07:56:44.111824,MISS,Q3:Z2:conf=0.1,12.12930679321289,generador_respuestas
2026-04-28T07:56:44.236468,MISS,Q2:Z1:conf=0.85,12.331962585449219,generador_respuestas
2026-04-28T07:56:44.349418,HIT,Q5:Z1:conf=0.84,1.2056827545166016,cache
2026-04-28T07:56:44.473370,MISS,Q2:Z3:conf=0.21,10.799884796142578,generador_respuestas
2026-04-28T07:56:44.597597,MISS,Q3:Z3:conf=0.44,13.857603073120117,generador_respuestas
2026-04-28T07:56:44.720874,MISS,Q3:Z5:conf=0.07,12.984037399291992,generador_respuestas
2026-04-28T07:56:44.848073,MISS,Q4:Z3:conf=0.37,17.630815505981445,generador_respuestas
2026-04-28T07:56:44.968304,MISS,Q1:Z1:conf=0.26,9.77778434753418,generador_respuestas
2026-04-28T07:56:45.094865,MISS,Q4:Z2:conf=0.23,15.526533126831055,generador_respuestas
2026-04-28T07:56:45.218378,MISS,Q1:Z2:conf=0.53,10.912418365478516,generador_respuestas
2026-04-28T07:56:45.336713,MISS,Q5:Z2:conf=0.78,9.591102600097656,generador_respuestas
2026-04-28T07:56:45.459152,MISS,Q3:Z2:conf=0.86,12.444019317626953,generador_respuestas
2026-04-28T07:56:45.582361,MISS,Q3:Z1:conf=0.08,12.303352355957031,generador_respuestas
2026-04-28T07:56:45.689289,HIT,Q2:Z1:conf=0.47,0.7603168487548828,cache
2026-04-28T07:56:45.811925,MISS,Q3:Z3:conf=0.29,14.08696174621582,generador_respuestas
2026-04-28T07:56:45.940723,MISS,Q5:Z4:conf=0.83,17.724990844726562,generador_respuestas
2026-04-28T07:56:46.067739,MISS,Q2:Z1:conf=0.28,12.58993148803711,generador_respuestas
2026-04-28T07:56:46.193495,MISS,Q1:Z1:conf=0.64,12.832880020141602,generador_respuestas
2026-04-28T07:56:46.316020,MISS,Q2:Z4:conf=0.33,10.565996170043945,generador_respuestas
2026-04-28T07:56:46.442971,MISS,Q3:Z3:conf=0.34,15.982866287231445,generador_respuestas
2026-04-28T07:56:46.568752,MISS,Q4:Z4:conf=0.35,15.979528427124023,generador_respuestas
2026-04-28T07:56:46.691524,MISS,Q3:Z2:conf=0.88,12.28189468383789,generador_respuestas
2026-04-28T07:56:46.819017,MISS,Q5:Z3:conf=0.76,16.257286071777344,generador_respuestas
2026-04-28T07:56:46.939336,MISS,Q1:Z4:conf=0.02,9.871482849121094,generador_respuestas
2026-04-28T07:56:47.063241,MISS,Q5:Z1:conf=0.37,14.026403427124023,generador_respuestas
2026-04-28T07:56:47.191585,MISS,Q1:Z3:conf=0.1,12.442350387573242,generador_respuestas
2026-04-28T07:56:47.304871,MISS,Q2:Z2:conf=0.0,5.857229232788086,generador_respuestas
2026-04-28T07:56:47.432857,MISS,Q5:Z3:conf=0.81,17.35234260559082,generador_respuestas
2026-04-28T07:56:47.561534,MISS,Q2:Z1:conf=0.43,13.358354568481445,generador_respuestas
2026-04-28T07:56:47.673908,HIT,Q4:Z2:conf=0.36,0.78582763671875,cache
2026-04-28T07:56:47.796553,MISS,Q4:Z1:conf=0.73,12.666940689086914,generador_respuestas
2026-04-28T07:56:47.917734,MISS,Q2:Z1:conf=0.51,11.174678802490234,generador_respuestas
2026-04-28T07:56:48.029627,HIT,Q3:Z3:conf=0.44,0.8678436279296875,cache
2026-04-28T07:56:48.153918,MISS,Q5:Z1:conf=0.71,13.699054718017578,generador_respuestas
2026-04-28T07:56:48.280621,MISS,Q4:Z4:conf=0.37,15.645742416381836,generador_respuestas
2026-04-28T07:56:48.406126,MISS,Q3:Z1:conf=0.78,14.955282211303711,generador_respuestas
2026-04-28T07:56:48.520231,HIT,Q1:Z1:conf=0.11,0.7393360137939453,cache
2026-04-28T07:56:48.633853,HIT,Q3:Z1:conf=0.18,0.9975433349609375,cache
2026-04-28T07:56:48.759799,MISS,Q3:Z4:conf=0.75,12.837648391723633,generador_respuestas
2026-04-28T07:56:48.882000,MISS,Q1:Z4:conf=0.51,9.678840637207031,generador_respuestas
2026-04-28T07:56:49.006410,MISS,Q3:Z2:conf=0.24,14.247894287109375,generador_respuestas
2026-04-28T07:56:49.134056,MISS,Q4:Z1:conf=0.49,15.58375358581543,generador_respuestas
2026-04-28T07:56:49.254317,MISS,Q2:Z5:conf=0.52,10.525941848754883,generador_respuestas
2026-04-28T07:56:49.377862,MISS,Q2:Z3:conf=0.49,11.931657791137695,generador_respuestas
2026-04-28T07:56:49.502358,MISS,Q2:Z1:conf=0.73,12.359142303466797,generador_respuestas
2026-04-28T07:56:49.616352,HIT,Q5:Z2:conf=0.84,1.0967254638671875,cache
2026-04-28T07:56:49.742093,MISS,Q3:Z1:conf=0.38,12.791872024536133,generador_respuestas
2026-04-28T07:56:49.867995,MISS,Q4:Z3:conf=0.84,14.997005462646484,generador_respuestas
2026-04-28T07:56:49.994124,MISS,Q3:Z1:conf=0.65,14.29295539855957,generador_respuestas
2026-04-28T07:56:50.120361,MISS,Q4:Z2:conf=0.47,15.119791030883789,generador_respuestas
2026-04-28T07:56:50.238642,MISS,Q1:Z3:conf=0.24,9.49716567993164,generador_respuestas
2026-04-28T07:56:50.356909,MISS,Q2:Z1:conf=0.63,9.643793106079102,generador_respuestas
2026-04-28T07:56:50.468766,HIT,Q5:Z3:conf=0.81,1.1661052703857422,cache
2026-04-28T07:56:50.594682,MISS,Q1:Z5:conf=0.66,11.807680130004883,generador_respuestas
2026-04-28T07:56:50.721848,MISS,Q3:Z1:conf=0.12,14.687061309814453,generador_respuestas
2026-04-28T07:56:50.842815,MISS,Q1:Z1:conf=0.18,9.705305099487305,generador_respuestas
2026-04-28T07:56:50.971547,MISS,Q5:Z3:conf=0.01,18.458127975463867,generador_respuestas
2026-04-28T07:56:51.101832,MISS,Q4:Z4:conf=0.5,17.448902130126953,generador_respuestas
2026-04-28T07:56:51.213618,HIT,Q4:Z4:conf=0.35,0.9765625,cache
2026-04-28T07:56:51.325751,HIT,Q2:Z4:conf=0.25,0.8878707885742188,cache
2026-04-28T07:56:51.439372,HIT,Q3:Z2:conf=0.63,0.8971691131591797,cache
2026-04-28T07:56:51.560816,MISS,Q1:Z3:conf=0.36,11.827945709228516,generador_respuestas
2026-04-28T07:56:51.682750,MISS,Q2:Z1:conf=0.76,10.858535766601562,generador_respuestas
2026-04-28T07:56:51.807955,MISS,Q3:Z3:conf=0.6,14.716148376464844,generador_respuestas
2026-04-28T07:56:51.930947,MISS,Q2:Z1:conf=0.05,11.942148208618164,generador_respuestas
2026-04-28T07:56:52.056278,MISS,Q4:Z1:conf=0.59,14.761924743652344,generador_respuestas
2026-04-28T07:56:52.182801,MISS,Q5:Z3:conf=0.45,16.620397567749023,generador_respuestas
2026-04-28T07:56:52.303323,MISS,Q1:Z4:conf=0.19,10.53166389465332,generador_respuestas
2026-04-28T07:56:52.428144,MISS,Q3:Z4:conf=0.06,13.55290412902832,generador_respuestas
2026-04-28T07:56:52.550178,MISS,Q2:Z4:conf=0.01,11.286258697509766,generador_respuestas
2026-04-28T07:56:52.675931,MISS,Q3:Z5:conf=0.71,13.948917388916016,generador_respuestas
2026-04-28T07:56:52.793530,MISS,Q5:Z1:conf=0.1,9.601831436157227,generador_respuestas
2026-04-28T07:56:52.917585,MISS,Q5:Z1:conf=0.04,14.872074127197266,generador_respuestas
2026-04-28T07:56:53.047533,MISS,Q5:Z1:conf=0.57,17.205476760864258,generador_respuestas
2026-04-28T07:56:53.161638,HIT,Q4:Z1:conf=0.73,0.7758140563964844,cache
2026-04-28T07:56:53.288868,MISS,Q4:Z3:conf=0.1,15.4571533203125,generador_respuestas
2026-04-28T07:56:53.411570,MISS,Q3:Z1:conf=0.19,11.255741119384766,generador_respuestas
2026-04-28T07:56:53.536096,MISS,Q4:Z5:conf=0.59,14.925003051757812,generador_respuestas
2026-04-28T07:56:53.660519,MISS,Q3:Z3:conf=0.22,13.940572738647461,generador_respuestas
2026-04-28T07:56:53.782693,MISS,Q2:Z2:conf=0.44,10.333776473999023,generador_respuestas
2026-04-28T07:56:53.895139,HIT,Q3:Z3:conf=0.44,0.9562969207763672,cache
2026-04-28T07:56:54.022062,MISS,Q5:Z2:conf=0.86,14.508962631225586,generador_respuestas
2026-04-28T07:56:54.138787,HIT,Q3:Z3:conf=0.44,0.9217262268066406,cache
2026-04-28T07:56:54.251460,HIT,Q2:Z1:conf=0.81,0.9434223175048828,cache
2026-04-28T07:56:54.374664,MISS,Q4:Z1:conf=0.5,12.822866439819336,generador_respuestas
2026-04-28T07:56:54.499250,MISS,Q2:Z1:conf=0.39,13.343334197998047,generador_respuestas
2026-04-28T07:56:54.629575,MISS,Q5:Z2:conf=0.61,18.424510955810547,generador_respuestas
2026-04-28T07:56:54.752438,MISS,Q4:Z2:conf=0.59,12.835502624511719,generador_respuestas
2026-04-28T07:56:54.875106,MISS,Q5:Z1:conf=0.08,13.985395431518555,generador_respuestas
2026-04-28T07:56:55.002196,MISS,Q4:Z1:conf=0.61,14.334678649902344,generador_respuestas
2026-04-28T07:56:55.125626,MISS,Q2:Z4:conf=0.1,11.738061904907227,generador_respuestas
2026-04-28T07:56:55.246027,MISS,Q1:Z2:conf=0.35,9.776115417480469,generador_respuestas
2026-04-28T07:56:55.367844,MISS,Q1:Z2:conf=0.18,11.071443557739258,generador_respuestas
2026-04-28T07:56:55.495785,MISS,Q5:Z3:conf=0.67,18.10312271118164,generador_respuestas
2026-04-28T07:56:55.623689,MISS,Q3:Z1:conf=0.23,16.81804656982422,generador_respuestas
2026-04-28T07:56:55.748164,MISS,Q3:Z2:conf=0.82,11.84535026550293,generador_respuestas
2026-04-28T07:56:55.866111,MISS,Q1:Z1:conf=0.53,9.565591812133789,generador_respuestas
2026-04-28T07:56:55.988445,MISS,Q1:Z1:conf=0.9,10.406017303466797,generador_respuestas
2026-04-28T07:56:56.099380,HIT,Q2:Z1:conf=0.58,0.9510517120361328,cache
2026-04-28T07:56:56.211054,HIT,Q1:Z1:conf=0.53,0.766754150390625,cache
2026-04-28T07:56:56.332789,MISS,Q1:Z2:conf=0.2,11.14964485168457,generador_respuestas
2026-04-28T07:56:56.461202,MISS,Q4:Z3:conf=0.06,15.323400497436523,generador_respuestas
2026-04-28T07:56:56.583362,MISS,Q1:Z3:conf=0.4,9.89222526550293,generador_respuestas
2026-04-28T07:56:56.706533,MISS,Q3:Z2:conf=0.0,12.895822525024414,generador_respuestas
2026-04-28T07:56:56.829824,MISS,Q1:Z1:conf=0.84,11.635065078735352,generador_respuestas
2026-04-28T07:56:56.952038,MISS,Q2:Z2:conf=0.8,11.275291442871094,generador_respuestas
2026-04-28T07:56:57.073627,MISS,Q2:Z4:conf=0.14,11.190414428710938,generador_respuestas
2026-04-28T07:56:57.195470,MISS,Q1:Z1:conf=0.72,10.968208312988281,generador_respuestas
2026-04-28T07:56:57.321220,MISS,Q5:Z1:conf=0.78,14.600038528442383,generador_respuestas
2026-04-28T07:56:57.444838,MISS,Q1:Z2:conf=0.4,10.2081298828125,generador_respuestas
2026-04-28T07:56:57.559117,HIT,Q2:Z4:conf=0.8,0.9918212890625,cache
2026-04-28T07:56:57.685503,MISS,Q5:Z2:conf=0.6,14.028310775756836,generador_respuestas
2026-04-28T07:56:57.799360,HIT,Q1:Z4:conf=0.73,0.8344650268554688,cache
2026-04-28T07:56:57.924423,MISS,Q5:Z1:conf=0.21,14.69564437866211,generador_respuestas
2026-04-28T07:56:58.043021,MISS,Q2:Z3:conf=0.42,6.399869918823242,generador_respuestas
2026-04-28T07:56:58.165360,MISS,Q5:Z2:conf=0.1,13.862848281860352,generador_respuestas
2026-04-28T07:56:58.288724,MISS,Q2:Z4:conf=0.36,11.875629425048828,generador_respuestas
2026-04-28T07:56:58.414054,MISS,Q5:Z1:conf=0.52,15.20228385925293,generador_respuestas
2026-04-28T07:56:58.526462,HIT,Q2:Z2:conf=0.57,0.8723735809326172,cache
2026-04-28T07:56:58.648040,MISS,Q1:Z2:conf=0.84,9.676456451416016,generador_respuestas
2026-04-28T07:56:58.771289,MISS,Q5:Z2:conf=0.35,14.589309692382812,generador_respuestas
2026-04-28T07:56:58.896233,MISS,Q5:Z4:conf=0.53,14.429807662963867,generador_respuestas
2026-04-28T07:56:59.022196,MISS,Q2:Z3:conf=0.16,12.56871223449707,generador_respuestas
2026-04-28T07:56:59.143735,MISS,Q2:Z4:conf=0.62,9.952306747436523,generador_respuestas
2026-04-28T07:56:59.270017,MISS,Q5:Z2:conf=0.76,14.719486236572266,generador_respuestas
2026-04-28T07:56:59.398331,MISS,Q5:Z4:conf=0.33,15.76089859008789,generador_respuestas
2026-04-28T07:56:59.524432,MISS,Q1:Z1:conf=0.19,11.21664047241211,generador_respuestas
2026-04-28T07:56:59.647854,MISS,Q3:Z2:conf=0.39,12.907266616821289,generador_respuestas
2026-04-28T07:56:59.773081,MISS,Q5:Z5:conf=0.58,14.856576919555664,generador_respuestas
2026-04-28T07:56:59.899445,MISS,Q3:Z1:conf=0.66,14.862775802612305,generador_respuestas
2026-04-28T07:57:00.025174,MISS,Q3:Z1:conf=0.31,15.034675598144531,generador_respuestas
2026-04-28T07:57:00.138221,HIT,Q5:Z1:conf=0.08,1.0609626770019531,cache
2026-04-28T07:57:00.265075,MISS,Q3:Z5:conf=0.3,14.862537384033203,generador_respuestas
2026-04-28T07:57:00.389396,MISS,Q3:Z1:conf=0.74,11.969566345214844,generador_respuestas
2026-04-28T07:57:00.512390,MISS,Q3:Z4:conf=0.11,11.648416519165039,generador_respuestas
2026-04-28T07:57:00.634065,MISS,Q3:Z2:conf=0.78,12.945175170898438,generador_respuestas
2026-04-28T07:57:00.760036,MISS,Q4:Z5:conf=0.26,14.511346817016602,generador_respuestas
2026-04-28T07:57:00.871926,HIT,Q2:Z1:conf=0.81,0.7851123809814453,cache
2026-04-28T07:57:00.997544,MISS,Q5:Z2:conf=0.14,15.045404434204102,generador_respuestas
2026-04-28T07:57:01.125964,MISS,Q4:Z2:conf=0.03,15.582561492919922,generador_respuestas
2026-04-28T07:57:01.238577,HIT,Q5:Z4:conf=0.49,1.1408329010009766,cache
2026-04-28T07:57:01.366750,MISS,Q5:Z3:conf=0.36,16.975879669189453,generador_respuestas
2026-04-28T07:57:01.490204,MISS,Q3:Z5:conf=0.38,11.955738067626953,generador_respuestas
2026-04-28T07:57:01.618475,MISS,Q4:Z4:conf=0.22,15.428781509399414,generador_respuestas
2026-04-28T07:57:01.739286,MISS,Q1:Z5:conf=0.64,10.230302810668945,generador_respuestas
2026-04-28T07:57:01.864467,MISS,Q3:Z3:conf=0.8,15.135526657104492,generador_respuestas
2026-04-28T07:57:01.990444,MISS,Q5:Z1:conf=0.48,14.685630798339844,generador_respuestas
2026-04-28T07:57:02.115291,MISS,Q2:Z5:conf=0.58,10.65206527709961,generador_respuestas
2026-04-28T07:57:02.237244,MISS,Q2:Z3:conf=0.88,11.758565902709961,generador_respuestas
2026-04-28T07:57:02.365744,MISS,Q5:Z1:conf=0.22,16.49641990661621,generador_respuestas
2026-04-28T07:57:02.495237,MISS,Q5:Z4:conf=0.36,15.336751937866211,generador_respuestas
2026-04-28T07:57:02.620163,MISS,Q3:Z4:conf=0.79,12.710809707641602,generador_respuestas
2026-04-28T07:57:02.744155,MISS,Q5:Z1:conf=0.43,13.839006423950195,generador_respuestas
2026-04-28T07:57:02.860565,MISS,Q1:Z2:conf=0.85,7.092952728271484,generador_respuestas
2026-04-28T07:57:02.982505,MISS,Q3:Z1:conf=0.33,11.842966079711914,generador_respuestas
2026-04-28T07:57:03.108515,MISS,Q3:Z5:conf=0.64,15.612363815307617,generador_respuestas
2026-04-28T07:57:03.225786,MISS,Q5:Z5:conf=0.09,9.6893310546875,generador_respuestas
2026-04-28T07:57:03.338299,HIT,Q3:Z1:conf=0.31,0.9109973907470703,cache
2026-04-28T07:57:03.463176,MISS,Q3:Z3:conf=0.88,12.813568115234375,generador_respuestas
2026-04-28T07:57:03.584187,MISS,Q1:Z1:conf=0.12,9.649276733398438,generador_respuestas
2026-04-28T07:57:03.695761,HIT,Q5:Z1:conf=0.04,1.203298568725586,cache
2026-04-28T07:57:03.814266,MISS,Q3:Z3:conf=0.2,9.849309921264648,generador_respuestas
2026-04-28T07:57:03.925316,MISS,Q1:Z1:conf=0.54,5.280971527099609,generador_respuestas
2026-04-28T07:57:04.038149,MISS,Q2:Z2:conf=0.03,6.795167922973633,generador_respuestas
2026-04-28T07:57:04.154281,MISS,Q4:Z2:conf=0.43,10.322093963623047,generador_respuestas
2026-04-28T07:57:04.260411,HIT,Q2:Z1:conf=0.34,0.4050731658935547,cache
2026-04-28T07:57:04.375890,MISS,Q4:Z3:conf=0.48,9.738683700561523,generador_respuestas
2026-04-28T07:57:04.488958,MISS,Q4:Z5:conf=0.16,7.218360900878906,generador_respuestas
2026-04-28T07:57:04.610524,MISS,Q5:Z1:conf=0.55,14.066457748413086,generador_respuestas
2026-04-28T07:57:04.718475,HIT,Q4:Z2:conf=0.83,0.41961669921875,cache
2026-04-28T07:57:04.831107,MISS,Q4:Z3:conf=0.82,7.487773895263672,generador_respuestas
2026-04-28T07:57:04.944312,MISS,Q3:Z2:conf=0.29,7.025718688964844,generador_respuestas
2026-04-28T07:57:05.054559,MISS,Q2:Z5:conf=0.25,5.401849746704102,generador_respuestas
2026-04-28T07:57:05.165073,MISS,Q1:Z2:conf=0.66,5.320549011230469,generador_respuestas
2026-04-28T07:57:05.272039,HIT,Q3:Z4:conf=0.75,0.8375644683837891,cache
2026-04-28T07:57:05.384930,MISS,Q3:Z1:conf=0.84,6.683588027954102,generador_respuestas
2026-04-28T07:57:05.501692,MISS,Q2:Z3:conf=0.65,9.830236434936523,generador_respuestas
2026-04-28T07:57:05.622930,MISS,Q5:Z4:conf=0.39,14.118671417236328,generador_respuestas
2026-04-28T07:57:05.736860,MISS,Q1:Z1:conf=0.44,6.725311279296875,generador_respuestas
2026-04-28T07:57:05.850130,MISS,Q1:Z1:conf=0.63,6.197214126586914,generador_respuestas
2026-04-28T07:57:05.966170,MISS,Q1:Z3:conf=0.14,8.704900741577148,generador_respuestas
2026-04-28T07:57:06.081476,MISS,Q1:Z1:conf=0.1,8.034229278564453,generador_respuestas
2026-04-28T07:57:06.196661,MISS,Q3:Z4:conf=0.07,8.733749389648438,generador_respuestas
2026-04-28T07:57:06.303968,HIT,Q1:Z3:conf=0.24,0.4687309265136719,cache
2026-04-28T07:57:06.413931,HIT,Q3:Z1:conf=0.23,0.8230209350585938,cache
2026-04-28T07:57:06.526856,MISS,Q1:Z1:conf=0.71,6.79469108581543,generador_respuestas
2026-04-28T07:57:06.648975,MISS,Q2:Z4:conf=0.68,13.200044631958008,generador_respuestas
2026-04-28T07:57:06.756200,HIT,Q5:Z1:conf=0.61,0.6508827209472656,cache
2026-04-28T07:57:06.879839,MISS,Q3:Z2:conf=0.02,13.592720031738281,generador_respuestas
2026-04-28T07:57:06.995993,MISS,Q3:Z1:conf=0.3,9.232759475708008,generador_respuestas
2026-04-28T07:57:07.112841,MISS,Q4:Z3:conf=0.78,10.778427124023438,generador_respuestas
2026-04-28T07:57:07.226645,MISS,Q5:Z2:conf=0.75,8.336544036865234,generador_respuestas
2026-04-28T07:57:07.342223,MISS,Q1:Z2:conf=0.73,7.8067779541015625,generador_respuestas
2026-04-28T07:57:07.457958,MISS,Q2:Z3:conf=0.78,7.767438888549805,generador_respuestas
2026-04-28T07:57:07.576076,MISS,Q4:Z4:conf=0.88,10.117292404174805,generador_respuestas
2026-04-28T07:57:07.691759,MISS,Q3:Z1:conf=0.28,9.025096893310547,generador_respuestas
2026-04-28T07:57:07.807729,MISS,Q3:Z2:conf=0.55,9.289979934692383,generador_respuestas
2026-04-28T07:57:07.920420,MISS,Q1:Z5:conf=0.05,6.936788558959961,generador_respuestas
2026-04-28T07:57:08.033669,MISS,Q2:Z4:conf=0.07,7.566928863525391,generador_respuestas
2026-04-28T07:57:08.141570,HIT,Q4:Z1:conf=0.5,0.4112720489501953,cache
2026-04-28T07:57:08.255293,MISS,Q3:Z1:conf=0.34,7.820844650268555,generador_respuestas
2026-04-28T07:57:08.370694,MISS,Q4:Z2:conf=0.49,9.346485137939453,generador_respuestas
2026-04-28T07:57:08.476696,HIT,Q2:Z4:conf=0.33,0.5462169647216797,cache
2026-04-28T07:57:08.588239,MISS,Q2:Z1:conf=0.66,6.337165832519531,generador_respuestas
2026-04-28T07:57:08.700188,MISS,Q1:Z3:conf=0.39,6.633758544921875,generador_respuestas
2026-04-28T07:57:08.811630,MISS,Q2:Z2:conf=0.72,6.174325942993164,generador_respuestas
2026-04-28T07:57:08.923364,MISS,Q1:Z2:conf=0.21,5.811929702758789,generador_respuestas
2026-04-28T07:57:09.037224,MISS,Q3:Z3:conf=0.12,7.4062347412109375,generador_respuestas
2026-04-28T07:57:09.150074,MISS,Q5:Z5:conf=0.44,7.491588592529297,generador_respuestas
2026-04-28T07:57:09.265511,MISS,Q3:Z1:conf=0.14,8.865833282470703,generador_respuestas
2026-04-28T07:57:09.372298,HIT,Q4:Z3:conf=0.1,0.34689903259277344,cache
2026-04-28T07:57:09.484696,MISS,Q2:Z3:conf=0.0,7.008552551269531,generador_respuestas
2026-04-28T07:57:09.597938,MISS,Q5:Z3:conf=0.82,7.814168930053711,generador_respuestas
2026-04-28T07:57:09.710914,MISS,Q3:Z4:conf=0.15,6.244897842407227,generador_respuestas
2026-04-28T07:57:09.817012,HIT,Q3:Z5:conf=0.07,0.44536590576171875,cache
2026-04-28T07:57:09.929450,MISS,Q1:Z5:conf=0.56,6.410360336303711,generador_respuestas
2026-04-28T07:57:10.036017,HIT,Q4:Z2:conf=0.08,0.4799365997314453,cache
2026-04-28T07:57:10.150068,MISS,Q4:Z3:conf=0.47,8.316755294799805,generador_respuestas
2026-04-28T07:57:10.265589,MISS,Q4:Z2:conf=0.52,9.9029541015625,generador_respuestas
2026-04-28T07:57:10.378946,MISS,Q5:Z5:conf=0.17,8.588075637817383,generador_respuestas
2026-04-28T07:57:10.493561,MISS,Q3:Z1:conf=0.47,8.600711822509766,generador_respuestas
2026-04-28T07:57:10.605521,MISS,Q2:Z3:conf=0.1,6.488561630249023,generador_respuestas
2026-04-28T07:57:10.718626,MISS,Q3:Z4:conf=0.43,7.599592208862305,generador_respuestas
2026-04-28T07:57:10.833531,MISS,Q4:Z1:conf=0.36,9.217977523803711,generador_respuestas
2026-04-28T07:57:10.945472,MISS,Q1:Z1:conf=0.4,6.117343902587891,generador_respuestas
2026-04-28T07:57:11.059596,MISS,Q4:Z4:conf=0.31,8.421897888183594,generador_respuestas
2026-04-28T07:57:11.174059,MISS,Q3:Z2:conf=0.8,8.614540100097656,generador_respuestas
2026-04-28T07:57:11.296384,MISS,Q4:Z2:conf=0.48,12.316703796386719,generador_respuestas
2026-04-28T07:57:11.418154,MISS,Q3:Z4:conf=0.04,12.527704238891602,generador_respuestas
2026-04-28T07:57:11.538836,MISS,Q2:Z1:conf=0.71,10.04481315612793,generador_respuestas
2026-04-28T07:57:11.662069,MISS,Q3:Z4:conf=0.46,12.789487838745117,generador_respuestas
2026-04-28T07:57:11.785695,MISS,Q3:Z4:conf=0.71,12.640953063964844,generador_respuestas
2026-04-28T07:57:11.899659,HIT,Q4:Z1:conf=0.19,0.7736682891845703,cache
2026-04-28T07:57:12.022122,MISS,Q3:Z4:conf=0.61,11.962175369262695,generador_respuestas
2026-04-28T07:57:12.144923,MISS,Q3:Z5:conf=0.67,13.15617561340332,generador_respuestas
2026-04-28T07:57:12.267521,MISS,Q4:Z1:conf=0.68,12.511014938354492,generador_respuestas
2026-04-28T07:57:12.394184,MISS,Q3:Z1:conf=0.1,15.153646469116211,generador_respuestas
2026-04-28T07:57:12.517199,MISS,Q1:Z2:conf=0.68,10.71786880493164,generador_respuestas
2026-04-28T07:57:12.629978,HIT,Q5:Z1:conf=0.52,1.130819320678711,cache
2026-04-28T07:57:12.746247,HIT,Q2:Z3:conf=0.49,1.0082721710205078,cache
2026-04-28T07:57:12.868411,MISS,Q1:Z4:conf=0.47,10.752439498901367,generador_respuestas
2026-04-28T07:57:12.992542,MISS,Q5:Z5:conf=0.85,12.125015258789062,generador_respuestas
2026-04-28T07:57:13.119222,MISS,Q2:Z4:conf=0.78,11.951923370361328,generador_respuestas
2026-04-28T07:57:13.244382,MISS,Q5:Z5:conf=0.33,14.083623886108398,generador_respuestas
2026-04-28T07:57:13.367126,MISS,Q1:Z3:conf=0.21,11.460065841674805,generador_respuestas
2026-04-28T07:57:13.488657,MISS,Q1:Z3:conf=0.81,11.310338973999023,generador_respuestas
2026-04-28T07:57:13.611314,MISS,Q2:Z5:conf=0.46,11.68513298034668,generador_respuestas
2026-04-28T07:57:13.736376,MISS,Q2:Z1:conf=0.61,13.790369033813477,generador_respuestas
2026-04-28T07:57:13.859193,MISS,Q5:Z5:conf=0.76,12.796878814697266,generador_respuestas
2026-04-28T07:57:13.982783,MISS,Q5:Z5:conf=0.38,14.22429084777832,generador_respuestas
2026-04-28T07:57:14.096113,MISS,Q2:Z2:conf=0.82,5.651712417602539,generador_respuestas
2026-04-28T07:57:14.217206,MISS,Q3:Z2:conf=0.04,13.004541397094727,generador_respuestas
2026-04-28T07:57:14.335845,MISS,Q1:Z2:conf=0.7,9.347915649414062,generador_respuestas
2026-04-28T07:57:14.460042,MISS,Q4:Z3:conf=0.55,14.743328094482422,generador_respuestas
2026-04-28T07:57:14.582803,MISS,Q4:Z1:conf=0.69,12.582540512084961,generador_respuestas
2026-04-28T07:57:14.705475,MISS,Q5:Z1:conf=0.07,14.275312423706055,generador_respuestas
2026-04-28T07:57:14.828441,MISS,Q1:Z2:conf=0.71,9.902715682983398,generador_respuestas
2026-04-28T07:57:14.942577,HIT,Q2:Z3:conf=0.78,0.9734630584716797,cache
2026-04-28T07:57:15.065511,MISS,Q2:Z2:conf=0.56,10.733842849731445,generador_respuestas
2026-04-28T07:57:15.177505,HIT,Q2:Z1:conf=0.34,0.9882450103759766,cache
2026-04-28T07:57:15.300224,MISS,Q2:Z3:conf=0.39,12.007713317871094,generador_respuestas
2026-04-28T07:57:15.425223,MISS,Q4:Z3:conf=0.03,14.807939529418945,generador_respuestas
2026-04-28T07:57:15.537699,HIT,Q4:Z3:conf=0.01,0.8280277252197266,cache
2026-04-28T07:57:15.660724,MISS,Q5:Z3:conf=0.88,13.150215148925781,generador_respuestas
2026-04-28T07:57:15.774947,HIT,Q1:Z1:conf=0.71,0.9171962738037109,cache
2026-04-28T07:57:15.897310,MISS,Q3:Z5:conf=0.76,12.085914611816406,generador_respuestas
2026-04-28T07:57:16.021674,MISS,Q4:Z4:conf=0.4,14.342546463012695,generador_respuestas
2026-04-28T07:57:16.141333,MISS,Q1:Z5:conf=0.04,9.761333465576172,generador_respuestas
2026-04-28T07:57:16.261840,MISS,Q4:Z2:conf=0.5,10.590791702270508,generador_respuestas
2026-04-28T07:57:16.381091,MISS,Q1:Z4:conf=0.65,10.099172592163086,generador_respuestas
2026-04-28T07:57:16.507515,MISS,Q5:Z1:conf=0.02,14.19687271118164,generador_respuestas
2026-04-28T07:57:16.635079,MISS,Q4:Z1:conf=0.07,14.765262603759766,generador_respuestas
2026-04-28T07:57:16.763051,MISS,Q5:Z3:conf=0.26,17.557859420776367,generador_respuestas
2026-04-28T07:57:16.889021,MISS,Q2:Z2:conf=0.19,11.620044708251953,generador_respuestas
2026-04-28T07:57:17.012679,MISS,Q2:Z3:conf=0.22,12.18724250793457,generador_respuestas
2026-04-28T07:57:17.133121,MISS,Q1:Z5:conf=0.54,9.671688079833984,generador_respuestas
2026-04-28T07:57:17.257911,MISS,Q4:Z5:conf=0.78,15.080690383911133,generador_respuestas
2026-04-28T07:57:17.382954,MISS,Q4:Z1:conf=0.79,14.46986198425293,generador_respuestas
2026-04-28T07:57:17.506795,MISS,Q3:Z1:conf=0.4,12.79759407043457,generador_respuestas
2026-04-28T07:57:17.618879,HIT,Q1:Z2:conf=0.71,0.8156299591064453,cache
2026-04-28T07:57:17.749813,MISS,Q5:Z3:conf=0.31,19.49024200439453,generador_respuestas
2026-04-28T07:57:17.864456,HIT,Q5:Z1:conf=0.84,1.1713504791259766,cache
2026-04-28T07:57:17.987686,MISS,Q2:Z2:conf=0.84,11.102437973022461,generador_respuestas
2026-04-28T07:57:18.101720,HIT,Q5:Z5:conf=0.17,1.1262893676757812,cache
2026-04-28T07:57:18.216413,HIT,Q5:Z1:conf=0.1,1.0640621185302734,cache
2026-04-28T07:57:18.345155,MISS,Q4:Z3:conf=0.14,15.184879302978516,generador_respuestas
2026-04-28T07:57:18.453220,HIT,Q3:Z5:conf=0.38,0.4324913024902344,cache
2026-04-28T07:57:18.573789,MISS,Q1:Z1:conf=0.29,10.548591613769531,generador_respuestas
2026-04-28T07:57:18.694037,MISS,Q1:Z4:conf=0.62,9.784698486328125,generador_respuestas
2026-04-28T07:57:18.813710,MISS,Q1:Z3:conf=0.58,9.251832962036133,generador_respuestas
2026-04-28T07:57:18.936376,MISS,Q2:Z2:conf=0.23,11.417627334594727,generador_respuestas
2026-04-28T07:57:19.060111,MISS,Q5:Z1:conf=0.17,14.505624771118164,generador_respuestas
2026-04-28T07:57:19.174306,HIT,Q3:Z1:conf=0.47,1.1091232299804688,cache
2026-04-28T07:57:19.285508,HIT,Q1:Z2:conf=0.4,0.6783008575439453,cache
2026-04-28T07:57:19.396198,HIT,Q1:Z3:conf=0.22,0.8387565612792969,cache
2026-04-28T07:57:19.518173,MISS,Q2:Z3:conf=0.38,11.904478073120117,generador_respuestas
2026-04-28T07:57:19.632547,MISS,Q3:Z3:conf=0.83,6.525754928588867,generador_respuestas
2026-04-28T07:57:19.757195,MISS,Q5:Z4:conf=0.08,14.947652816772461,generador_respuestas
2026-04-28T07:57:19.870264,HIT,Q1:Z3:conf=0.23,0.7987022399902344,cache
2026-04-28T07:57:19.992962,MISS,Q4:Z4:conf=0.11,13.105154037475586,generador_respuestas
2026-04-28T07:57:20.116475,MISS,Q2:Z3:conf=0.11,13.446569442749023,generador_respuestas
2026-04-28T07:57:20.243553,MISS,Q5:Z2:conf=0.79,16.091108322143555,generador_respuestas
2026-04-28T07:57:20.365055,MISS,Q2:Z5:conf=0.18,9.989500045776367,generador_respuestas
2026-04-28T07:57:20.486594,MISS,Q1:Z1:conf=0.35,9.549140930175781,generador_respuestas
2026-04-28T07:57:20.608140,MISS,Q1:Z2:conf=0.04,11.277914047241211,generador_respuestas
2026-04-28T07:57:20.731766,MISS,Q2:Z1:conf=0.2,12.682199478149414,generador_respuestas
2026-04-28T07:57:20.854008,MISS,Q2:Z1:conf=0.11,11.343955993652344,generador_respuestas
2026-04-28T07:57:20.978167,MISS,Q3:Z3:conf=0.59,13.878345489501953,generador_respuestas
2026-04-28T07:57:21.100163,MISS,Q3:Z3:conf=0.49,13.117551803588867,generador_respuestas
2026-04-28T07:57:21.225314,MISS,Q2:Z5:conf=0.01,11.570215225219727,generador_respuestas
2026-04-28T07:57:21.352273,MISS,Q5:Z2:conf=0.77,14.295101165771484,generador_respuestas
2026-04-28T07:57:21.477940,MISS,Q3:Z5:conf=0.87,13.351917266845703,generador_respuestas
2026-04-28T07:57:21.597359,MISS,Q1:Z5:conf=0.86,9.089231491088867,generador_respuestas
2026-04-28T07:57:21.724513,MISS,Q3:Z4:conf=0.78,15.888690948486328,generador_respuestas
2026-04-28T07:57:21.850971,MISS,Q4:Z4:conf=0.45,15.272140502929688,generador_respuestas
2026-04-28T07:57:21.973346,MISS,Q4:Z1:conf=0.82,12.217521667480469,generador_respuestas
2026-04-28T07:57:22.096346,MISS,Q2:Z3:conf=0.08,11.260509490966797,generador_respuestas
2026-04-28T07:57:22.219631,MISS,Q3:Z2:conf=0.03,12.113332748413086,generador_respuestas
2026-04-28T07:57:22.344309,MISS,Q4:Z2:conf=0.57,14.584541320800781,generador_respuestas
2026-04-28T07:57:22.460034,MISS,Q4:Z4:conf=0.57,7.523775100708008,generador_respuestas
2026-04-28T07:57:22.581770,MISS,Q3:Z4:conf=0.72,12.458324432373047,generador_respuestas
2026-04-28T07:57:22.705093,MISS,Q5:Z2:conf=0.03,15.049934387207031,generador_respuestas
2026-04-28T07:57:22.829466,MISS,Q3:Z4:conf=0.21,13.008356094360352,generador_respuestas
2026-04-28T07:57:22.947850,MISS,Q4:Z1:conf=0.16,11.855363845825195,generador_respuestas
2026-04-28T07:57:23.067352,MISS,Q2:Z2:conf=0.85,11.643409729003906,generador_respuestas
2026-04-28T07:57:23.189996,MISS,Q4:Z5:conf=0.34,13.898372650146484,generador_respuestas
2026-04-28T07:57:23.312786,MISS,Q1:Z2:conf=0.26,12.240886688232422,generador_respuestas
2026-04-28T07:57:23.435908,MISS,Q4:Z5:conf=0.02,13.178825378417969,generador_respuestas
2026-04-28T07:57:23.559918,MISS,Q5:Z4:conf=0.63,15.263080596923828,generador_respuestas
2026-04-28T07:57:23.672133,HIT,Q1:Z5:conf=0.39,0.6823539733886719,cache
2026-04-28T07:57:23.797959,MISS,Q5:Z2:conf=0.11,17.059326171875,generador_respuestas
2026-04-28T07:57:23.923017,MISS,Q5:Z2:conf=0.72,13.545036315917969,generador_respuestas
2026-04-28T07:57:24.046202,MISS,Q3:Z4:conf=0.89,11.558771133422852,generador_respuestas
2026-04-28T07:57:24.169463,MISS,Q2:Z5:conf=0.28,11.492252349853516,generador_respuestas
2026-04-28T07:57:24.291076,MISS,Q2:Z4:conf=0.0,11.125564575195312,generador_respuestas
2026-04-28T07:57:24.416450,MISS,Q4:Z1:conf=0.66,14.972686767578125,generador_respuestas
2026-04-28T07:57:24.527898,HIT,Q5:Z1:conf=0.85,1.1577606201171875,cache
2026-04-28T07:57:24.652552,MISS,Q1:Z4:conf=0.78,10.698080062866211,generador_respuestas
2026-04-28T07:57:24.778323,MISS,Q5:Z1:conf=0.75,14.389991760253906,generador_respuestas
2026-04-28T07:57:24.892996,HIT,Q5:Z1:conf=0.48,1.0685920715332031,cache
2026-04-28T07:57:25.020696,MISS,Q5:Z2:conf=0.64,15.278100967407227,generador_respuestas
2026-04-28T07:57:25.148523,MISS,Q3:Z2:conf=0.66,13.800621032714844,generador_respuestas
2026-04-28T07:57:25.275768,MISS,Q4:Z3:conf=0.11,16.210317611694336,generador_respuestas
2026-04-28T07:57:25.387747,HIT,Q3:Z3:conf=0.24,0.92315673828125,cache
2026-04-28T07:57:25.499857,HIT,Q2:Z2:conf=0.08,0.8189678192138672,cache
2026-04-28T07:57:25.624450,MISS,Q2:Z1:conf=0.08,11.817693710327148,generador_respuestas
2026-04-28T07:57:25.754802,MISS,Q5:Z3:conf=0.44,19.678354263305664,generador_respuestas
2026-04-28T07:57:25.879336,MISS,Q3:Z1:conf=0.07,14.865875244140625,generador_respuestas
2026-04-28T07:57:25.991874,HIT,Q3:Z1:conf=0.46,1.2362003326416016,cache
2026-04-28T07:57:26.114834,MISS,Q3:Z4:conf=0.16,13.223409652709961,generador_respuestas
2026-04-28T07:57:26.226969,HIT,Q1:Z2:conf=0.85,0.7486343383789062,cache
2026-04-28T07:57:26.347156,MISS,Q2:Z1:conf=0.07,11.133432388305664,generador_respuestas
2026-04-28T07:57:26.464275,MISS,Q5:Z3:conf=0.65,11.11292839050293,generador_respuestas
2026-04-28T07:57:26.587047,MISS,Q1:Z2:conf=0.56,12.38870620727539,generador_respuestas
2026-04-28T07:57:26.706411,MISS,Q1:Z2:conf=0.42,9.85860824584961,generador_respuestas
2026-04-28T07:57:26.827755,MISS,Q1:Z1:conf=0.47,11.24429702758789,generador_respuestas
2026-04-28T07:57:26.952104,MISS,Q3:Z2:conf=0.26,12.56418228149414,generador_respuestas
2026-04-28T07:57:27.075135,MISS,Q3:Z2:conf=0.89,12.060165405273438,generador_respuestas
2026-04-28T07:57:27.200139,MISS,Q4:Z1:conf=0.7,13.770580291748047,generador_respuestas
2026-04-28T07:57:27.312703,HIT,Q3:Z2:conf=0.68,0.9188652038574219,cache
2026-04-28T07:57:27.438584,MISS,Q5:Z3:conf=0.24,16.472339630126953,generador_respuestas
2026-04-28T07:57:27.559769,MISS,Q1:Z1:conf=0.55,9.582281112670898,generador_respuestas
2026-04-28T07:57:27.671053,HIT,Q4:Z2:conf=0.59,0.6613731384277344,cache
2026-04-28T07:57:27.792445,MISS,Q2:Z3:conf=0.77,11.446237564086914,generador_respuestas
2026-04-28T07:57:27.912043,MISS,Q1:Z3:conf=0.82,9.19795036315918,generador_respuestas
2026-04-28T07:57:28.031910,MISS,Q1:Z1:conf=0.14,10.081052780151367,generador_respuestas
2026-04-28T07:57:28.143489,HIT,Q3:Z1:conf=0.46,0.8864402770996094,cache
2026-04-28T07:57:28.270520,MISS,Q5:Z4:conf=0.69,15.650033950805664,generador_respuestas
2026-04-28T07:57:28.396041,MISS,Q2:Z3:conf=0.47,11.623620986938477,generador_respuestas
2026-04-28T07:57:28.520973,MISS,Q3:Z4:conf=0.35,12.590169906616211,generador_respuestas
2026-04-28T07:57:28.631938,HIT,Q1:Z1:conf=0.06,0.7262229919433594,cache
2026-04-28T07:57:28.756552,MISS,Q4:Z1:conf=0.45,14.586448669433594,generador_respuestas
2026-04-28T07:57:28.879215,MISS,Q4:Z2:conf=0.31,12.883901596069336,generador_respuestas
2026-04-28T07:57:28.999376,MISS,Q1:Z1:conf=0.51,9.787797927856445,generador_respuestas
2026-04-28T07:57:29.120239,MISS,Q1:Z1:conf=0.81,9.293079376220703,generador_respuestas
2026-04-28T07:57:29.242342,MISS,Q3:Z4:conf=0.8,12.008428573608398,generador_respuestas
2026-04-28T07:57:29.365171,MISS,Q4:Z1:conf=0.56,14.52016830444336,generador_respuestas
2026-04-28T07:57:29.488970,MISS,Q3:Z3:conf=0.73,13.747692108154297,generador_respuestas
2026-04-28T07:57:29.613719,MISS,Q2:Z4:conf=0.54,11.037349700927734,generador_respuestas
2026-04-28T07:57:29.741889,MISS,Q5:Z1:conf=0.6,16.96300506591797,generador_respuestas
2026-04-28T07:57:29.858696,HIT,Q5:Z1:conf=0.78,1.2662410736083984,cache
2026-04-28T07:57:29.986181,MISS,Q2:Z5:conf=0.76,13.07988166809082,generador_respuestas
2026-04-28T07:57:30.112182,MISS,Q3:Z4:conf=0.29,14.224529266357422,generador_respuestas
2026-04-28T07:57:30.235510,MISS,Q3:Z2:conf=0.83,12.796163558959961,generador_respuestas
2026-04-28T07:57:30.343305,HIT,Q3:Z4:conf=0.25,0.41937828063964844,cache
2026-04-28T07:57:30.466089,MISS,Q2:Z3:conf=0.48,13.744115829467773,generador_respuestas
2026-04-28T07:57:30.579215,HIT,Q4:Z4:conf=0.44,0.8356571197509766,cache
2026-04-28T07:57:30.703078,MISS,Q4:Z4:conf=0.27,14.407157897949219,generador_respuestas
2026-04-28T07:57:30.815115,HIT,Q2:Z4:conf=0.78,0.9903907775878906,cache
2026-04-28T07:57:30.928530,HIT,Q5:Z5:conf=0.85,1.0600090026855469,cache
2026-04-28T07:57:31.057597,MISS,Q4:Z4:conf=0.6,14.768362045288086,generador_respuestas
2026-04-28T07:57:31.170549,HIT,Q3:Z1:conf=0.14,0.9446144104003906,cache
2026-04-28T07:57:31.296580,MISS,Q5:Z5:conf=0.86,15.434980392456055,generador_respuestas
2026-04-28T07:57:31.420887,MISS,Q1:Z5:conf=0.9,9.863853454589844,generador_respuestas
2026-04-28T07:57:31.545156,MISS,Q4:Z1:conf=0.84,14.825105667114258,generador_respuestas
2026-04-28T07:57:31.668958,MISS,Q5:Z2:conf=0.45,16.063690185546875,generador_respuestas
2026-04-28T07:57:31.784316,HIT,Q4:Z1:conf=0.73,0.7371902465820312,cache
2026-04-28T07:57:31.907868,MISS,Q5:Z1:conf=0.86,14.741659164428711,generador_respuestas
2026-04-28T07:57:32.029912,MISS,Q2:Z2:conf=0.34,10.280609130859375,generador_respuestas
2026-04-28T07:57:32.153207,MISS,Q4:Z1:conf=0.8,14.282941818237305,generador_respuestas
2026-04-28T07:57:32.279885,MISS,Q5:Z2:conf=0.21,17.14301109313965,generador_respuestas
2026-04-28T07:57:32.406359,MISS,Q3:Z5:conf=0.79,12.927770614624023,generador_respuestas
2026-04-28T07:57:32.533739,MISS,Q3:Z3:conf=0.39,15.179634094238281,generador_respuestas
2026-04-28T07:57:32.658223,MISS,Q3:Z1:conf=0.75,12.265682220458984,generador_respuestas
2026-04-28T07:57:32.768135,HIT,Q3:Z2:conf=0.79,0.8349418640136719,cache
2026-04-28T07:57:32.893194,MISS,Q4:Z1:conf=0.47,13.518810272216797,generador_respuestas
2026-04-28T07:57:33.003227,HIT,Q3:Z1:conf=0.85,0.8172988891601562,cache
2026-04-28T07:57:33.127465,MISS,Q5:Z2:conf=0.66,12.617826461791992,generador_respuestas
2026-04-28T07:57:33.252048,MISS,Q3:Z5:conf=0.45,12.732505798339844,generador_respuestas
2026-04-28T07:57:33.363671,HIT,Q1:Z4:conf=0.61,0.7686614990234375,cache
2026-04-28T07:57:33.488956,MISS,Q5:Z4:conf=0.65,15.198945999145508,generador_respuestas
2026-04-28T07:57:33.602191,HIT,Q4:Z2:conf=0.48,0.9694099426269531,cache
2026-04-28T07:57:33.722819,MISS,Q1:Z5:conf=0.32,9.536027908325195,generador_respuestas
2026-04-28T07:57:33.835161,HIT,Q1:Z1:conf=0.6,0.7700920104980469,cache
2026-04-28T07:57:33.960982,MISS,Q5:Z1:conf=0.27,15.29550552368164,generador_respuestas
2026-04-28T07:57:34.089537,MISS,Q5:Z3:conf=0.58,17.54593849182129,generador_respuestas
2026-04-28T07:57:34.213686,MISS,Q2:Z1:conf=0.52,12.332439422607422,generador_respuestas
2026-04-28T07:57:34.327439,MISS,Q2:Z1:conf=0.9,6.099224090576172,generador_respuestas
2026-04-28T07:57:34.450369,MISS,Q1:Z1:conf=0.16,11.316061019897461,generador_respuestas
2026-04-28T07:57:34.575422,MISS,Q3:Z5:conf=0.15,12.921571731567383,generador_respuestas
2026-04-28T07:57:34.698052,MISS,Q2:Z3:conf=0.26,13.55123519897461,generador_respuestas
2026-04-28T07:57:34.809900,HIT,Q4:Z3:conf=0.78,0.8268356323242188,cache
2026-04-28T07:57:34.937164,MISS,Q5:Z1:conf=0.25,15.670299530029297,generador_respuestas
2026-04-28T07:57:35.065130,MISS,Q4:Z3:conf=0.62,14.766693115234375,generador_respuestas
2026-04-28T07:57:35.188189,MISS,Q5:Z1:conf=0.72,13.458251953125,generador_respuestas
2026-04-28T07:57:35.310782,MISS,Q2:Z2:conf=0.65,11.4898681640625,generador_respuestas
2026-04-28T07:57:35.434950,MISS,Q3:Z1:conf=0.09,13.538360595703125,generador_respuestas
2026-04-28T07:57:35.560998,MISS,Q5:Z5:conf=0.55,16.421079635620117,generador_respuestas
2026-04-28T07:57:35.689392,MISS,Q5:Z1:conf=0.28,15.091896057128906,generador_respuestas
2026-04-28T07:57:35.814977,MISS,Q3:Z1:conf=0.63,14.190196990966797,generador_respuestas
2026-04-28T07:57:35.939076,MISS,Q3:Z4:conf=0.17,13.834953308105469,generador_respuestas
2026-04-28T07:57:36.060107,MISS,Q2:Z1:conf=0.36,10.655879974365234,generador_respuestas
2026-04-28T07:57:36.180198,MISS,Q1:Z1:conf=0.77,9.425640106201172,generador_respuestas
2026-04-28T07:57:36.305097,MISS,Q5:Z5:conf=0.01,14.354467391967773,generador_respuestas
2026-04-28T07:57:36.434973,MISS,Q5:Z3:conf=0.79,18.01919937133789,generador_respuestas
2026-04-28T07:57:36.559454,MISS,Q2:Z1:conf=0.12,11.976957321166992,generador_respuestas
2026-04-28T07:57:36.673285,HIT,Q5:Z2:conf=0.11,1.1432170867919922,cache
2026-04-28T07:57:36.797987,MISS,Q2:Z2:conf=0.47,11.97671890258789,generador_respuestas
2026-04-28T07:57:36.920971,MISS,Q2:Z1:conf=0.25,10.750055313110352,generador_respuestas
2026-04-28T07:57:37.048514,MISS,Q5:Z2:conf=0.81,15.002012252807617,generador_respuestas
2026-04-28T07:57:37.175447,MISS,Q5:Z1:conf=0.64,13.781070709228516,generador_respuestas
2026-04-28T07:57:37.297696,MISS,Q1:Z3:conf=0.89,11.135339736938477,generador_respuestas
2026-04-28T07:57:37.421631,MISS,Q3:Z2:conf=0.09,14.088869094848633,generador_respuestas
2026-04-28T07:57:37.532965,HIT,Q4:Z2:conf=0.21,0.7989406585693359,cache
2026-04-28T07:57:37.645879,HIT,Q1:Z2:conf=0.84,0.8137226104736328,cache
2026-04-28T07:57:37.759758,HIT,Q4:Z5:conf=0.65,0.7436275482177734,cache
2026-04-28T07:57:37.881775,MISS,Q1:Z3:conf=0.01,10.850667953491211,generador_respuestas
2026-04-28T07:57:37.994361,MISS,Q2:Z3:conf=0.76,5.709409713745117,generador_respuestas
2026-04-28T07:57:38.105276,HIT,Q1:Z5:conf=0.05,0.7615089416503906,cache
2026-04-28T07:57:38.226350,MISS,Q2:Z2:conf=0.04,10.293006896972656,generador_respuestas
2026-04-28T07:57:38.341081,HIT,Q2:Z3:conf=0.16,0.9777545928955078,cache
2026-04-28T07:57:38.462848,MISS,Q2:Z1:conf=0.15,11.479377746582031,generador_respuestas
2026-04-28T07:57:38.575067,HIT,Q4:Z5:conf=0.65,0.7920265197753906,cache
2026-04-28T07:57:38.695591,MISS,Q2:Z2:conf=0.69,11.245250701904297,generador_respuestas
2026-04-28T07:57:38.819175,MISS,Q2:Z5:conf=0.81,11.576652526855469,generador_respuestas
2026-04-28T07:57:38.940174,MISS,Q1:Z1:conf=0.48,10.622024536132812,generador_respuestas
2026-04-28T07:57:39.060265,MISS,Q1:Z2:conf=0.62,9.516716003417969,generador_respuestas
2026-04-28T07:57:39.182210,MISS,Q3:Z3:conf=0.04,11.998891830444336,generador_respuestas
2026-04-28T07:57:39.305155,MISS,Q5:Z1:conf=0.51,13.575077056884766,generador_respuestas
2026-04-28T07:57:39.418785,HIT,Q5:Z3:conf=0.26,1.0848045349121094,cache
2026-04-28T07:57:39.542826,MISS,Q1:Z5:conf=0.2,10.457515716552734,generador_respuestas
2026-04-28T07:57:39.663192,MISS,Q2:Z5:conf=0.45,9.900331497192383,generador_respuestas
2026-04-28T07:57:39.774486,HIT,Q5:Z2:conf=0.67,1.0445117950439453,cache
2026-04-28T07:57:39.887696,HIT,Q3:Z1:conf=0.66,1.07574462890625,cache
2026-04-28T07:57:40.012689,MISS,Q4:Z1:conf=0.31,15.390634536743164,generador_respuestas
2026-04-28T07:57:40.137183,MISS,Q3:Z1:conf=0.03,14.746427536010742,generador_respuestas
2026-04-28T07:57:40.248690,HIT,Q3:Z5:conf=0.67,0.8761882781982422,cache
2026-04-28T07:57:40.369464,MISS,Q3:Z3:conf=0.06,11.338472366333008,generador_respuestas
2026-04-28T07:57:40.494277,MISS,Q3:Z1:conf=0.16,14.63770866394043,generador_respuestas
2026-04-28T07:57:40.617739,MISS,Q3:Z1:conf=0.64,13.107538223266602,generador_respuestas
2026-04-28T07:57:40.743437,MISS,Q5:Z2:conf=0.68,15.653133392333984,generador_respuestas
2026-04-28T07:57:40.855915,HIT,Q1:Z1:conf=0.64,0.7612705230712891,cache
2026-04-28T07:57:40.967331,HIT,Q5:Z5:conf=0.38,1.0747909545898438,cache
2026-04-28T07:57:41.081594,HIT,Q5:Z5:conf=0.67,0.8885860443115234,cache
2026-04-28T07:57:41.196907,HIT,Q5:Z5:conf=0.17,1.2004375457763672,cache
2026-04-28T07:57:41.310579,HIT,Q3:Z1:conf=0.45,0.9164810180664062,cache
2026-04-28T07:57:41.422311,HIT,Q2:Z5:conf=0.45,1.0929107666015625,cache
2026-04-28T07:57:41.545401,MISS,Q3:Z1:conf=0.82,12.43901252746582,generador_respuestas
2026-04-28T07:57:41.653414,HIT,Q5:Z2:conf=0.86,0.7140636444091797,cache
2026-04-28T07:57:41.780813,MISS,Q5:Z4:conf=0.47,16.003847122192383,generador_respuestas
2026-04-28T07:57:41.905795,MISS,Q3:Z2:conf=0.56,13.308525085449219,generador_respuestas
2026-04-28T07:57:42.018058,HIT,Q3:Z4:conf=0.15,0.8745193481445312,cache
2026-04-28T07:57:42.142196,MISS,Q3:Z2:conf=0.32,14.011144638061523,generador_respuestas
2026-04-28T07:57:42.265999,MISS,Q3:Z5:conf=0.82,13.465642929077148,generador_respuestas
2026-04-28T07:57:42.377434,HIT,Q1:Z5:conf=0.71,0.6701946258544922,cache
2026-04-28T07:57:42.490176,HIT,Q1:Z1:conf=0.35,0.957489013671875,cache
2026-04-28T07:57:42.611470,MISS,Q1:Z5:conf=0.87,10.900735855102539,generador_respuestas
2026-04-28T07:57:42.725348,HIT,Q3:Z4:conf=0.16,0.8966922760009766,cache
2026-04-28T07:57:42.838217,HIT,Q1:Z2:conf=0.18,0.8106231689453125,cache
2026-04-28T07:57:42.949661,HIT,Q3:Z5:conf=0.67,0.8642673492431641,cache
2026-04-28T07:57:43.068928,MISS,Q5:Z1:conf=0.2,10.81991195678711,generador_respuestas
2026-04-28T07:57:43.199669,MISS,Q5:Z1:conf=0.0,14.312744140625,generador_respuestas
2026-04-28T07:57:43.316015,HIT,Q4:Z5:conf=0.27,1.0266304016113281,cache
2026-04-28T07:57:43.442169,MISS,Q5:Z1:conf=0.23,15.169858932495117,generador_respuestas
2026-04-28T07:57:43.557211,HIT,Q2:Z3:conf=0.65,0.9026527404785156,cache
2026-04-28T07:57:43.681033,MISS,Q2:Z2:conf=0.59,11.165142059326172,generador_respuestas
2026-04-28T07:57:43.792418,HIT,Q1:Z2:conf=0.32,0.698089599609375,cache
2026-04-28T07:57:43.913972,MISS,Q2:Z4:conf=0.42,10.29825210571289,generador_respuestas
2026-04-28T07:57:44.036529,MISS,Q2:Z1:conf=0.84,10.98942756652832,generador_respuestas
2026-04-28T07:57:44.150834,HIT,Q4:Z1:conf=0.85,0.8413791656494141,cache
2026-04-28T07:57:44.270123,MISS,Q1:Z1:conf=0.3,9.649276733398438,generador_respuestas
2026-04-28T07:57:44.392729,MISS,Q3:Z2:conf=0.15,11.823654174804688,generador_respuestas
2026-04-28T07:57:44.515741,MISS,Q2:Z3:conf=0.36,12.053966522216797,generador_respuestas
2026-04-28T07:57:44.641971,MISS,Q4:Z2:conf=0.55,14.410257339477539,generador_respuestas
2026-04-28T07:57:44.754846,HIT,Q5:Z1:conf=0.78,1.0340213775634766,cache
2026-04-28T07:57:44.885123,MISS,Q5:Z5:conf=0.1,16.25227928161621,generador_respuestas
2026-04-28T07:57:45.010267,MISS,Q1:Z2:conf=0.43,11.455535888671875,generador_respuestas
2026-04-28T07:57:45.133476,MISS,Q1:Z4:conf=0.24,12.088775634765625,generador_respuestas
2026-04-28T07:57:45.247269,HIT,Q5:Z2:conf=0.79,1.25885009765625,cache
2026-04-28T07:57:45.367584,MISS,Q1:Z4:conf=0.05,8.758544921875,generador_respuestas
2026-04-28T07:57:45.479019,MISS,Q2:Z4:conf=0.44,5.41234016418457,generador_respuestas
2026-04-28T07:57:45.588799,HIT,Q2:Z2:conf=0.34,1.035451889038086,cache
2026-04-28T07:57:45.710106,MISS,Q1:Z5:conf=0.75,10.637998580932617,generador_respuestas
2026-04-28T07:57:45.829340,MISS,Q1:Z4:conf=0.84,9.39178466796875,generador_respuestas
2026-04-28T07:57:45.940053,HIT,Q1:Z1:conf=0.63,0.7023811340332031,cache
2026-04-28T07:57:46.062353,MISS,Q1:Z5:conf=0.19,12.152671813964844,generador_respuestas
2026-04-28T07:57:46.188836,MISS,Q5:Z5:conf=0.46,15.791893005371094,generador_respuestas
2026-04-28T07:57:46.305257,HIT,Q1:Z1:conf=0.54,0.8215904235839844,cache
2026-04-28T07:57:46.417105,HIT,Q5:Z3:conf=0.88,1.1515617370605469,cache
2026-04-28T07:57:46.540476,MISS,Q1:Z3:conf=0.08,10.837793350219727,generador_respuestas
2026-04-28T07:57:46.667144,MISS,Q5:Z3:conf=0.69,17.125844955444336,generador_respuestas
2026-04-28T07:57:46.779942,HIT,Q3:Z2:conf=0.51,0.8420944213867188,cache
2026-04-28T07:57:46.900598,MISS,Q1:Z1:conf=0.78,10.265111923217773,generador_respuestas
2026-04-28T07:57:47.026058,MISS,Q3:Z5:conf=0.5,14.761686325073242,generador_respuestas
2026-04-28T07:57:47.151823,MISS,Q3:Z3:conf=0.52,14.07623291015625,generador_respuestas
2026-04-28T07:57:47.273623,MISS,Q2:Z2:conf=0.88,11.040210723876953,generador_respuestas
2026-04-28T07:57:47.397728,MISS,Q2:Z4:conf=0.08,11.976242065429688,generador_respuestas
2026-04-28T07:57:47.518908,MISS,Q1:Z1:conf=0.22,10.269403457641602,generador_respuestas
2026-04-28T07:57:47.642228,MISS,Q4:Z4:conf=0.3,13.86713981628418,generador_respuestas
2026-04-28T07:57:47.755839,HIT,Q3:Z1:conf=0.74,0.9613037109375,cache
2026-04-28T07:57:47.879332,MISS,Q2:Z2:conf=0.7,10.949850082397461,generador_respuestas
2026-04-28T07:57:47.992324,HIT,Q1:Z5:conf=0.66,0.8378028869628906,cache
2026-04-28T07:57:48.113754,MISS,Q2:Z1:conf=0.67,10.976076126098633,generador_respuestas
2026-04-28T07:57:48.226156,HIT,Q1:Z1:conf=0.14,0.8432865142822266,cache
2026-04-28T07:57:48.348240,MISS,Q4:Z1:conf=0.89,11.147499084472656,generador_respuestas
2026-04-28T07:57:48.470459,MISS,Q3:Z1:conf=0.41,12.42208480834961,generador_respuestas
2026-04-28T07:57:48.591103,MISS,Q3:Z3:conf=0.33,10.332822799682617,generador_respuestas
2026-04-28T07:57:48.714183,MISS,Q4:Z2:conf=0.22,13.584136962890625,generador_respuestas
2026-04-28T07:57:48.827206,HIT,Q5:Z1:conf=0.17,1.3608932495117188,cache
2026-04-28T07:57:48.942509,MISS,Q1:Z4:conf=0.14,5.504846572875977,generador_respuestas
2026-04-28T07:57:49.062132,MISS,Q2:Z5:conf=0.86,10.535717010498047,generador_respuestas
2026-04-28T07:57:49.174686,HIT,Q1:Z1:conf=0.53,0.7839202880859375,cache
2026-04-28T07:57:49.286783,HIT,Q5:Z5:conf=0.61,1.0483264923095703,cache
2026-04-28T07:57:49.411322,MISS,Q1:Z2:conf=0.23,10.899782180786133,generador_respuestas
2026-04-28T07:57:49.523506,HIT,Q1:Z4:conf=0.74,0.7944107055664062,cache
2026-04-28T07:57:49.648724,MISS,Q3:Z3:conf=0.41,14.546394348144531,generador_respuestas
2026-04-28T07:57:49.768974,MISS,Q2:Z3:conf=0.73,10.008096694946289,generador_respuestas
2026-04-28T07:57:49.891989,MISS,Q3:Z2:conf=0.14,13.002395629882812,generador_respuestas
2026-04-28T07:57:50.015822,MISS,Q4:Z5:conf=0.82,14.82248306274414,generador_respuestas
2026-04-28T07:57:50.137707,MISS,Q2:Z4:conf=0.03,11.702299118041992,generador_respuestas
2026-04-28T07:57:50.250903,HIT,Q5:Z1:conf=0.37,1.1093616485595703,cache
2026-04-28T07:57:50.377851,MISS,Q5:Z2:conf=0.07,14.733076095581055,generador_respuestas
2026-04-28T07:57:50.492334,HIT,Q2:Z4:conf=0.33,0.8380413055419922,cache
2026-04-28T07:57:50.616726,MISS,Q2:Z3:conf=0.19,12.337207794189453,generador_respuestas
2026-04-28T07:57:50.729125,HIT,Q4:Z1:conf=0.89,0.7970333099365234,cache
2026-04-28T07:57:50.852862,MISS,Q2:Z4:conf=0.3,11.560201644897461,generador_respuestas
2026-04-28T07:57:50.977074,MISS,Q4:Z4:conf=0.05,13.074874877929688,generador_respuestas
2026-04-28T07:57:51.086880,HIT,Q1:Z3:conf=0.02,0.8051395416259766,cache
2026-04-28T07:57:51.213315,MISS,Q3:Z5:conf=0.39,14.280557632446289,generador_respuestas
2026-04-28T07:57:51.337513,MISS,Q3:Z4:conf=0.45,13.781547546386719,generador_respuestas
2026-04-28T07:57:51.460366,MISS,Q2:Z2:conf=0.14,12.545108795166016,generador_respuestas
2026-04-28T07:57:51.582906,MISS,Q1:Z5:conf=0.8,11.622428894042969,generador_respuestas
2026-04-28T07:57:51.706219,MISS,Q3:Z2:conf=0.19,12.642145156860352,generador_respuestas
2026-04-28T07:57:51.826028,MISS,Q2:Z3:conf=0.83,10.12730598449707,generador_respuestas
2026-04-28T07:57:51.947863,MISS,Q2:Z3:conf=0.33,11.915206909179688,generador_respuestas
2026-04-28T07:57:52.072934,MISS,Q5:Z1:conf=0.58,13.889074325561523,generador_respuestas
2026-04-28T07:57:52.199055,MISS,Q4:Z5:conf=0.67,13.207674026489258,generador_respuestas
2026-04-28T07:57:52.311391,HIT,Q5:Z1:conf=0.21,1.3053417205810547,cache
2026-04-28T07:57:52.428808,MISS,Q4:Z1:conf=0.77,7.68733024597168,generador_respuestas
2026-04-28T07:57:52.547621,MISS,Q1:Z4:conf=0.69,10.540485382080078,generador_respuestas
2026-04-28T07:57:52.673438,MISS,Q4:Z4:conf=0.23,15.434980392456055,generador_respuestas
2026-04-28T07:57:52.792857,MISS,Q1:Z4:conf=0.87,8.801698684692383,generador_respuestas
2026-04-28T07:57:52.917198,MISS,Q5:Z1:conf=0.79,14.073610305786133,generador_respuestas
2026-04-28T07:57:53.032203,HIT,Q5:Z1:conf=0.52,1.1272430419921875,cache
2026-04-28T07:57:53.147146,HIT,Q3:Z4:conf=0.8,0.8816719055175781,cache
2026-04-28T07:57:53.272912,MISS,Q5:Z1:conf=0.7,13.432979583740234,generador_respuestas
2026-04-28T07:57:53.394630,MISS,Q2:Z3:conf=0.37,10.458230972290039,generador_respuestas
2026-04-28T07:57:53.521837,MISS,Q4:Z5:conf=0.62,15.145540237426758,generador_respuestas
2026-04-28T07:57:53.649121,MISS,Q4:Z1:conf=0.18,16.031742095947266,generador_respuestas
2026-04-28T07:57:53.772213,MISS,Q2:Z1:conf=0.17,12.117385864257812,generador_respuestas
2026-04-28T07:57:53.900425,MISS,Q3:Z3:conf=0.28,16.563892364501953,generador_respuestas
2026-04-28T07:57:54.025583,MISS,Q5:Z2:conf=0.36,16.069889068603516,generador_respuestas
2026-04-28T07:57:54.149500,MISS,Q2:Z1:conf=0.42,11.432647705078125,generador_respuestas
2026-04-28T07:57:54.277782,MISS,Q5:Z5:conf=0.53,16.518115997314453,generador_respuestas
2026-04-28T07:57:54.386624,HIT,Q2:Z1:conf=0.48,0.38123130798339844,cache
2026-04-28T07:57:54.497218,HIT,Q5:Z1:conf=0.48,1.0933876037597656,cache
2026-04-28T07:57:54.629706,MISS,Q5:Z3:conf=0.07,18.219709396362305,generador_respuestas
2026-04-28T07:57:54.756305,MISS,Q5:Z1:conf=0.31,14.579296112060547,generador_respuestas
2026-04-28T07:57:54.878356,MISS,Q1:Z4:conf=0.35,9.554862976074219,generador_respuestas
2026-04-28T07:57:55.000595,MISS,Q2:Z1:conf=0.88,11.343002319335938,generador_respuestas
2026-04-28T07:57:55.113431,HIT,Q1:Z1:conf=0.18,0.8640289306640625,cache
2026-04-28T07:57:55.234380,MISS,Q2:Z3:conf=0.25,10.352611541748047,generador_respuestas
2026-04-28T07:57:55.355498,MISS,Q5:Z2:conf=0.24,13.254880905151367,generador_respuestas
2026-04-28T07:57:55.479240,MISS,Q4:Z2:conf=0.28,13.102293014526367,generador_respuestas
2026-04-28T07:57:55.600109,MISS,Q2:Z5:conf=0.9,10.784149169921875,generador_respuestas
2026-04-28T07:57:55.721164,MISS,Q5:Z5:conf=0.34,12.801647186279297,generador_respuestas
2026-04-28T07:57:55.836422,HIT,Q5:Z5:conf=0.01,1.1718273162841797,cache
2026-04-28T07:57:55.950755,HIT,Q1:Z1:conf=0.68,0.7536411285400391,cache
2026-04-28T07:57:56.072944,MISS,Q4:Z2:conf=0.82,11.088371276855469,generador_respuestas
2026-04-28T07:57:56.196723,MISS,Q3:Z2:conf=0.58,13.424873352050781,generador_respuestas
2026-04-28T07:57:56.318310,MISS,Q2:Z5:conf=0.09,10.32114028930664,generador_respuestas
2026-04-28T07:57:56.447502,MISS,Q4:Z5:conf=0.31,17.27604866027832,generador_respuestas
2026-04-28T07:57:56.562361,HIT,Q3:Z4:conf=0.14,1.0519027709960938,cache
2026-04-28T07:57:56.684449,MISS,Q1:Z1:conf=0.41,10.939598083496094,generador_respuestas
2026-04-28T07:57:56.808435,MISS,Q3:Z2:conf=0.72,12.203216552734375,generador_respuestas
2026-04-28T07:57:56.922042,HIT,Q4:Z1:conf=0.45,1.0228157043457031,cache
2026-04-28T07:57:57.046314,MISS,Q4:Z2:conf=0.56,12.329339981079102,generador_respuestas
2026-04-28T07:57:57.170868,MISS,Q3:Z5:conf=0.73,13.092994689941406,generador_respuestas
2026-04-28T07:57:57.294537,MISS,Q1:Z2:conf=0.48,10.715961456298828,generador_respuestas
2026-04-28T07:57:57.421026,MISS,Q3:Z5:conf=0.63,15.584230422973633,generador_respuestas
2026-04-28T07:57:57.543008,MISS,Q2:Z2:conf=0.67,11.248588562011719,generador_respuestas
2026-04-28T07:57:57.668037,MISS,Q5:Z2:conf=0.32,14.724493026733398,generador_respuestas
2026-04-28T07:57:57.793201,MISS,Q4:Z4:conf=0.86,13.271331787109375,generador_respuestas
2026-04-28T07:57:57.915703,MISS,Q4:Z2:conf=0.27,12.807607650756836,generador_respuestas
2026-04-28T07:57:58.037700,MISS,Q4:Z3:conf=0.2,12.929677963256836,generador_respuestas
2026-04-28T07:57:58.165818,MISS,Q5:Z3:conf=0.59,18.689870834350586,generador_respuestas
2026-04-28T07:57:58.278034,HIT,Q5:Z4:conf=0.65,1.0833740234375,cache
2026-04-28T07:57:58.393238,HIT,Q2:Z1:conf=0.63,0.7665157318115234,cache
2026-04-28T07:57:58.506652,HIT,Q5:Z1:conf=0.02,1.0683536529541016,cache
2026-04-28T07:57:58.620161,HIT,Q5:Z1:conf=0.7,1.0488033294677734,cache
2026-04-28T07:57:58.743233,MISS,Q1:Z3:conf=0.53,10.808229446411133,generador_respuestas
2026-04-28T07:57:58.867076,MISS,Q2:Z1:conf=0.1,12.019157409667969,generador_respuestas
2026-04-28T07:57:58.992671,MISS,Q5:Z5:conf=0.7,14.986276626586914,generador_respuestas
2026-04-28T07:57:59.117971,MISS,Q3:Z2:conf=0.25,13.262271881103516,generador_respuestas
2026-04-28T07:57:59.242946,MISS,Q3:Z1:conf=0.42,13.503313064575195,generador_respuestas
2026-04-28T07:57:59.350210,HIT,Q5:Z2:conf=0.11,0.5023479461669922,cache
2026-04-28T07:57:59.476058,MISS,Q4:Z3:conf=0.34,15.478134155273438,generador_respuestas
2026-04-28T07:57:59.589238,HIT,Q1:Z4:conf=0.62,0.8928775787353516,cache
2026-04-28T07:57:59.700650,HIT,Q3:Z3:conf=0.59,0.9529590606689453,cache
2026-04-28T07:57:59.828732,MISS,Q5:Z3:conf=0.85,16.69907569885254,generador_respuestas
2026-04-28T07:57:59.952866,MISS,Q1:Z2:conf=0.58,9.84644889831543,generador_respuestas
2026-04-28T07:58:00.077877,MISS,Q5:Z5:conf=0.02,14.077425003051758,generador_respuestas
2026-04-28T07:58:00.206883,MISS,Q5:Z4:conf=0.0,16.262292861938477,generador_respuestas
2026-04-28T07:58:00.319321,HIT,Q4:Z1:conf=0.76,0.79345703125,cache
2026-04-28T07:58:00.431664,HIT,Q2:Z1:conf=0.51,0.7760524749755859,cache
2026-04-28T07:58:00.554854,MISS,Q3:Z5:conf=0.08,12.939691543579102,generador_respuestas
2026-04-28T07:58:00.665252,HIT,Q3:Z1:conf=0.14,0.7650852203369141,cache
2026-04-28T07:58:00.785966,MISS,Q2:Z1:conf=0.49,11.11459732055664,generador_respuestas
2026-04-28T07:58:00.897816,HIT,Q2:Z2:conf=0.58,1.089334487915039,cache
2026-04-28T07:58:01.024829,MISS,Q4:Z5:conf=0.66,16.032695770263672,generador_respuestas
2026-04-28T07:58:01.149152,MISS,Q3:Z5:conf=0.01,13.143777847290039,generador_respuestas
2026-04-28T07:58:01.275640,MISS,Q5:Z4:conf=0.56,14.866828918457031,generador_respuestas
2026-04-28T07:58:01.388837,HIT,Q5:Z4:conf=0.53,1.054525375366211,cache
2026-04-28T07:58:01.512040,MISS,Q1:Z3:conf=0.65,10.542631149291992,generador_respuestas
2026-04-28T07:58:01.636248,MISS,Q3:Z1:conf=0.55,14.273881912231445,generador_respuestas
2026-04-28T07:58:01.761549,MISS,Q5:Z2:conf=0.48,14.434337615966797,generador_respuestas
2026-04-28T07:58:01.889184,MISS,Q4:Z1:conf=0.64,16.045808792114258,generador_respuestas
2026-04-28T07:58:02.016054,MISS,Q3:Z1:conf=0.44,15.26641845703125,generador_respuestas
2026-04-28T07:58:02.129297,HIT,Q3:Z1:conf=0.11,0.9303092956542969,cache
2026-04-28T07:58:02.256550,MISS,Q5:Z1:conf=0.87,14.683961868286133,generador_respuestas
2026-04-28T07:58:02.380590,MISS,Q3:Z1:conf=0.71,12.10784912109375,generador_respuestas
2026-04-28T07:58:02.498431,MISS,Q1:Z5:conf=0.81,8.819818496704102,generador_respuestas
2026-04-28T07:58:02.617471,MISS,Q4:Z1:conf=0.22,11.957645416259766,generador_respuestas
2026-04-28T07:58:02.722922,HIT,Q3:Z1:conf=0.11,0.3790855407714844,cache
2026-04-28T07:58:02.834764,HIT,Q5:Z1:conf=0.86,1.0578632354736328,cache
2026-04-28T07:58:02.949558,HIT,Q3:Z3:conf=0.33,0.8385181427001953,cache
2026-04-28T07:58:03.072157,MISS,Q3:Z3:conf=0.71,12.070655822753906,generador_respuestas
2026-04-28T07:58:03.182162,HIT,Q2:Z1:conf=0.05,0.9942054748535156,cache
2026-04-28T07:58:03.305960,MISS,Q2:Z5:conf=0.0,12.663125991821289,generador_respuestas
2026-04-28T07:58:03.430679,MISS,Q4:Z1:conf=0.67,14.640569686889648,generador_respuestas
2026-04-28T07:58:03.552472,MISS,Q3:Z3:conf=0.1,11.976003646850586,generador_respuestas
2026-04-28T07:58:03.675623,MISS,Q2:Z1:conf=0.4,11.537313461303711,generador_respuestas
2026-04-28T07:58:03.801484,MISS,Q5:Z5:conf=0.43,15.367269515991211,generador_respuestas
2026-04-28T07:58:03.923295,MISS,Q1:Z1:conf=0.28,10.212421417236328,generador_respuestas
2026-04-28T07:58:04.036438,HIT,Q1:Z4:conf=0.73,0.9405612945556641,cache
2026-04-28T07:58:04.148447,HIT,Q1:Z5:conf=0.76,0.86212158203125,cache
2026-04-28T07:58:04.272180,MISS,Q5:Z5:conf=0.72,12.813091278076172,generador_respuestas
2026-04-28T07:58:04.385404,HIT,Q3:Z1:conf=0.1,0.8296966552734375,cache
2026-04-28T07:58:04.511229,MISS,Q4:Z2:conf=0.64,14.737844467163086,generador_respuestas
2026-04-28T07:58:04.617642,HIT,Q5:Z5:conf=0.85,0.5311965942382812,cache
2026-04-28T07:58:04.741789,MISS,Q4:Z4:conf=0.38,15.402793884277344,generador_respuestas
2026-04-28T07:58:04.865550,MISS,Q5:Z1:conf=0.49,15.570640563964844,generador_respuestas
2026-04-28T07:58:04.980145,HIT,Q4:Z1:conf=0.19,0.7395744323730469,cache
2026-04-28T07:58:05.103890,MISS,Q1:Z5:conf=0.12,12.388944625854492,generador_respuestas
2026-04-28T07:58:05.226291,MISS,Q2:Z1:conf=0.62,11.719465255737305,generador_respuestas
2026-04-28T07:58:05.342038,MISS,Q2:Z5:conf=0.88,6.996870040893555,generador_respuestas
2026-04-28T07:58:05.454510,HIT,Q5:Z1:conf=0.22,1.356363296508789,cache
2026-04-28T07:58:05.569789,HIT,Q4:Z3:conf=0.41,0.7987022399902344,cache
2026-04-28T07:58:05.690092,MISS,Q2:Z2:conf=0.36,10.500907897949219,generador_respuestas
2026-04-28T07:58:05.813880,MISS,Q2:Z4:conf=0.6,11.507749557495117,generador_respuestas
2026-04-28T07:58:05.929222,MISS,Q1:Z2:conf=0.07,7.266998291015625,generador_respuestas
2026-04-28T07:58:06.039884,HIT,Q1:Z3:conf=0.42,0.7679462432861328,cache
2026-04-28T07:58:06.152088,HIT,Q1:Z1:conf=0.64,0.7703304290771484,cache
2026-04-28T07:58:06.273455,MISS,Q2:Z4:conf=0.52,10.254859924316406,generador_respuestas
2026-04-28T07:58:06.396782,MISS,Q2:Z1:conf=0.8,12.12930679321289,generador_respuestas
2026-04-28T07:58:06.507973,HIT,Q2:Z1:conf=0.67,0.8080005645751953,cache
2026-04-28T07:58:06.620025,HIT,Q2:Z3:conf=0.19,0.8244514465332031,cache
2026-04-28T07:58:06.745297,MISS,Q4:Z1:conf=0.42,14.09292221069336,generador_respuestas
2026-04-28T07:58:06.865452,MISS,Q1:Z3:conf=0.72,9.87863540649414,generador_respuestas
2026-04-28T07:58:06.989198,MISS,Q5:Z1:conf=0.59,13.664484024047852,generador_respuestas
2026-04-28T07:58:07.117165,MISS,Q5:Z4:conf=0.64,15.167713165283203,generador_respuestas
2026-04-28T07:58:07.240731,MISS,Q1:Z2:conf=0.11,10.251283645629883,generador_respuestas
2026-04-28T07:58:07.352771,HIT,Q3:Z1:conf=0.4,0.8635520935058594,cache
2026-04-28T07:58:07.474878,MISS,Q2:Z2:conf=0.79,10.795116424560547,generador_respuestas
2026-04-28T07:58:07.587910,HIT,Q1:Z2:conf=0.68,0.8418560028076172,cache
2026-04-28T07:58:07.708487,MISS,Q2:Z1:conf=0.69,10.532617568969727,generador_respuestas
2026-04-28T07:58:07.835686,MISS,Q5:Z2:conf=0.5,16.739845275878906,generador_respuestas
2026-04-28T07:58:07.959528,MISS,Q2:Z4:conf=0.22,10.959148406982422,generador_respuestas
2026-04-28T07:58:08.083949,MISS,Q3:Z5:conf=0.81,12.86458969116211,generador_respuestas
2026-04-28T07:58:08.196241,HIT,Q2:Z1:conf=0.85,0.9710788726806641,cache
2026-04-28T07:58:08.318179,MISS,Q2:Z2:conf=0.78,10.551929473876953,generador_respuestas
2026-04-28T07:58:08.429610,HIT,Q2:Z1:conf=0.71,0.8208751678466797,cache
2026-04-28T07:58:08.552763,MISS,Q4:Z4:conf=0.21,13.159990310668945,generador_respuestas
2026-04-28T07:58:08.663223,HIT,Q3:Z2:conf=0.25,0.8919239044189453,cache
2026-04-28T07:58:08.776012,HIT,Q5:Z4:conf=0.64,1.2068748474121094,cache
2026-04-28T07:58:08.905848,MISS,Q5:Z4:conf=0.29,16.756296157836914,generador_respuestas
2026-04-28T07:58:09.019530,HIT,Q5:Z5:conf=0.86,1.468658447265625,cache
2026-04-28T07:58:09.145375,MISS,Q2:Z5:conf=0.68,12.525320053100586,generador_respuestas
2026-04-28T07:58:09.258254,HIT,Q3:Z1:conf=0.09,1.172780990600586,cache
2026-04-28T07:58:09.383933,MISS,Q5:Z4:conf=0.87,15.24972915649414,generador_respuestas
2026-04-28T07:58:09.511622,MISS,Q3:Z5:conf=0.58,13.285636901855469,generador_respuestas
2026-04-28T07:58:09.623502,MISS,Q1:Z2:conf=0.14,5.020856857299805,generador_respuestas
2026-04-28T07:58:09.743958,MISS,Q4:Z4:conf=0.48,12.96377182006836,generador_respuestas
2026-04-28T07:58:09.854749,HIT,Q3:Z1:conf=0.78,0.9071826934814453,cache
2026-04-28T07:58:09.983242,MISS,Q4:Z2:conf=0.73,15.539884567260742,generador_respuestas
2026-04-28T07:58:10.105692,MISS,Q1:Z5:conf=0.29,10.474920272827148,generador_respuestas
2026-04-28T07:58:10.217226,HIT,Q4:Z2:conf=0.22,0.7586479187011719,cache
2026-04-28T07:58:10.335457,MISS,Q2:Z4:conf=0.77,10.09225845336914,generador_respuestas
2026-04-28T07:58:10.462260,MISS,Q4:Z1:conf=0.26,17.194032669067383,generador_respuestas
2026-04-28T07:58:10.585456,MISS,Q2:Z4:conf=0.79,12.998104095458984,generador_respuestas
2026-04-28T07:58:10.699039,MISS,Q2:Z2:conf=0.32,6.178140640258789,generador_respuestas
2026-04-28T07:58:10.819159,MISS,Q1:Z5:conf=0.15,11.165142059326172,generador_respuestas
2026-04-28T07:58:10.930817,HIT,Q4:Z2:conf=0.43,0.7908344268798828,cache
2026-04-28T07:58:11.044438,HIT,Q5:Z1:conf=0.6,1.138925552368164,cache
2026-04-28T07:58:11.173562,MISS,Q4:Z1:conf=0.87,14.108896255493164,generador_respuestas
2026-04-28T07:58:11.294981,MISS,Q4:Z5:conf=0.46,12.822151184082031,generador_respuestas
2026-04-28T07:58:11.405580,HIT,Q3:Z2:conf=0.04,1.0554790496826172,cache
2026-04-28T07:58:11.527426,MISS,Q1:Z5:conf=0.02,10.39433479309082,generador_respuestas
2026-04-28T07:58:11.641042,HIT,Q1:Z1:conf=0.55,0.9360313415527344,cache
2026-04-28T07:58:11.763166,MISS,Q3:Z4:conf=0.42,12.110233306884766,generador_respuestas
2026-04-28T07:58:11.886328,MISS,Q3:Z4:conf=0.68,13.450384140014648,generador_respuestas
2026-04-28T07:58:12.011179,MISS,Q2:Z5:conf=0.62,11.265993118286133,generador_respuestas
2026-04-28T07:58:12.141385,MISS,Q5:Z3:conf=0.29,18.541336059570312,generador_respuestas
2026-04-28T07:58:12.270042,MISS,Q4:Z3:conf=0.49,14.739274978637695,generador_respuestas
2026-04-28T07:58:12.381907,HIT,Q4:Z1:conf=0.3,0.9083747863769531,cache
2026-04-28T07:58:12.508100,MISS,Q5:Z2:conf=0.3,16.76321029663086,generador_respuestas
2026-04-28T07:58:12.631268,MISS,Q3:Z3:conf=0.17,12.003660202026367,generador_respuestas
2026-04-28T07:58:12.752967,MISS,Q2:Z3:conf=0.64,10.3607177734375,generador_respuestas
2026-04-28T07:58:12.874004,MISS,Q2:Z4:conf=0.43,10.013341903686523,generador_respuestas
2026-04-28T07:58:12.986649,HIT,Q5:Z4:conf=0.62,1.119852066040039,cache
2026-04-28T07:58:13.109861,MISS,Q1:Z3:conf=0.17,10.541200637817383,generador_respuestas
2026-04-28T07:58:13.220285,HIT,Q4:Z3:conf=0.62,0.8120536804199219,cache
2026-04-28T07:58:13.327836,HIT,Q4:Z2:conf=0.77,0.3466606140136719,cache
2026-04-28T07:58:13.449305,MISS,Q1:Z2:conf=0.75,12.091875076293945,generador_respuestas
2026-04-28T07:58:13.574865,MISS,Q2:Z1:conf=0.32,12.398958206176758,generador_respuestas
2026-04-28T07:58:13.686187,HIT,Q2:Z1:conf=0.81,0.8273124694824219,cache
2026-04-28T07:58:13.811905,MISS,Q2:Z3:conf=0.69,12.846946716308594,generador_respuestas
2026-04-28T07:58:13.924055,HIT,Q4:Z1:conf=0.56,0.8959770202636719,cache
2026-04-28T07:58:14.037525,HIT,Q5:Z1:conf=0.43,1.1212825775146484,cache
2026-04-28T07:58:14.163039,MISS,Q3:Z4:conf=0.53,11.339187622070312,generador_respuestas
2026-04-28T07:58:14.275180,HIT,Q1:Z2:conf=0.05,0.7870197296142578,cache
2026-04-28T07:58:14.387096,HIT,Q1:Z1:conf=0.03,0.8106231689453125,cache
2026-04-28T07:58:14.499055,HIT,Q1:Z4:conf=0.51,0.911712646484375,cache
2026-04-28T07:58:14.611222,HIT,Q2:Z1:conf=0.43,1.0256767272949219,cache
2026-04-28T07:58:14.734623,MISS,Q1:Z1:conf=0.82,11.502504348754883,generador_respuestas
2026-04-28T07:58:14.846762,HIT,Q1:Z1:conf=0.64,0.8194446563720703,cache
2026-04-28T07:58:14.970985,MISS,Q4:Z1:conf=0.58,13.409614562988281,generador_respuestas
2026-04-28T07:58:15.082427,HIT,Q5:Z1:conf=0.22,1.4481544494628906,cache
2026-04-28T07:58:15.208831,MISS,Q4:Z4:conf=0.74,13.570308685302734,generador_respuestas
2026-04-28T07:58:15.330832,MISS,Q2:Z2:conf=0.64,12.244224548339844,generador_respuestas
2026-04-28T07:58:15.455617,MISS,Q5:Z2:conf=0.88,15.027046203613281,generador_respuestas
2026-04-28T07:58:15.577282,MISS,Q1:Z4:conf=0.76,10.927915573120117,generador_respuestas
2026-04-28T07:58:15.703792,MISS,Q4:Z1:conf=0.15,17.130613327026367,generador_respuestas
2026-04-28T07:58:15.828958,MISS,Q5:Z1:conf=0.13,15.86771011352539,generador_respuestas
2026-04-28T07:58:15.951714,MISS,Q2:Z1:conf=0.53,10.126829147338867,generador_respuestas
2026-04-28T07:58:16.075147,MISS,Q2:Z5:conf=0.12,11.228322982788086,generador_respuestas
2026-04-28T07:58:16.198413,MISS,Q3:Z3:conf=0.69,12.040853500366211,generador_respuestas
2026-04-28T07:58:16.320776,MISS,Q4:Z1:conf=0.04,13.392925262451172,generador_respuestas
2026-04-28T07:58:16.432700,HIT,Q2:Z2:conf=0.09,1.2252330780029297,cache
2026-04-28T07:58:16.547865,MISS,Q3:Z3:conf=0.68,6.971597671508789,generador_respuestas
2026-04-28T07:58:16.665519,MISS,Q1:Z2:conf=0.57,9.368419647216797,generador_respuestas
2026-04-28T07:58:16.789519,MISS,Q3:Z2:conf=0.84,13.17596435546875,generador_respuestas
2026-04-28T07:58:16.912859,MISS,Q3:Z4:conf=0.23,12.899637222290039,generador_respuestas
2026-04-28T07:58:17.039446,MISS,Q5:Z4:conf=0.15,14.917135238647461,generador_respuestas
2026-04-28T07:58:17.154910,HIT,Q1:Z2:conf=0.85,0.7510185241699219,cache
2026-04-28T07:58:17.267466,HIT,Q4:Z3:conf=0.87,0.8029937744140625,cache
2026-04-28T07:58:17.380175,HIT,Q2:Z1:conf=0.62,0.8921623229980469,cache
2026-04-28T07:58:17.502917,MISS,Q2:Z1:conf=0.65,12.377023696899414,generador_respuestas
2026-04-28T07:58:17.615264,HIT,Q5:Z1:conf=0.31,1.0485649108886719,cache
2026-04-28T07:58:17.728106,HIT,Q2:Z1:conf=0.2,0.9849071502685547,cache
2026-04-28T07:58:17.840642,HIT,Q1:Z4:conf=0.24,0.7660388946533203,cache
2026-04-28T07:58:17.965438,MISS,Q5:Z2:conf=0.29,14.011383056640625,generador_respuestas
2026-04-28T07:58:18.076773,HIT,Q2:Z4:conf=0.8,0.8630752563476562,cache
2026-04-28T07:58:18.189632,HIT,Q4:Z2:conf=0.55,0.8211135864257812,cache
2026-04-28T07:58:18.307482,MISS,Q1:Z2:conf=0.6,7.95745849609375,generador_respuestas
2026-04-28T07:58:18.418988,MISS,Q1:Z2:conf=0.16,5.535602569580078,generador_respuestas
2026-04-28T07:58:18.540695,MISS,Q4:Z1:conf=0.06,14.308452606201172,generador_respuestas
2026-04-28T07:58:18.651031,HIT,Q1:Z5:conf=0.15,0.8108615875244141,cache
2026-04-28T07:58:18.758461,HIT,Q1:Z3:conf=0.4,0.46753883361816406,cache
2026-04-28T07:58:18.869896,MISS,Q2:Z5:conf=0.08,5.775213241577148,generador_respuestas
2026-04-28T07:58:18.984290,MISS,Q5:Z4:conf=0.26,8.565902709960938,generador_respuestas
2026-04-28T07:58:19.108048,MISS,Q3:Z2:conf=0.38,12.311935424804688,generador_respuestas
2026-04-28T07:58:19.231514,MISS,Q4:Z4:conf=0.52,14.51730728149414,generador_respuestas
2026-04-28T07:58:19.342416,HIT,Q4:Z3:conf=0.37,1.0340213775634766,cache
2026-04-28T07:58:19.454514,HIT,Q5:Z1:conf=0.78,1.2700557708740234,cache
2026-04-28T07:58:19.581170,MISS,Q5:Z4:conf=0.73,14.788150787353516,generador_respuestas
2026-04-28T07:58:19.695219,HIT,Q4:Z4:conf=0.6,0.78582763671875,cache
2026-04-28T07:58:19.807477,HIT,Q4:Z3:conf=0.55,0.9081363677978516,cache
2026-04-28T07:58:19.936113,MISS,Q4:Z2:conf=0.81,16.90959930419922,generador_respuestas
2026-04-28T07:58:20.058653,MISS,Q5:Z1:conf=0.89,12.475013732910156,generador_respuestas
2026-04-28T07:58:20.187053,MISS,Q4:Z4:conf=0.24,16.623258590698242,generador_respuestas
2026-04-28T07:58:20.312165,MISS,Q4:Z5:conf=0.61,13.927698135375977,generador_respuestas
2026-04-28T07:58:20.437476,MISS,Q4:Z1:conf=0.08,14.723777770996094,generador_respuestas
2026-04-28T07:58:20.549264,HIT,Q2:Z2:conf=0.07,0.8013248443603516,cache
2026-04-28T07:58:20.662377,HIT,Q5:Z1:conf=0.43,1.249074935913086,cache
2026-04-28T07:58:20.778682,MISS,Q3:Z1:conf=0.51,7.48133659362793,generador_respuestas
2026-04-28T07:58:20.893089,MISS,Q4:Z4:conf=0.13,9.16743278503418,generador_respuestas
2026-04-28T07:58:21.018062,MISS,Q4:Z5:conf=0.53,15.372037887573242,generador_respuestas
2026-04-28T07:58:21.138165,MISS,Q1:Z1:conf=0.33,11.05046272277832,generador_respuestas
2026-04-28T07:58:21.249869,HIT,Q3:Z2:conf=0.56,0.9276866912841797,cache
2026-04-28T07:58:21.361762,HIT,Q2:Z1:conf=0.88,0.86212158203125,cache
2026-04-28T07:58:21.486443,MISS,Q1:Z2:conf=0.19,11.156558990478516,generador_respuestas
2026-04-28T07:58:21.605236,MISS,Q1:Z5:conf=0.84,9.371519088745117,generador_respuestas
2026-04-28T07:58:21.730376,MISS,Q2:Z2:conf=0.22,13.349533081054688,generador_respuestas
2026-04-28T07:58:21.855337,MISS,Q4:Z2:conf=0.89,12.888669967651367,generador_respuestas
2026-04-28T07:58:21.978267,MISS,Q2:Z5:conf=0.56,11.661052703857422,generador_respuestas
2026-04-28T07:58:22.100888,MISS,Q4:Z1:conf=0.32,13.00358772277832,generador_respuestas
2026-04-28T07:58:22.223881,MISS,Q5:Z1:conf=0.03,14.47749137878418,generador_respuestas
2026-04-28T07:58:22.349712,MISS,Q5:Z1:conf=0.11,13.872623443603516,generador_respuestas
2026-04-28T07:58:22.474574,MISS,Q3:Z1:conf=0.69,11.725187301635742,generador_respuestas
2026-04-28T07:58:22.597709,MISS,Q2:Z3:conf=0.55,12.134552001953125,generador_respuestas
2026-04-28T07:58:22.705754,HIT,Q2:Z1:conf=0.61,0.4324913024902344,cache
2026-04-28T07:58:22.816129,HIT,Q4:Z3:conf=0.84,0.7884502410888672,cache
2026-04-28T07:58:22.928892,HIT,Q4:Z3:conf=0.2,1.013040542602539,cache
2026-04-28T07:58:23.054961,MISS,Q3:Z2:conf=0.64,14.888763427734375,generador_respuestas
2026-04-28T07:58:23.175892,MISS,Q1:Z1:conf=0.46,10.288715362548828,generador_respuestas
2026-04-28T07:58:23.288103,HIT,Q2:Z1:conf=0.67,1.0943412780761719,cache
2026-04-28T07:58:23.413226,MISS,Q5:Z2:conf=0.83,14.864683151245117,generador_respuestas
2026-04-28T07:58:23.539875,MISS,Q4:Z4:conf=0.07,16.043901443481445,generador_respuestas
2026-04-28T07:58:23.650924,HIT,Q4:Z1:conf=0.89,0.7107257843017578,cache
2026-04-28T07:58:23.761856,HIT,Q4:Z4:conf=0.38,0.7665157318115234,cache
2026-04-28T07:58:23.875564,HIT,Q1:Z2:conf=0.71,0.9112358093261719,cache
2026-04-28T07:58:23.988006,HIT,Q3:Z1:conf=0.07,0.9341239929199219,cache
2026-04-28T07:58:24.113469,MISS,Q4:Z3:conf=0.07,15.11240005493164,generador_respuestas
2026-04-28T07:58:24.226276,HIT,Q1:Z5:conf=0.54,0.9176731109619141,cache
2026-04-28T07:58:24.339375,HIT,Q5:Z2:conf=0.68,1.1868476867675781,cache
2026-04-28T07:58:24.463986,MISS,Q3:Z4:conf=0.08,12.382745742797852,generador_respuestas
2026-04-28T07:58:24.594127,MISS,Q5:Z3:conf=0.25,20.856142044067383,generador_respuestas
2026-04-28T07:58:24.706235,HIT,Q5:Z3:conf=0.56,1.1916160583496094,cache
2026-04-28T07:58:24.834103,MISS,Q5:Z4:conf=0.79,14.64223861694336,generador_respuestas
2026-04-28T07:58:24.951663,HIT,Q5:Z3:conf=0.25,1.1935234069824219,cache
2026-04-28T07:58:25.079652,MISS,Q5:Z3:conf=0.78,15.289783477783203,generador_respuestas
2026-04-28T07:58:25.195462,MISS,Q4:Z3:conf=0.23,8.959531784057617,generador_respuestas
2026-04-28T07:58:25.316724,MISS,Q4:Z1:conf=0.88,12.661933898925781,generador_respuestas
2026-04-28T07:58:25.428820,HIT,Q5:Z2:conf=0.83,1.1208057403564453,cache
2026-04-28T07:58:25.543206,HIT,Q2:Z2:conf=0.67,0.8838176727294922,cache
2026-04-28T07:58:25.654917,HIT,Q4:Z1:conf=0.64,0.8213520050048828,cache
2026-04-28T07:58:25.778043,MISS,Q3:Z1:conf=0.37,12.561559677124023,generador_respuestas
2026-04-28T07:58:25.889651,HIT,Q5:Z1:conf=0.55,0.9396076202392578,cache
2026-04-28T07:58:26.003615,HIT,Q2:Z1:conf=0.65,0.9694099426269531,cache
2026-04-28T07:58:26.129288,MISS,Q1:Z2:conf=0.63,11.840343475341797,generador_respuestas
2026-04-28T07:58:26.250940,MISS,Q2:Z2:conf=0.45,11.424541473388672,generador_respuestas
2026-04-28T07:58:26.375858,MISS,Q4:Z2:conf=0.62,13.832330703735352,generador_respuestas
2026-04-28T07:58:26.500614,MISS,Q4:Z1:conf=0.62,17.067432403564453,generador_respuestas
2026-04-28T07:58:26.621247,MISS,Q1:Z4:conf=0.23,9.691953659057617,generador_respuestas
2026-04-28T07:58:26.744085,MISS,Q2:Z5:conf=0.8,11.9476318359375,generador_respuestas
2026-04-28T07:58:26.870322,MISS,Q4:Z1:conf=0.29,15.020608901977539,generador_respuestas
2026-04-28T07:58:26.982447,HIT,Q5:Z4:conf=0.62,1.0476112365722656,cache
2026-04-28T07:58:27.096287,HIT,Q2:Z1:conf=0.62,0.8950233459472656,cache
2026-04-28T07:58:27.208496,HIT,Q1:Z1:conf=0.16,0.8728504180908203,cache
2026-04-28T07:58:27.334779,MISS,Q3:Z5:conf=0.26,15.192031860351562,generador_respuestas
2026-04-28T07:58:27.442707,HIT,Q2:Z5:conf=0.18,0.55694580078125,cache
2026-04-28T07:58:27.567085,MISS,Q3:Z3:conf=0.18,14.163017272949219,generador_respuestas
2026-04-28T07:58:27.688616,MISS,Q4:Z2:conf=0.14,13.121366500854492,generador_respuestas
2026-04-28T07:58:27.801496,HIT,Q3:Z3:conf=0.24,1.0612010955810547,cache
2026-04-28T07:58:27.914946,HIT,Q1:Z2:conf=0.32,0.9326934814453125,cache
2026-04-28T07:58:28.042164,MISS,Q4:Z5:conf=0.7,15.586376190185547,generador_respuestas
2026-04-28T07:58:28.154676,HIT,Q2:Z1:conf=0.81,0.8983612060546875,cache
2026-04-28T07:58:28.278218,MISS,Q3:Z2:conf=0.45,13.303518295288086,generador_respuestas
2026-04-28T07:58:28.391129,HIT,Q2:Z1:conf=0.9,0.9086132049560547,cache
2026-04-28T07:58:28.503162,HIT,Q3:Z1:conf=0.46,0.8957386016845703,cache
2026-04-28T07:58:28.626950,MISS,Q3:Z4:conf=0.49,12.39013671875,generador_respuestas
2026-04-28T07:58:28.739090,HIT,Q1:Z2:conf=0.05,0.8218288421630859,cache
2026-04-28T07:58:28.864681,MISS,Q4:Z1:conf=0.83,14.997005462646484,generador_respuestas
2026-04-28T07:58:28.985001,MISS,Q2:Z2:conf=0.3,10.400056838989258,generador_respuestas
2026-04-28T07:58:29.108610,MISS,Q2:Z1:conf=0.26,11.757850646972656,generador_respuestas
2026-04-28T07:58:29.231806,MISS,Q2:Z1:conf=0.31,10.244131088256836,generador_respuestas
2026-04-28T07:58:29.346267,HIT,Q2:Z5:conf=0.52,0.9691715240478516,cache
2026-04-28T07:58:29.469033,MISS,Q3:Z1:conf=0.77,12.317180633544922,generador_respuestas
2026-04-28T07:58:29.590514,MISS,Q3:Z1:conf=0.59,12.229681015014648,generador_respuestas
2026-04-28T07:58:29.697678,HIT,Q1:Z2:conf=0.18,0.3764629364013672,cache
2026-04-28T07:58:29.808184,HIT,Q1:Z1:conf=0.4,0.8361339569091797,cache
2026-04-28T07:58:29.921858,HIT,Q2:Z1:conf=0.2,1.1646747589111328,cache
2026-04-28T07:58:30.041721,MISS,Q1:Z3:conf=0.88,8.686304092407227,generador_respuestas
2026-04-28T07:58:30.166287,MISS,Q5:Z1:conf=0.33,14.152050018310547,generador_respuestas
2026-04-28T07:58:30.281818,HIT,Q1:Z1:conf=0.4,0.8416175842285156,cache
2026-04-28T07:58:30.395665,HIT,Q3:Z1:conf=0.14,1.1048316955566406,cache
2026-04-28T07:58:30.510875,HIT,Q2:Z2:conf=0.34,1.0342597961425781,cache
2026-04-28T07:58:30.632517,MISS,Q1:Z1:conf=0.52,9.858846664428711,generador_respuestas
2026-04-28T07:58:30.756583,MISS,Q5:Z4:conf=0.43,14.817476272583008,generador_respuestas
2026-04-28T07:58:30.886939,MISS,Q5:Z4:conf=0.55,15.871763229370117,generador_respuestas
2026-04-28T07:58:31.018092,MISS,Q5:Z1:conf=0.01,17.040252685546875,generador_respuestas
2026-04-28T07:58:31.133001,HIT,Q4:Z5:conf=0.59,0.8683204650878906,cache
2026-04-28T07:58:31.255226,MISS,Q1:Z2:conf=0.64,10.983943939208984,generador_respuestas
2026-04-28T07:58:31.367001,HIT,Q2:Z4:conf=0.25,0.8363723754882812,cache
2026-04-28T07:58:31.481981,HIT,Q4:Z1:conf=0.26,0.8292198181152344,cache
2026-04-28T07:58:31.595879,HIT,Q4:Z2:conf=0.21,1.0480880737304688,cache
2026-04-28T07:58:31.708151,HIT,Q4:Z1:conf=0.61,0.8401870727539062,cache
2026-04-28T07:58:31.820153,HIT,Q2:Z1:conf=0.39,0.8928775787353516,cache
2026-04-28T07:58:31.943145,MISS,Q3:Z2:conf=0.27,12.950897216796875,generador_respuestas
2026-04-28T07:58:32.050861,HIT,Q1:Z1:conf=0.71,0.3876686096191406,cache
2026-04-28T07:58:32.175430,MISS,Q5:Z4:conf=0.84,14.733314514160156,generador_respuestas
2026-04-28T07:58:32.306334,MISS,Q5:Z2:conf=0.52,17.112016677856445,generador_respuestas
2026-04-28T07:58:32.434814,MISS,Q4:Z2:conf=0.39,15.42043685913086,generador_respuestas
2026-04-28T07:58:32.555160,MISS,Q1:Z1:conf=0.65,11.106729507446289,generador_respuestas
2026-04-28T07:58:32.687397,HIT,Q5:Z3:conf=0.78,1.401662826538086,cache
2026-04-28T07:58:32.803754,HIT,Q2:Z2:conf=0.73,1.016378402709961,cache
2026-04-28T07:58:32.929160,MISS,Q5:Z2:conf=0.87,14.921188354492188,generador_respuestas
2026-04-28T07:58:33.055142,MISS,Q2:Z5:conf=0.04,11.516332626342773,generador_respuestas
2026-04-28T07:58:33.166845,HIT,Q1:Z1:conf=0.82,0.8084774017333984,cache
2026-04-28T07:58:33.280576,HIT,Q1:Z5:conf=0.66,0.9088516235351562,cache
2026-04-28T07:58:33.392028,HIT,Q3:Z2:conf=0.68,0.9999275207519531,cache
2026-04-28T07:58:33.513064,MISS,Q1:Z3:conf=0.57,10.106801986694336,generador_respuestas
2026-04-28T07:58:33.632160,MISS,Q4:Z2:conf=0.87,8.67009162902832,generador_respuestas
2026-04-28T07:58:33.742376,HIT,Q2:Z2:conf=0.29,0.8814334869384766,cache
2026-04-28T07:58:33.864452,MISS,Q2:Z3:conf=0.13,11.58905029296875,generador_respuestas
2026-04-28T07:58:33.984668,MISS,Q2:Z3:conf=0.31,9.657144546508789,generador_respuestas
2026-04-28T07:58:34.105697,MISS,Q2:Z5:conf=0.54,10.590076446533203,generador_respuestas
2026-04-28T07:58:34.217227,HIT,Q5:Z3:conf=0.44,0.9987354278564453,cache
2026-04-28T07:58:34.344498,MISS,Q4:Z2:conf=0.79,15.735626220703125,generador_respuestas
2026-04-28T07:58:34.451631,HIT,Q5:Z1:conf=0.42,0.5075931549072266,cache
2026-04-28T07:58:34.574187,MISS,Q3:Z3:conf=0.89,12.666940689086914,generador_respuestas
2026-04-28T07:58:34.685679,HIT,Q2:Z3:conf=0.52,0.8378028869628906,cache
2026-04-28T07:58:34.800304,HIT,Q3:Z5:conf=0.3,0.942230224609375,cache
2026-04-28T07:58:34.913376,HIT,Q1:Z2:conf=0.85,0.8232593536376953,cache
2026-04-28T07:58:35.038532,MISS,Q4:Z1:conf=0.55,14.45317268371582,generador_respuestas
2026-04-28T07:58:35.150065,HIT,Q4:Z2:conf=0.79,0.7526874542236328,cache
2026-04-28T07:58:35.261475,HIT,Q1:Z1:conf=0.19,0.7696151733398438,cache
2026-04-28T07:58:35.368939,HIT,Q4:Z1:conf=0.24,0.45418739318847656,cache
2026-04-28T07:58:35.491249,MISS,Q1:Z1:conf=0.58,11.291742324829102,generador_respuestas
2026-04-28T07:58:35.605494,HIT,Q3:Z3:conf=0.8,0.9558200836181641,cache
2026-04-28T07:58:35.728642,MISS,Q3:Z5:conf=0.02,12.340545654296875,generador_respuestas
2026-04-28T07:58:35.854497,MISS,Q3:Z5:conf=0.05,14.601707458496094,generador_respuestas
2026-04-28T07:58:35.968690,HIT,Q4:Z1:conf=0.45,0.7982254028320312,cache
2026-04-28T07:58:36.081799,HIT,Q5:Z4:conf=0.36,1.192331314086914,cache
2026-04-28T07:58:36.197058,HIT,Q4:Z1:conf=0.11,0.8945465087890625,cache
2026-04-28T07:58:36.310129,HIT,Q3:Z2:conf=0.44,0.9915828704833984,cache
2026-04-28T07:58:36.434702,MISS,Q2:Z3:conf=0.43,12.995243072509766,generador_respuestas
2026-04-28T07:58:36.558693,MISS,Q2:Z1:conf=0.29,11.402368545532227,generador_respuestas
2026-04-28T07:58:36.679562,MISS,Q2:Z2:conf=0.49,10.546207427978516,generador_respuestas
2026-04-28T07:58:36.792970,HIT,Q5:Z4:conf=0.15,1.3003349304199219,cache
2026-04-28T07:58:36.907120,MISS,Q1:Z1:conf=0.13,5.553960800170898,generador_respuestas
2026-04-28T07:58:37.028724,MISS,Q4:Z1:conf=0.38,14.661073684692383,generador_respuestas
2026-04-28T07:58:37.139435,HIT,Q3:Z4:conf=0.07,1.0263919830322266,cache
2026-04-28T07:58:37.251597,HIT,Q2:Z2:conf=0.7,0.8461475372314453,cache
2026-04-28T07:58:37.373488,MISS,Q1:Z1:conf=0.07,10.439872741699219,generador_respuestas
2026-04-28T07:58:37.496194,MISS,Q2:Z4:conf=0.12,11.968612670898438,generador_respuestas
2026-04-28T07:58:37.620502,MISS,Q3:Z2:conf=0.17,13.16380500793457,generador_respuestas
2026-04-28T07:58:37.743525,MISS,Q1:Z1:conf=0.61,11.603116989135742,generador_respuestas
2026-04-28T07:58:37.855080,HIT,Q4:Z2:conf=0.64,0.8053779602050781,cache
2026-04-28T07:58:37.980876,MISS,Q5:Z2:conf=0.82,14.84823226928711,generador_respuestas
2026-04-28T07:58:38.094963,HIT,Q3:Z3:conf=0.12,1.0273456573486328,cache
2026-04-28T07:58:38.206523,HIT,Q1:Z3:conf=0.8,0.6365776062011719,cache
2026-04-28T07:58:38.319368,HIT,Q5:Z1:conf=0.33,1.1065006256103516,cache
2026-04-28T07:58:38.444648,MISS,Q1:Z1:conf=0.05,11.372804641723633,generador_respuestas
2026-04-28T07:58:38.567150,MISS,Q1:Z3:conf=0.49,11.059761047363281,generador_respuestas
2026-04-28T07:58:38.681313,HIT,Q5:Z3:conf=0.67,1.056671142578125,cache
2026-04-28T07:58:38.808023,MISS,Q3:Z1:conf=0.26,12.340068817138672,generador_respuestas
2026-04-28T07:58:38.930899,MISS,Q1:Z1:conf=0.88,10.062932968139648,generador_respuestas
2026-04-28T07:58:39.044183,HIT,Q3:Z1:conf=0.4,0.9326934814453125,cache
2026-04-28T07:58:39.157897,MISS,Q1:Z4:conf=0.26,5.460262298583984,generador_respuestas
2026-04-28T07:58:39.270278,HIT,Q5:Z2:conf=0.81,1.2128353118896484,cache
2026-04-28T07:58:39.399734,MISS,Q4:Z2:conf=0.25,15.825271606445312,generador_respuestas
2026-04-28T07:58:39.521988,MISS,Q1:Z5:conf=0.83,10.390758514404297,generador_respuestas
2026-04-28T07:58:39.635816,HIT,Q1:Z1:conf=0.64,0.8080005645751953,cache
2026-04-28T07:58:39.749392,HIT,Q2:Z1:conf=0.61,0.9770393371582031,cache
2026-04-28T07:58:39.862205,HIT,Q2:Z2:conf=0.56,0.9555816650390625,cache
2026-04-28T07:58:39.987158,MISS,Q4:Z3:conf=0.74,14.792442321777344,generador_respuestas
2026-04-28T07:58:40.108081,MISS,Q2:Z4:conf=0.64,10.621786117553711,generador_respuestas
2026-04-28T07:58:40.220198,HIT,Q2:Z2:conf=0.69,0.8866786956787109,cache
2026-04-28T07:58:40.339431,MISS,Q1:Z5:conf=0.62,10.010242462158203,generador_respuestas
2026-04-28T07:58:40.460204,MISS,Q2:Z5:conf=0.82,11.99030876159668,generador_respuestas
2026-04-28T07:58:40.573577,HIT,Q5:Z5:conf=0.63,1.329183578491211,cache
2026-04-28T07:58:40.700427,MISS,Q2:Z4:conf=0.04,13.57579231262207,generador_respuestas
2026-04-28T07:58:40.813484,HIT,Q2:Z3:conf=0.16,0.8664131164550781,cache
2026-04-28T07:58:40.943524,MISS,Q5:Z2:conf=0.62,19.222021102905273,generador_respuestas
2026-04-28T07:58:41.056962,HIT,Q4:Z2:conf=0.59,0.8401870727539062,cache
2026-04-28T07:58:41.185114,MISS,Q5:Z1:conf=0.14,16.966819763183594,generador_respuestas
2026-04-28T07:58:41.309005,MISS,Q1:Z5:conf=0.11,9.017705917358398,generador_respuestas
2026-04-28T07:58:41.422841,MISS,Q3:Z5:conf=0.55,7.116079330444336,generador_respuestas
2026-04-28T07:58:41.544421,MISS,Q3:Z1:conf=0.39,12.654781341552734,generador_respuestas
2026-04-28T07:58:41.668755,MISS,Q5:Z2:conf=0.08,14.152765274047852,generador_respuestas
2026-04-28T07:58:41.783515,HIT,Q4:Z1:conf=0.47,0.8757114410400391,cache
2026-04-28T07:58:41.904945,MISS,Q3:Z2:conf=0.67,11.106252670288086,generador_respuestas
2026-04-28T07:58:42.015586,HIT,Q4:Z2:conf=0.21,0.7579326629638672,cache
2026-04-28T07:58:42.138801,MISS,Q2:Z2:conf=0.37,12.830018997192383,generador_respuestas
2026-04-28T07:58:42.262401,MISS,Q1:Z2:conf=0.24,11.837959289550781,generador_respuestas
2026-04-28T07:58:42.373943,HIT,Q2:Z3:conf=0.81,0.9088516235351562,cache
2026-04-28T07:58:42.498992,MISS,Q5:Z1:conf=0.54,14.033079147338867,generador_respuestas
2026-04-28T07:58:42.612225,HIT,Q5:Z1:conf=0.52,1.1496543884277344,cache
2026-04-28T07:58:42.724310,HIT,Q4:Z1:conf=0.18,0.7126331329345703,cache
2026-04-28T07:58:42.847283,MISS,Q2:Z1:conf=0.5,10.998249053955078,generador_respuestas
2026-04-28T07:58:42.962325,HIT,Q3:Z2:conf=0.09,1.3158321380615234,cache
2026-04-28T07:58:43.075184,HIT,Q2:Z2:conf=0.3,0.9400844573974609,cache
2026-04-28T07:58:43.188565,HIT,Q2:Z2:conf=0.17,1.0020732879638672,cache
2026-04-28T07:58:43.314140,MISS,Q4:Z3:conf=0.25,15.238046646118164,generador_respuestas
2026-04-28T07:58:43.426728,MISS,Q1:Z3:conf=0.74,5.7373046875,generador_respuestas
2026-04-28T07:58:43.538055,HIT,Q1:Z1:conf=0.07,1.1188983917236328,cache
2026-04-28T07:58:43.664268,MISS,Q5:Z4:conf=0.71,16.086101531982422,generador_respuestas
2026-04-28T07:58:43.791656,MISS,Q4:Z3:conf=0.68,15.48314094543457,generador_respuestas
2026-04-28T07:58:43.910729,MISS,Q2:Z5:conf=0.33,10.723590850830078,generador_respuestas
2026-04-28T07:58:44.036472,MISS,Q5:Z1:conf=0.38,15.301704406738281,generador_respuestas
2026-04-28T07:58:44.161332,MISS,Q3:Z2:conf=0.01,11.795997619628906,generador_respuestas
2026-04-28T07:58:44.271869,HIT,Q3:Z2:conf=0.04,0.7727146148681641,cache
2026-04-28T07:58:44.390567,MISS,Q1:Z4:conf=0.07,8.98122787475586,generador_respuestas
2026-04-28T07:58:44.510004,MISS,Q1:Z3:conf=0.11,10.204792022705078,generador_respuestas
2026-04-28T07:58:44.629574,MISS,Q1:Z1:conf=0.83,9.631872177124023,generador_respuestas
2026-04-28T07:58:44.750171,MISS,Q1:Z5:conf=0.34,10.225534439086914,generador_respuestas
2026-04-28T07:58:44.877841,MISS,Q5:Z3:conf=0.12,17.66347885131836,generador_respuestas
2026-04-28T07:58:45.005407,MISS,Q4:Z5:conf=0.25,16.013383865356445,generador_respuestas
2026-04-28T07:58:45.119438,HIT,Q4:Z2:conf=0.55,0.9608268737792969,cache
2026-04-28T07:58:45.241017,MISS,Q3:Z3:conf=0.61,11.847972869873047,generador_respuestas
2026-04-28T07:58:45.347649,HIT,Q3:Z1:conf=0.09,0.4153251647949219,cache
2026-04-28T07:58:45.457435,HIT,Q3:Z1:conf=0.57,0.9105205535888672,cache
2026-04-28T07:58:45.581520,MISS,Q1:Z1:conf=0.31,12.463808059692383,generador_respuestas
2026-04-28T07:58:45.697344,MISS,Q4:Z4:conf=0.33,8.254289627075195,generador_respuestas
2026-04-28T07:58:45.813724,MISS,Q1:Z3:conf=0.83,9.359598159790039,generador_respuestas
2026-04-28T07:58:45.935237,MISS,Q3:Z2:conf=0.05,12.892723083496094,generador_respuestas
2026-04-28T07:58:46.055382,MISS,Q3:Z4:conf=0.74,12.154579162597656,generador_respuestas
2026-04-28T07:58:46.181349,MISS,Q5:Z1:conf=0.29,16.141891479492188,generador_respuestas
2026-04-28T07:58:46.309083,MISS,Q4:Z4:conf=0.16,14.010190963745117,generador_respuestas
2026-04-28T07:58:46.433554,MISS,Q3:Z1:conf=0.56,13.602495193481445,generador_respuestas
2026-04-28T07:58:46.547040,HIT,Q4:Z2:conf=0.81,0.8113384246826172,cache
2026-04-28T07:58:46.666498,MISS,Q1:Z3:conf=0.25,9.426593780517578,generador_respuestas
2026-04-28T07:58:46.790143,MISS,Q3:Z3:conf=0.75,13.72671127319336,generador_respuestas
2026-04-28T07:58:46.903350,HIT,Q4:Z1:conf=0.7,0.8137226104736328,cache
2026-04-28T07:58:47.026315,MISS,Q5:Z1:conf=0.45,13.17596435546875,generador_respuestas
2026-04-28T07:58:47.139502,HIT,Q3:Z3:conf=0.16,0.9827613830566406,cache
2026-04-28T07:58:47.266323,MISS,Q4:Z3:conf=0.38,16.152620315551758,generador_respuestas
2026-04-28T07:58:47.372914,HIT,Q2:Z5:conf=0.28,0.3769397735595703,cache
2026-04-28T07:58:47.494360,MISS,Q4:Z2:conf=0.24,13.991594314575195,generador_respuestas
2026-04-28T07:58:47.605107,HIT,Q2:Z1:conf=0.4,0.8513927459716797,cache
2026-04-28T07:58:47.728108,MISS,Q4:Z2:conf=0.13,11.753559112548828,generador_respuestas
2026-04-28T07:58:47.853168,MISS,Q2:Z2:conf=0.42,11.240005493164062,generador_respuestas
2026-04-28T07:58:47.977380,MISS,Q4:Z4:conf=0.46,13.440608978271484,generador_respuestas
2026-04-28T07:58:48.098039,MISS,Q1:Z3:conf=0.38,11.949300765991211,generador_respuestas
2026-04-28T07:58:48.209914,HIT,Q5:Z3:conf=0.36,1.1551380157470703,cache
2026-04-28T07:58:48.324458,HIT,Q4:Z1:conf=0.79,0.7550716400146484,cache
2026-04-28T07:58:48.436472,HIT,Q1:Z1:conf=0.46,1.0082721710205078,cache
2026-04-28T07:58:48.549739,HIT,Q2:Z5:conf=0.09,0.9894371032714844,cache
2026-04-28T07:58:48.671596,MISS,Q3:Z3:conf=0.77,11.810541152954102,generador_respuestas
2026-04-28T07:58:48.782774,HIT,Q3:Z2:conf=0.68,0.8020401000976562,cache
2026-04-28T07:58:48.907314,MISS,Q5:Z4:conf=0.11,14.693498611450195,generador_respuestas
2026-04-28T07:58:49.020130,HIT,Q1:Z1:conf=0.78,0.7870197296142578,cache
2026-04-28T07:58:49.134434,HIT,Q3:Z4:conf=0.43,0.9872913360595703,cache
2026-04-28T07:58:49.257940,MISS,Q1:Z5:conf=0.21,11.48080825805664,generador_respuestas
2026-04-28T07:58:49.381167,MISS,Q3:Z5:conf=0.09,11.754512786865234,generador_respuestas
2026-04-28T07:58:49.489335,HIT,Q2:Z2:conf=0.22,0.47326087951660156,cache
2026-04-28T07:58:49.600133,HIT,Q2:Z2:conf=0.86,0.5002021789550781,cache
2026-04-28T07:58:49.724297,MISS,Q3:Z3:conf=0.02,12.99905776977539,generador_respuestas
2026-04-28T07:58:49.838550,HIT,Q4:Z4:conf=0.44,0.7526874542236328,cache
2026-04-28T07:58:49.949990,HIT,Q2:Z3:conf=0.1,0.9059906005859375,cache
2026-04-28T07:58:50.061360,HIT,Q1:Z5:conf=0.42,0.9124279022216797,cache
2026-04-28T07:58:50.187195,MISS,Q5:Z3:conf=0.2,17.523527145385742,generador_respuestas
2026-04-28T07:58:50.312707,MISS,Q4:Z3:conf=0.65,15.948772430419922,generador_respuestas
2026-04-28T07:58:50.435273,MISS,Q3:Z2:conf=0.11,12.626886367797852,generador_respuestas
2026-04-28T07:58:50.564697,MISS,Q5:Z3:conf=0.55,19.304990768432617,generador_respuestas
2026-04-28T07:58:50.682024,HIT,Q5:Z1:conf=0.7,1.2645721435546875,cache
2026-04-28T07:58:50.811941,MISS,Q4:Z3:conf=0.8,16.215085983276367,generador_respuestas
2026-04-28T07:58:50.934524,MISS,Q3:Z1:conf=0.36,14.422416687011719,generador_respuestas
2026-04-28T07:58:51.058078,MISS,Q3:Z3:conf=0.55,13.8397216796875,generador_respuestas
2026-04-28T07:58:51.169246,HIT,Q4:Z1:conf=0.49,0.7340908050537109,cache
2026-04-28T07:58:51.283226,HIT,Q2:Z2:conf=0.41,0.9577274322509766,cache
2026-04-28T07:58:51.395671,HIT,Q1:Z2:conf=0.71,0.8721351623535156,cache
2026-04-28T07:58:51.521432,MISS,Q4:Z2:conf=0.72,15.17176628112793,generador_respuestas
2026-04-28T07:58:51.633343,HIT,Q5:Z1:conf=0.52,1.07574462890625,cache
2026-04-28T07:58:51.748759,MISS,Q2:Z5:conf=0.59,6.057500839233398,generador_respuestas
2026-04-28T07:58:51.858112,HIT,Q1:Z1:conf=0.88,0.6923675537109375,cache
2026-04-28T07:58:51.969596,HIT,Q3:Z3:conf=0.55,0.7593631744384766,cache
2026-04-28T07:58:52.093439,MISS,Q2:Z4:conf=0.17,11.615753173828125,generador_respuestas
2026-04-28T07:58:52.205871,HIT,Q1:Z1:conf=0.11,0.8218288421630859,cache
2026-04-28T07:58:52.329672,MISS,Q2:Z5:conf=0.32,11.545896530151367,generador_respuestas
2026-04-28T07:58:52.454262,MISS,Q4:Z1:conf=0.23,15.32435417175293,generador_respuestas
2026-04-28T07:58:52.577944,MISS,Q4:Z3:conf=0.09,14.158487319946289,generador_respuestas
2026-04-28T07:58:52.696926,MISS,Q1:Z5:conf=0.85,9.877443313598633,generador_respuestas
2026-04-28T07:58:52.821113,MISS,Q5:Z5:conf=0.78,13.860940933227539,generador_respuestas
2026-04-28T07:58:52.934717,HIT,Q2:Z2:conf=0.32,1.0640621185302734,cache
2026-04-28T07:58:53.047281,HIT,Q3:Z4:conf=0.68,0.8540153503417969,cache
2026-04-28T07:58:53.169805,MISS,Q2:Z5:conf=0.27,10.06770133972168,generador_respuestas
2026-04-28T07:58:53.283113,HIT,Q5:Z4:conf=0.49,1.2335777282714844,cache
2026-04-28T07:58:53.410120,MISS,Q3:Z3:conf=0.42,15.29383659362793,generador_respuestas
2026-04-28T07:58:53.533784,MISS,Q2:Z3:conf=0.27,13.561248779296875,generador_respuestas
2026-04-28T07:58:53.660404,MISS,Q2:Z4:conf=0.81,13.406515121459961,generador_respuestas
2026-04-28T07:58:53.784141,MISS,Q1:Z4:conf=0.1,11.176347732543945,generador_respuestas
2026-04-28T07:58:53.900668,MISS,Q4:Z1:conf=0.01,8.914947509765625,generador_respuestas
2026-04-28T07:58:54.022100,MISS,Q4:Z5:conf=0.19,12.305021286010742,generador_respuestas
2026-04-28T07:58:54.134281,HIT,Q3:Z4:conf=0.42,1.0149478912353516,cache
2026-04-28T07:58:54.247753,HIT,Q3:Z3:conf=0.34,0.9737014770507812,cache
2026-04-28T07:58:54.361175,HIT,Q5:Z2:conf=0.66,1.0979175567626953,cache
2026-04-28T07:58:54.484699,MISS,Q3:Z5:conf=0.04,11.868953704833984,generador_respuestas
2026-04-28T07:58:54.595621,HIT,Q4:Z1:conf=0.56,0.7102489471435547,cache
2026-04-28T07:58:54.715573,MISS,Q2:Z3:conf=0.61,10.352373123168945,generador_respuestas
2026-04-28T07:58:54.837234,MISS,Q1:Z1:conf=0.32,10.180473327636719,generador_respuestas
2026-04-28T07:58:54.950393,HIT,Q5:Z2:conf=0.75,1.1982917785644531,cache
2026-04-28T07:58:55.077167,MISS,Q2:Z3:conf=0.2,12.985944747924805,generador_respuestas
2026-04-28T07:58:55.199457,MISS,Q2:Z1:conf=0.16,10.556221008300781,generador_respuestas
2026-04-28T07:58:55.313004,HIT,Q3:Z2:conf=0.72,1.0035037994384766,cache
2026-04-28T07:58:55.426366,HIT,Q4:Z3:conf=0.38,1.0526180267333984,cache
2026-04-28T07:58:55.550277,MISS,Q4:Z1:conf=0.71,13.093709945678711,generador_respuestas
2026-04-28T07:58:55.664077,MISS,Q3:Z4:conf=0.02,7.293462753295898,generador_respuestas
2026-04-28T07:58:55.774951,HIT,Q2:Z1:conf=0.2,0.8976459503173828,cache
2026-04-28T07:58:55.886808,HIT,Q5:Z3:conf=0.25,0.9644031524658203,cache
2026-04-28T07:58:56.004373,HIT,Q1:Z1:conf=0.52,1.096963882446289,cache
2026-04-28T07:58:56.127366,MISS,Q4:Z2:conf=0.19,12.988567352294922,generador_respuestas
2026-04-28T07:58:56.251277,MISS,Q4:Z5:conf=0.89,14.330625534057617,generador_respuestas
2026-04-28T07:58:56.373814,MISS,Q3:Z1:conf=0.15,13.683557510375977,generador_respuestas
2026-04-28T07:58:56.494920,MISS,Q1:Z3:conf=0.26,11.276960372924805,generador_respuestas
2026-04-28T07:58:56.618177,MISS,Q2:Z1:conf=0.56,12.84933090209961,generador_respuestas
2026-04-28T07:58:56.732362,HIT,Q3:Z1:conf=0.64,0.8683204650878906,cache
2026-04-28T07:58:56.844298,HIT,Q4:Z1:conf=0.71,0.9489059448242188,cache
2026-04-28T07:58:56.965991,MISS,Q1:Z2:conf=0.29,10.135650634765625,generador_respuestas
2026-04-28T07:58:57.090397,MISS,Q5:Z1:conf=0.8,13.202667236328125,generador_respuestas
2026-04-28T07:58:57.215192,MISS,Q4:Z4:conf=0.47,13.079404830932617,generador_respuestas
2026-04-28T07:58:57.335207,MISS,Q1:Z4:conf=0.29,11.146068572998047,generador_respuestas
2026-04-28T07:58:57.450328,MISS,Q4:Z4:conf=0.0,9.17363166809082,generador_respuestas
2026-04-28T07:58:57.561440,HIT,Q4:Z4:conf=0.4,0.8611679077148438,cache
2026-04-28T07:58:57.684961,MISS,Q2:Z4:conf=0.65,11.339187622070312,generador_respuestas
2026-04-28T07:58:57.797842,HIT,Q2:Z1:conf=0.25,0.7755756378173828,cache
2026-04-28T07:58:57.921223,MISS,Q3:Z3:conf=0.4,12.519121170043945,generador_respuestas
2026-04-28T07:58:58.032638,HIT,Q3:Z2:conf=0.04,0.8757114410400391,cache
2026-04-28T07:58:58.145583,HIT,Q4:Z2:conf=0.52,0.8575916290283203,cache
2026-04-28T07:58:58.265714,MISS,Q5:Z1:conf=0.3,10.3759765625,generador_respuestas
2026-04-28T07:58:58.390030,MISS,Q3:Z1:conf=0.22,14.516830444335938,generador_respuestas
2026-04-28T07:58:58.500921,HIT,Q1:Z1:conf=0.83,0.7393360137939453,cache
2026-04-28T07:58:58.612137,HIT,Q2:Z3:conf=0.74,0.9434223175048828,cache
2026-04-28T07:58:58.738294,MISS,Q5:Z2:conf=0.02,14.516353607177734,generador_respuestas
2026-04-28T07:58:58.851231,HIT,Q3:Z2:conf=0.09,1.222848892211914,cache
2026-04-28T07:58:58.976992,MISS,Q4:Z3:conf=0.76,15.239715576171875,generador_respuestas
2026-04-28T07:58:59.089100,HIT,Q2:Z1:conf=0.04,0.9815692901611328,cache
2026-04-28T07:58:59.202829,HIT,Q5:Z1:conf=0.22,1.0645389556884766,cache
2026-04-28T07:58:59.329045,MISS,Q2:Z1:conf=0.6,11.978626251220703,generador_respuestas
2026-04-28T07:58:59.451970,MISS,Q4:Z5:conf=0.79,12.988567352294922,generador_respuestas
2026-04-28T07:58:59.558390,HIT,Q2:Z2:conf=0.17,0.4246234893798828,cache
2026-04-28T07:58:59.679774,MISS,Q5:Z4:conf=0.81,12.511253356933594,generador_respuestas
2026-04-28T07:58:59.805015,MISS,Q1:Z3:conf=0.67,11.43193244934082,generador_respuestas
2026-04-28T07:58:59.919543,HIT,Q1:Z3:conf=0.74,0.8580684661865234,cache
2026-04-28T07:59:00.041842,MISS,Q2:Z2:conf=0.54,10.86282730102539,generador_respuestas
2026-04-28T07:59:00.153980,HIT,Q3:Z2:conf=0.32,0.8616447448730469,cache
2026-04-28T07:59:00.276205,MISS,Q1:Z2:conf=0.77,10.36524772644043,generador_respuestas
2026-04-28T07:59:00.398164,MISS,Q1:Z5:conf=0.3,10.876893997192383,generador_respuestas
2026-04-28T07:59:00.526211,MISS,Q5:Z3:conf=0.64,17.925024032592773,generador_respuestas
2026-04-28T07:59:00.639400,HIT,Q5:Z1:conf=0.75,1.0881423950195312,cache
2026-04-28T07:59:00.762744,MISS,Q1:Z4:conf=0.13,10.131359100341797,generador_respuestas
2026-04-28T07:59:00.889185,MISS,Q5:Z3:conf=0.87,14.618396759033203,generador_respuestas
2026-04-28T07:59:01.016258,MISS,Q5:Z5:conf=0.65,14.75977897644043,generador_respuestas
2026-04-28T07:59:01.140139,MISS,Q2:Z5:conf=0.75,11.037826538085938,generador_respuestas
2026-04-28T07:59:01.253306,HIT,Q2:Z1:conf=0.39,0.9200572967529297,cache
2026-04-28T07:59:01.386053,MISS,Q5:Z1:conf=0.44,17.995834350585938,generador_respuestas
2026-04-28T07:59:01.518211,MISS,Q5:Z3:conf=0.11,17.728328704833984,generador_respuestas
2026-04-28T07:59:01.646195,MISS,Q5:Z2:conf=0.0,15.209197998046875,generador_respuestas
2026-04-28T07:59:01.774907,MISS,Q4:Z4:conf=0.83,15.917778015136719,generador_respuestas
2026-04-28T07:59:01.885125,HIT,Q1:Z2:conf=0.29,0.7996559143066406,cache
2026-04-28T07:59:01.997938,HIT,Q3:Z2:conf=0.25,0.8897781372070312,cache
2026-04-28T07:59:02.110234,HIT,Q3:Z2:conf=0.44,0.8878707885742188,cache
2026-04-28T07:59:02.234037,MISS,Q4:Z4:conf=0.43,13.186454772949219,generador_respuestas
2026-04-28T07:59:02.357867,MISS,Q5:Z2:conf=0.01,13.872861862182617,generador_respuestas
2026-04-28T07:59:02.470111,HIT,Q4:Z3:conf=0.87,0.74005126953125,cache
2026-04-28T07:59:02.582166,MISS,Q1:Z5:conf=0.43,5.22923469543457,generador_respuestas
2026-04-28T07:59:02.692115,HIT,Q1:Z2:conf=0.19,0.8130073547363281,cache
2026-04-28T07:59:02.819973,MISS,Q5:Z4:conf=0.22,16.49641990661621,generador_respuestas
2026-04-28T07:59:02.944418,MISS,Q1:Z2:conf=0.89,10.380029678344727,generador_respuestas
2026-04-28T07:59:03.056292,HIT,Q2:Z1:conf=0.62,0.8783340454101562,cache
2026-04-28T07:59:03.169189,HIT,Q1:Z5:conf=0.84,0.8800029754638672,cache
2026-04-28T07:59:03.278051,HIT,Q5:Z2:conf=0.53,0.5695819854736328,cache
2026-04-28T07:59:03.402646,MISS,Q5:Z2:conf=0.74,14.205694198608398,generador_respuestas
2026-04-28T07:59:03.531222,MISS,Q4:Z4:conf=0.08,15.57159423828125,generador_respuestas
2026-04-28T07:59:03.654361,MISS,Q4:Z2:conf=0.88,12.549638748168945,generador_respuestas
2026-04-28T07:59:03.778451,MISS,Q2:Z2:conf=0.5,12.728691101074219,generador_respuestas
2026-04-28T07:59:03.903042,MISS,Q1:Z4:conf=0.7,11.326074600219727,generador_respuestas
2026-04-28T07:59:04.027661,MISS,Q5:Z4:conf=0.12,13.63515853881836,generador_respuestas
2026-04-28T07:59:04.141122,HIT,Q1:Z1:conf=0.06,0.9768009185791016,cache
2026-04-28T07:59:04.253429,HIT,Q4:Z3:conf=0.74,1.1968612670898438,cache
2026-04-28T07:59:04.380137,MISS,Q4:Z3:conf=0.81,15.563011169433594,generador_respuestas
2026-04-28T07:59:04.500392,MISS,Q5:Z3:conf=0.16,13.305902481079102,generador_respuestas
2026-04-28T07:59:04.610670,HIT,Q3:Z1:conf=0.18,0.8325576782226562,cache
2026-04-28T07:59:04.722596,HIT,Q2:Z3:conf=0.37,0.9200572967529297,cache
2026-04-28T07:59:04.849726,MISS,Q5:Z5:conf=0.79,14.741897583007812,generador_respuestas
2026-04-28T07:59:04.964053,HIT,Q5:Z1:conf=0.2,1.068115234375,cache
2026-04-28T07:59:05.091266,MISS,Q4:Z1:conf=0.53,13.525247573852539,generador_respuestas
2026-04-28T07:59:05.214970,MISS,Q2:Z5:conf=0.16,11.729955673217773,generador_respuestas
2026-04-28T07:59:05.338501,MISS,Q4:Z5:conf=0.14,12.224197387695312,generador_respuestas
2026-04-28T07:59:05.464165,MISS,Q5:Z3:conf=0.75,17.008066177368164,generador_respuestas
2026-04-28T07:59:05.586497,MISS,Q3:Z4:conf=0.24,13.376474380493164,generador_respuestas
2026-04-28T07:59:05.707201,MISS,Q1:Z1:conf=0.74,10.759353637695312,generador_respuestas
2026-04-28T07:59:05.833039,MISS,Q5:Z4:conf=0.35,16.54672622680664,generador_respuestas
2026-04-28T07:59:05.946855,HIT,Q1:Z3:conf=0.23,0.7729530334472656,cache
2026-04-28T07:59:06.059405,HIT,Q5:Z1:conf=0.72,1.3155937194824219,cache
2026-04-28T07:59:06.184938,MISS,Q1:Z2:conf=0.79,10.841846466064453,generador_respuestas
2026-04-28T07:59:06.296792,HIT,Q1:Z2:conf=0.19,0.8502006530761719,cache
2026-04-28T07:59:06.421432,MISS,Q1:Z5:conf=0.59,12.513875961303711,generador_respuestas
2026-04-28T07:59:06.533422,HIT,Q3:Z5:conf=0.81,0.8625984191894531,cache
2026-04-28T07:59:06.658037,MISS,Q2:Z1:conf=0.54,11.322259902954102,generador_respuestas
2026-04-28T07:59:06.770027,MISS,Q1:Z3:conf=0.76,5.390167236328125,generador_respuestas
2026-04-28T07:59:06.896450,MISS,Q5:Z4:conf=0.88,15.992164611816406,generador_respuestas
2026-04-28T07:59:07.012293,HIT,Q1:Z2:conf=0.16,0.7636547088623047,cache
2026-04-28T07:59:07.137321,MISS,Q5:Z5:conf=0.83,13.150930404663086,generador_respuestas
2026-04-28T07:59:07.265206,MISS,Q4:Z1:conf=0.33,15.6097412109375,generador_respuestas
2026-04-28T07:59:07.383919,MISS,Q1:Z1:conf=0.27,10.2996826171875,generador_respuestas
2026-04-28T07:59:07.495683,HIT,Q1:Z4:conf=0.1,0.8492469787597656,cache
2026-04-28T07:59:07.609304,HIT,Q5:Z2:conf=0.81,1.2199878692626953,cache
2026-04-28T07:59:07.726235,HIT,Q2:Z2:conf=0.65,0.9889602661132812,cache
2026-04-28T07:59:07.839315,HIT,Q4:Z4:conf=0.37,0.8823871612548828,cache
2026-04-28T07:59:07.951677,HIT,Q3:Z3:conf=0.24,0.820159912109375,cache
2026-04-28T07:59:08.065591,HIT,Q4:Z1:conf=0.32,0.9217262268066406,cache
2026-04-28T07:59:08.187766,MISS,Q4:Z5:conf=0.32,12.625932693481445,generador_respuestas
2026-04-28T07:59:08.294909,HIT,Q4:Z5:conf=0.19,0.47850608825683594,cache
2026-04-28T07:59:08.405566,HIT,Q1:Z2:conf=0.73,0.8263587951660156,cache
2026-04-28T07:59:08.520146,HIT,Q4:Z1:conf=0.67,0.9753704071044922,cache
2026-04-28T07:59:08.641691,MISS,Q1:Z1:conf=0.67,10.87641716003418,generador_respuestas
2026-04-28T07:59:08.755030,MISS,Q1:Z4:conf=0.8,5.525827407836914,generador_respuestas
2026-04-28T07:59:08.875516,MISS,Q1:Z4:conf=0.79,10.446310043334961,generador_respuestas
2026-04-28T07:59:08.997039,MISS,Q3:Z3:conf=0.01,11.682748794555664,generador_respuestas
2026-04-28T07:59:09.117501,MISS,Q3:Z1:conf=0.29,12.23897933959961,generador_respuestas
2026-04-28T07:59:09.229624,HIT,Q5:Z2:conf=0.83,1.04522705078125,cache
2026-04-28T07:59:09.343355,HIT,Q5:Z1:conf=0.27,1.0097026824951172,cache
2026-04-28T07:59:09.467539,MISS,Q4:Z1:conf=0.86,12.40849494934082,generador_respuestas
2026-04-28T07:59:09.591299,MISS,Q4:Z2:conf=0.18,14.887094497680664,generador_respuestas
2026-04-28T07:59:09.711804,MISS,Q3:Z1:conf=0.6,11.697769165039062,generador_respuestas
2026-04-28T07:59:09.821939,HIT,Q2:Z1:conf=0.56,0.8161067962646484,cache
2026-04-28T07:59:09.935654,HIT,Q5:Z2:conf=0.6,1.2891292572021484,cache
2026-04-28T07:59:10.063215,MISS,Q2:Z1:conf=0.19,13.674497604370117,generador_respuestas
2026-04-28T07:59:10.185190,MISS,Q1:Z4:conf=0.86,11.251688003540039,generador_respuestas
2026-04-28T07:59:10.310906,MISS,Q5:Z1:conf=0.09,15.623807907104492,generador_respuestas
2026-04-28T07:59:10.429594,MISS,Q4:Z3:conf=0.19,9.036064147949219,generador_respuestas
2026-04-28T07:59:10.552795,MISS,Q3:Z4:conf=0.64,13.83519172668457,generador_respuestas
2026-04-28T07:59:10.665338,HIT,Q1:Z2:conf=0.42,0.9052753448486328,cache
2026-04-28T07:59:10.792135,MISS,Q5:Z2:conf=0.27,16.37434959411621,generador_respuestas
2026-04-28T07:59:10.913775,MISS,Q1:Z4:conf=0.09,9.514093399047852,generador_respuestas
2026-04-28T07:59:11.036108,MISS,Q4:Z2:conf=0.8,13.962507247924805,generador_respuestas
2026-04-28T07:59:11.146955,HIT,Q5:Z1:conf=0.79,1.1363029479980469,cache
2026-04-28T07:59:11.271909,MISS,Q3:Z3:conf=0.86,12.6800537109375,generador_respuestas
2026-04-28T07:59:11.384078,HIT,Q4:Z1:conf=0.57,0.7236003875732422,cache
2026-04-28T07:59:11.509846,MISS,Q4:Z5:conf=0.41,15.828847885131836,generador_respuestas
2026-04-28T07:59:11.630893,MISS,Q2:Z5:conf=0.15,10.668516159057617,generador_respuestas
2026-04-28T07:59:11.756072,MISS,Q3:Z4:conf=0.56,13.759374618530273,generador_respuestas
2026-04-28T07:59:11.871618,MISS,Q5:Z1:conf=0.4,8.897542953491211,generador_respuestas
2026-04-28T07:59:11.992978,MISS,Q4:Z4:conf=0.03,11.705875396728516,generador_respuestas
2026-04-28T07:59:12.103888,HIT,Q1:Z1:conf=0.54,1.077890396118164,cache
2026-04-28T07:59:12.224730,MISS,Q2:Z3:conf=0.29,10.71619987487793,generador_respuestas
2026-04-28T07:59:12.346324,MISS,Q2:Z1:conf=0.83,11.430025100708008,generador_respuestas
2026-04-28T07:59:12.469962,MISS,Q3:Z5:conf=0.13,13.03410530090332,generador_respuestas
2026-04-28T07:59:12.581205,HIT,Q5:Z2:conf=0.03,1.1515617370605469,cache
2026-04-28T07:59:12.705024,MISS,Q1:Z4:conf=0.06,10.677814483642578,generador_respuestas
2026-04-28T07:59:12.827220,MISS,Q3:Z5:conf=0.89,12.249231338500977,generador_respuestas
2026-04-28T07:59:12.937921,HIT,Q3:Z2:conf=0.27,0.8568763732910156,cache
2026-04-28T07:59:13.051729,HIT,Q5:Z3:conf=0.59,1.2485980987548828,cache
2026-04-28T07:59:13.165978,HIT,Q4:Z3:conf=0.01,0.7047653198242188,cache
2026-04-28T07:59:13.292748,MISS,Q3:Z4:conf=0.86,14.504194259643555,generador_respuestas
2026-04-28T07:59:13.407282,HIT,Q1:Z2:conf=0.14,1.1303424835205078,cache
2026-04-28T07:59:13.523283,MISS,Q3:Z2:conf=0.41,7.896661758422852,generador_respuestas
2026-04-28T07:59:13.648783,MISS,Q5:Z4:conf=0.19,15.006303787231445,generador_respuestas
2026-04-28T07:59:13.761854,HIT,Q5:Z2:conf=0.68,1.1792182922363281,cache
2026-04-28T07:59:13.893577,MISS,Q5:Z3:conf=0.21,17.749786376953125,generador_respuestas
2026-04-28T07:59:14.020349,MISS,Q3:Z2:conf=0.76,15.164852142333984,generador_respuestas
2026-04-28T07:59:14.143719,MISS,Q1:Z1:conf=0.57,12.14909553527832,generador_respuestas
2026-04-28T07:59:14.267704,MISS,Q5:Z2:conf=0.59,14.775276184082031,generador_respuestas
2026-04-28T07:59:14.389697,MISS,Q2:Z3:conf=0.79,11.52348518371582,generador_respuestas
2026-04-28T07:59:14.500883,HIT,Q1:Z3:conf=0.56,0.6852149963378906,cache
2026-04-28T07:59:14.613497,HIT,Q3:Z1:conf=0.86,0.8940696716308594,cache
2026-04-28T07:59:14.737915,MISS,Q4:Z5:conf=0.07,12.147188186645508,generador_respuestas
2026-04-28T07:59:14.861011,MISS,Q1:Z3:conf=0.03,12.393951416015625,generador_respuestas
2026-04-28T07:59:14.987487,MISS,Q5:Z3:conf=0.17,17.46201515197754,generador_respuestas
2026-04-28T07:59:15.102527,HIT,Q1:Z1:conf=0.47,0.7181167602539062,cache
2026-04-28T07:59:15.225205,MISS,Q3:Z1:conf=0.13,13.335466384887695,generador_respuestas
2026-04-28T07:59:15.345034,MISS,Q3:Z4:conf=0.9,11.095285415649414,generador_respuestas
2026-04-28T07:59:15.464481,MISS,Q1:Z3:conf=0.27,10.779857635498047,generador_respuestas
2026-04-28T07:59:15.576764,MISS,Q1:Z3:conf=0.05,5.860805511474609,generador_respuestas
2026-04-28T07:59:15.686818,HIT,Q5:Z3:conf=0.01,1.0454654693603516,cache
2026-04-28T07:59:15.801625,HIT,Q1:Z2:conf=0.14,0.8206367492675781,cache
2026-04-28T07:59:15.926667,MISS,Q3:Z4:conf=0.12,13.257980346679688,generador_respuestas
2026-04-28T07:59:16.051998,MISS,Q5:Z5:conf=0.42,15.05899429321289,generador_respuestas
2026-04-28T07:59:16.165926,HIT,Q1:Z2:conf=0.42,0.8418560028076172,cache
2026-04-28T07:59:16.279105,HIT,Q3:Z2:conf=0.29,1.0428428649902344,cache
2026-04-28T07:59:16.389930,HIT,Q2:Z1:conf=0.19,0.7624626159667969,cache
2026-04-28T07:59:16.517880,MISS,Q5:Z3:conf=0.52,16.796588897705078,generador_respuestas
2026-04-28T07:59:16.642895,MISS,Q3:Z1:conf=0.87,11.615753173828125,generador_respuestas
2026-04-28T07:59:16.757463,HIT,Q4:Z1:conf=0.19,0.8378028869628906,cache
2026-04-28T07:59:16.878318,MISS,Q2:Z5:conf=0.87,10.386943817138672,generador_respuestas
2026-04-28T07:59:17.002501,MISS,Q5:Z5:conf=0.82,13.11182975769043,generador_respuestas
2026-04-28T07:59:17.119945,HIT,Q4:Z1:conf=0.16,0.885009765625,cache
2026-04-28T07:59:17.245961,MISS,Q4:Z5:conf=0.64,14.641523361206055,generador_respuestas
2026-04-28T07:59:17.353749,HIT,Q2:Z5:conf=0.59,0.40650367736816406,cache
2026-04-28T07:59:17.464924,HIT,Q4:Z1:conf=0.2,0.8308887481689453,cache
2026-04-28T07:59:17.586993,MISS,Q3:Z1:conf=0.25,12.227773666381836,generador_respuestas
2026-04-28T07:59:17.707368,MISS,Q2:Z3:conf=0.6,11.248111724853516,generador_respuestas
2026-04-28T07:59:17.820383,HIT,Q2:Z2:conf=0.36,0.8924007415771484,cache
2026-04-28T07:59:17.931412,HIT,Q2:Z3:conf=0.43,0.8525848388671875,cache
2026-04-28T07:59:18.056427,MISS,Q3:Z1:conf=0.0,12.862920761108398,generador_respuestas
2026-04-28T07:59:18.178128,MISS,Q1:Z4:conf=0.52,10.498046875,generador_respuestas
2026-04-28T07:59:18.301424,MISS,Q3:Z3:conf=0.46,13.47494125366211,generador_respuestas
2026-04-28T07:59:18.412103,HIT,Q5:Z5:conf=0.36,0.9493827819824219,cache
2026-04-28T07:59:18.527030,HIT,Q1:Z4:conf=0.81,0.8327960968017578,cache
2026-04-28T07:59:18.652140,MISS,Q2:Z5:conf=0.39,11.827230453491211,generador_respuestas
2026-04-28T07:59:18.776829,MISS,Q3:Z5:conf=0.12,12.882709503173828,generador_respuestas
2026-04-28T07:59:18.888194,HIT,Q5:Z3:conf=0.69,1.1196136474609375,cache
2026-04-28T07:59:19.002741,HIT,Q5:Z1:conf=0.17,1.0364055633544922,cache
2026-04-28T07:59:19.131440,MISS,Q4:Z4:conf=0.56,14.845609664916992,generador_respuestas
2026-04-28T07:59:19.258855,MISS,Q5:Z3:conf=0.47,19.368410110473633,generador_respuestas
2026-04-28T07:59:19.369377,HIT,Q3:Z1:conf=0.87,1.0018348693847656,cache
2026-04-28T07:59:19.483677,HIT,Q3:Z1:conf=0.23,0.9675025939941406,cache
2026-04-28T07:59:19.599287,HIT,Q4:Z1:conf=0.26,0.8513927459716797,cache
2026-04-28T07:59:19.711872,HIT,Q1:Z3:conf=0.57,0.7789134979248047,cache
2026-04-28T07:59:19.823456,HIT,Q4:Z1:conf=0.86,0.8199214935302734,cache
2026-04-28T07:59:19.936036,HIT,Q1:Z2:conf=0.11,0.8115768432617188,cache
2026-04-28T07:59:20.057758,MISS,Q1:Z3:conf=0.59,11.061668395996094,generador_respuestas
2026-04-28T07:59:20.168732,HIT,Q3:Z1:conf=0.54,0.858306884765625,cache
2026-04-28T07:59:20.281346,HIT,Q3:Z1:conf=0.15,0.9489059448242188,cache
2026-04-28T07:59:20.394785,MISS,Q3:Z3:conf=0.09,6.257295608520508,generador_respuestas
2026-04-28T07:59:20.516073,MISS,Q2:Z4:conf=0.24,12.01009750366211,generador_respuestas
2026-04-28T07:59:20.642426,MISS,Q4:Z1:conf=0.28,14.316082000732422,generador_respuestas
2026-04-28T07:59:20.752221,HIT,Q2:Z2:conf=0.73,0.8270740509033203,cache
2026-04-28T07:59:20.876535,MISS,Q4:Z4:conf=0.58,15.24972915649414,generador_respuestas
2026-04-28T07:59:21.000914,MISS,Q3:Z1:conf=0.7,13.032197952270508,generador_respuestas
2026-04-28T07:59:21.124129,MISS,Q3:Z3:conf=0.74,13.281822204589844,generador_respuestas
2026-04-28T07:59:21.234563,HIT,Q3:Z3:conf=0.39,0.8714199066162109,cache
2026-04-28T07:59:21.356350,MISS,Q1:Z2:conf=0.59,10.439157485961914,generador_respuestas
2026-04-28T07:59:21.477429,MISS,Q1:Z4:conf=0.4,9.59920883178711,generador_respuestas
2026-04-28T07:59:21.589642,HIT,Q1:Z2:conf=0.73,0.7348060607910156,cache
2026-04-28T07:59:21.713062,MISS,Q5:Z1:conf=0.53,12.812376022338867,generador_respuestas
2026-04-28T07:59:21.835876,MISS,Q1:Z1:conf=0.23,11.127471923828125,generador_respuestas
2026-04-28T07:59:21.956272,MISS,Q1:Z1:conf=0.01,9.639501571655273,generador_respuestas
2026-04-28T07:59:22.068142,HIT,Q4:Z2:conf=0.77,0.8122920989990234,cache
2026-04-28T07:59:22.184180,MISS,Q3:Z4:conf=0.67,8.982658386230469,generador_respuestas
2026-04-28T07:59:22.302076,MISS,Q1:Z4:conf=0.82,9.740352630615234,generador_respuestas
2026-04-28T07:59:22.414173,HIT,Q5:Z3:conf=0.16,1.3799667358398438,cache
2026-04-28T07:59:22.531978,HIT,Q5:Z1:conf=0.89,1.5919208526611328,cache
2026-04-28T07:59:22.647738,HIT,Q2:Z2:conf=0.34,0.9322166442871094,cache
2026-04-28T07:59:22.773051,MISS,Q2:Z2:conf=0.51,13.395071029663086,generador_respuestas
2026-04-28T07:59:22.885818,HIT,Q1:Z2:conf=0.79,0.8170604705810547,cache
2026-04-28T07:59:23.013864,MISS,Q5:Z2:conf=0.7,16.365528106689453,generador_respuestas
2026-04-28T07:59:23.126301,HIT,Q3:Z4:conf=0.14,0.8974075317382812,cache
2026-04-28T07:59:23.249540,MISS,Q1:Z5:conf=0.88,10.838985443115234,generador_respuestas
2026-04-28T07:59:23.373365,MISS,Q3:Z3:conf=0.36,14.933109283447266,generador_respuestas
2026-04-28T07:59:23.485189,HIT,Q5:Z1:conf=0.08,1.1146068572998047,cache
2026-04-28T07:59:23.601235,HIT,Q3:Z2:conf=0.55,0.9176731109619141,cache
2026-04-28T07:59:23.715737,HIT,Q4:Z1:conf=0.8,0.8814334869384766,cache
2026-04-28T07:59:23.838215,MISS,Q2:Z4:conf=0.02,11.181831359863281,generador_respuestas
2026-04-28T07:59:23.946297,HIT,Q4:Z2:conf=0.55,0.4248619079589844,cache
2026-04-28T07:59:24.067486,MISS,Q2:Z4:conf=0.23,11.058807373046875,generador_respuestas
2026-04-28T07:59:24.179112,HIT,Q1:Z3:conf=0.53,0.6768703460693359,cache
2026-04-28T07:59:24.290774,HIT,Q4:Z2:conf=0.56,0.8122920989990234,cache
2026-04-28T07:59:24.413296,MISS,Q2:Z2:conf=0.38,11.957645416259766,generador_respuestas
2026-04-28T07:59:24.525685,HIT,Q3:Z2:conf=0.09,0.9396076202392578,cache
2026-04-28T07:59:24.639177,HIT,Q1:Z1:conf=0.41,1.1670589447021484,cache
2026-04-28T07:59:24.752797,HIT,Q1:Z4:conf=0.87,0.7631778717041016,cache
2026-04-28T07:59:24.876040,MISS,Q3:Z1:conf=0.27,12.549877166748047,generador_respuestas
2026-04-28T07:59:24.988511,HIT,Q1:Z5:conf=0.05,0.8141994476318359,cache
2026-04-28T07:59:25.115548,MISS,Q5:Z4:conf=0.72,16.388654708862305,generador_respuestas
2026-04-28T07:59:25.232117,HIT,Q5:Z1:conf=0.55,1.2538433074951172,cache
2026-04-28T07:59:25.346980,MISS,Q2:Z4:conf=0.15,5.96308708190918,generador_respuestas
2026-04-28T07:59:25.458528,HIT,Q3:Z1:conf=0.14,0.9362697601318359,cache
2026-04-28T07:59:25.570895,HIT,Q2:Z4:conf=0.04,1.0569095611572266,cache
2026-04-28T07:59:25.693222,MISS,Q2:Z5:conf=0.06,12.276411056518555,generador_respuestas
2026-04-28T07:59:25.800347,HIT,Q2:Z5:conf=0.62,0.3998279571533203,cache
2026-04-28T07:59:25.925561,MISS,Q4:Z2:conf=0.61,15.382766723632812,generador_respuestas
2026-04-28T07:59:26.050295,MISS,Q3:Z2:conf=0.42,13.348579406738281,generador_respuestas
2026-04-28T07:59:26.164533,HIT,Q5:Z1:conf=0.17,1.264333724975586,cache
2026-04-28T07:59:26.294770,MISS,Q3:Z2:conf=0.21,15.519142150878906,generador_respuestas
2026-04-28T07:59:26.424917,MISS,Q4:Z4:conf=0.06,17.601490020751953,generador_respuestas
2026-04-28T07:59:26.545325,MISS,Q3:Z2:conf=0.18,11.158466339111328,generador_respuestas
2026-04-28T07:59:26.672466,MISS,Q5:Z3:conf=0.28,18.075227737426758,generador_respuestas
2026-04-28T07:59:26.796310,MISS,Q2:Z2:conf=0.74,10.473966598510742,generador_respuestas
2026-04-28T07:59:26.921351,MISS,Q2:Z2:conf=0.16,12.563467025756836,generador_respuestas
2026-04-28T07:59:27.043079,MISS,Q1:Z5:conf=0.01,10.533332824707031,generador_respuestas
2026-04-28T07:59:27.155368,HIT,Q2:Z5:conf=0.19,0.9014606475830078,cache
2026-04-28T07:59:27.277011,MISS,Q3:Z4:conf=0.81,11.552810668945312,generador_respuestas
2026-04-28T07:59:27.390338,HIT,Q1:Z1:conf=0.68,0.7867813110351562,cache
2026-04-28T07:59:27.503384,HIT,Q4:Z1:conf=0.49,1.0113716125488281,cache
2026-04-28T07:59:27.616290,HIT,Q2:Z1:conf=0.25,0.9036064147949219,cache
2026-04-28T07:59:27.739682,MISS,Q5:Z4:conf=0.17,12.555599212646484,generador_respuestas
2026-04-28T07:59:27.869431,MISS,Q5:Z3:conf=0.74,17.79627799987793,generador_respuestas
2026-04-28T07:59:27.993516,MISS,Q1:Z2:conf=0.49,10.26606559753418,generador_respuestas
2026-04-28T07:59:28.110144,MISS,Q5:Z3:conf=0.49,9.773969650268555,generador_respuestas
2026-04-28T07:59:28.221981,HIT,Q1:Z2:conf=0.24,0.7901191711425781,cache
2026-04-28T07:59:28.333338,HIT,Q2:Z4:conf=0.42,0.9219646453857422,cache
2026-04-28T07:59:28.446932,HIT,Q5:Z1:conf=0.0,1.2140274047851562,cache
2026-04-28T07:59:28.561371,HIT,Q3:Z1:conf=0.34,0.7815361022949219,cache
2026-04-28T07:59:28.684972,MISS,Q1:Z3:conf=0.33,11.570930480957031,generador_respuestas
2026-04-28T07:59:28.803767,MISS,Q1:Z4:conf=0.89,8.253097534179688,generador_respuestas
2026-04-28T07:59:28.917943,HIT,Q2:Z5:conf=0.8,1.0120868682861328,cache
2026-04-28T07:59:29.031659,HIT,Q5:Z3:conf=0.56,1.2221336364746094,cache
2026-04-28T07:59:29.157053,MISS,Q1:Z1:conf=0.17,10.652780532836914,generador_respuestas
2026-04-28T07:59:29.270321,HIT,Q4:Z5:conf=0.63,0.8597373962402344,cache
2026-04-28T07:59:29.381500,HIT,Q4:Z2:conf=0.31,0.6895065307617188,cache
2026-04-28T07:59:29.493105,HIT,Q4:Z1:conf=0.48,0.8168220520019531,cache
2026-04-28T07:59:29.604867,HIT,Q3:Z1:conf=0.41,0.8320808410644531,cache
2026-04-28T07:59:29.718112,HIT,Q2:Z4:conf=0.22,0.9098052978515625,cache
2026-04-28T07:59:29.843745,MISS,Q5:Z2:conf=0.31,14.217376708984375,generador_respuestas
2026-04-28T07:59:29.972004,MISS,Q3:Z3:conf=0.57,15.36107063293457,generador_respuestas
2026-04-28T07:59:30.087020,MISS,Q4:Z2:conf=0.12,8.322000503540039,generador_respuestas
2026-04-28T07:59:30.209443,MISS,Q5:Z2:conf=0.89,12.952804565429688,generador_respuestas
2026-04-28T07:59:30.325162,HIT,Q1:Z2:conf=0.04,1.199960708618164,cache
2026-04-28T07:59:30.449481,MISS,Q3:Z4:conf=0.31,12.437105178833008,generador_respuestas
2026-04-28T07:59:30.560890,HIT,Q4:Z2:conf=0.25,0.8552074432373047,cache
2026-04-28T07:59:30.672590,HIT,Q5:Z5:conf=0.78,0.9915828704833984,cache
2026-04-28T07:59:30.798067,MISS,Q4:Z2:conf=0.32,12.590885162353516,generador_respuestas
2026-04-28T07:59:30.908707,HIT,Q5:Z1:conf=0.55,1.0988712310791016,cache
2026-04-28T07:59:31.023033,HIT,Q2:Z1:conf=0.31,0.8521080017089844,cache
2026-04-28T07:59:31.134226,HIT,Q3:Z2:conf=0.82,0.7808208465576172,cache
2026-04-28T07:59:31.260255,MISS,Q5:Z4:conf=0.16,15.532255172729492,generador_respuestas
2026-04-28T07:59:31.374271,HIT,Q1:Z1:conf=0.07,0.7758140563964844,cache
2026-04-28T07:59:31.502066,MISS,Q5:Z1:conf=0.05,16.437530517578125,generador_respuestas
2026-04-28T07:59:31.624801,MISS,Q1:Z3:conf=0.71,11.458873748779297,generador_respuestas
2026-04-28T07:59:31.736836,MISS,Q1:Z1:conf=0.62,5.453824996948242,generador_respuestas
2026-04-28T07:59:31.857072,MISS,Q1:Z3:conf=0.69,11.780261993408203,generador_respuestas
2026-04-28T07:59:31.969329,HIT,Q3:Z1:conf=0.13,0.9238719940185547,cache
2026-04-28T07:59:32.081254,HIT,Q5:Z1:conf=0.38,0.9970664978027344,cache
2026-04-28T07:59:32.203837,MISS,Q2:Z3:conf=0.68,11.147737503051758,generador_respuestas
2026-04-28T07:59:32.316673,HIT,Q2:Z2:conf=0.22,0.8645057678222656,cache
2026-04-28T07:59:32.430658,HIT,Q3:Z2:conf=0.67,1.100301742553711,cache
2026-04-28T07:59:32.543448,HIT,Q3:Z5:conf=0.12,0.9779930114746094,cache
2026-04-28T07:59:32.664089,MISS,Q2:Z5:conf=0.69,11.002540588378906,generador_respuestas
2026-04-28T07:59:32.786059,MISS,Q1:Z1:conf=0.69,10.513067245483398,generador_respuestas
2026-04-28T07:59:32.897131,HIT,Q3:Z2:conf=0.86,0.7884502410888672,cache
2026-04-28T07:59:33.022261,MISS,Q4:Z1:conf=0.4,14.390707015991211,generador_respuestas
2026-04-28T07:59:33.143289,MISS,Q2:Z5:conf=0.03,10.738134384155273,generador_respuestas
2026-04-28T07:59:33.264556,MISS,Q2:Z3:conf=0.09,10.734081268310547,generador_respuestas
2026-04-28T07:59:33.372725,HIT,Q2:Z5:conf=0.81,0.4165172576904297,cache
2026-04-28T07:59:33.495707,MISS,Q4:Z5:conf=0.03,14.30368423461914,generador_respuestas
2026-04-28T07:59:33.619346,MISS,Q5:Z5:conf=0.84,13.620615005493164,generador_respuestas
2026-04-28T07:59:33.731867,HIT,Q2:Z1:conf=0.17,0.8394718170166016,cache
2026-04-28T07:59:33.849053,MISS,Q2:Z3:conf=0.66,8.697509765625,generador_respuestas
2026-04-28T07:59:33.959015,HIT,Q4:Z1:conf=0.57,0.6833076477050781,cache
2026-04-28T07:59:34.072147,HIT,Q5:Z1:conf=0.09,1.1823177337646484,cache
2026-04-28T07:59:34.186782,HIT,Q2:Z5:conf=0.46,1.1219978332519531,cache
2026-04-28T07:59:34.299837,HIT,Q4:Z1:conf=0.49,0.850677490234375,cache
2026-04-28T07:59:34.420118,MISS,Q1:Z5:conf=0.68,10.069608688354492,generador_respuestas
2026-04-28T07:59:34.531636,HIT,Q2:Z2:conf=0.14,0.8056163787841797,cache
2026-04-28T07:59:34.644044,HIT,Q2:Z1:conf=0.6,0.8883476257324219,cache
2026-04-28T07:59:34.766778,MISS,Q4:Z2:conf=0.7,10.403633117675781,generador_respuestas
2026-04-28T07:59:34.878298,HIT,Q4:Z4:conf=0.37,0.8726119995117188,cache
2026-04-28T07:59:34.991037,HIT,Q1:Z2:conf=0.77,0.8299350738525391,cache
2026-04-28T07:59:35.102656,HIT,Q1:Z1:conf=0.1,0.7500648498535156,cache
2026-04-28T07:59:35.223436,MISS,Q1:Z2:conf=0.87,10.207176208496094,generador_respuestas
2026-04-28T07:59:35.344526,MISS,Q1:Z5:conf=0.78,10.439872741699219,generador_respuestas
2026-04-28T07:59:35.455407,HIT,Q2:Z2:conf=0.86,0.9925365447998047,cache
2026-04-28T07:59:35.567728,HIT,Q3:Z5:conf=0.63,0.8409023284912109,cache
2026-04-28T07:59:35.695408,MISS,Q4:Z5:conf=0.74,14.30368423461914,generador_respuestas
2026-04-28T07:59:35.807355,MISS,Q1:Z4:conf=0.45,5.694866180419922,generador_respuestas
2026-04-28T07:59:35.917036,HIT,Q5:Z2:conf=0.81,1.07574462890625,cache
2026-04-28T07:59:36.032520,HIT,Q5:Z3:conf=0.17,1.2478828430175781,cache
2026-04-28T07:59:36.148760,HIT,Q3:Z1:conf=0.12,1.142263412475586,cache
2026-04-28T07:59:36.260900,HIT,Q2:Z3:conf=0.16,0.7987022399902344,cache
2026-04-28T07:59:36.373273,HIT,Q5:Z5:conf=0.61,1.4710426330566406,cache
2026-04-28T07:59:36.499487,MISS,Q1:Z5:conf=0.25,11.625051498413086,generador_respuestas
2026-04-28T07:59:36.623751,MISS,Q3:Z2:conf=0.07,13.431072235107422,generador_respuestas
2026-04-28T07:59:36.745536,MISS,Q2:Z1:conf=0.44,10.64157485961914,generador_respuestas
2026-04-28T07:59:36.870389,MISS,Q4:Z4:conf=0.15,14.510631561279297,generador_respuestas
2026-04-28T07:59:36.992008,MISS,Q2:Z4:conf=0.67,10.143518447875977,generador_respuestas
2026-04-28T07:59:37.115283,MISS,Q3:Z5:conf=0.9,11.02757453918457,generador_respuestas
2026-04-28T07:59:37.228754,HIT,Q1:Z2:conf=0.07,0.7419586181640625,cache
2026-04-28T07:59:37.341082,HIT,Q3:Z3:conf=0.44,0.8771419525146484,cache
2026-04-28T07:59:37.452745,HIT,Q1:Z4:conf=0.73,0.9074211120605469,cache
2026-04-28T07:59:37.576264,MISS,Q1:Z3:conf=0.07,11.99960708618164,generador_respuestas
2026-04-28T07:59:37.684924,HIT,Q1:Z2:conf=0.49,0.5850791931152344,cache
2026-04-28T07:59:37.797227,HIT,Q5:Z1:conf=0.53,1.2214183807373047,cache
2026-04-28T07:59:37.912055,HIT,Q2:Z1:conf=0.78,0.8058547973632812,cache
2026-04-28T07:59:38.025096,HIT,Q1:Z5:conf=0.02,0.9045600891113281,cache
2026-04-28T07:59:38.151099,MISS,Q5:Z1:conf=0.26,16.09206199645996,generador_respuestas
2026-04-28T07:59:38.265950,HIT,Q1:Z2:conf=0.85,0.8521080017089844,cache
2026-04-28T07:59:38.378661,HIT,Q2:Z2:conf=0.09,0.9644031524658203,cache
2026-04-28T07:59:38.506310,MISS,Q5:Z2:conf=0.34,17.214536666870117,generador_respuestas
2026-04-28T07:59:38.632183,MISS,Q3:Z3:conf=0.31,12.356042861938477,generador_respuestas
2026-04-28T07:59:38.745380,HIT,Q5:Z2:conf=0.79,1.1522769927978516,cache
2026-04-28T07:59:38.867038,MISS,Q2:Z2:conf=0.81,10.369539260864258,generador_respuestas
2026-04-28T07:59:38.992999,MISS,Q4:Z4:conf=0.17,14.421939849853516,generador_respuestas
2026-04-28T07:59:39.105438,HIT,Q3:Z3:conf=0.17,0.8630752563476562,cache
2026-04-28T07:59:39.226790,MISS,Q4:Z5:conf=0.09,12.19797134399414,generador_respuestas
2026-04-28T07:59:39.333434,HIT,Q4:Z2:conf=0.59,0.4329681396484375,cache
2026-04-28T07:59:39.456693,MISS,Q4:Z5:conf=0.37,13.253211975097656,generador_respuestas
2026-04-28T07:59:39.582230,MISS,Q3:Z5:conf=0.18,14.725685119628906,generador_respuestas
2026-04-28T07:59:39.695197,HIT,Q2:Z1:conf=0.15,1.1339187622070312,cache
2026-04-28T07:59:39.803615,HIT,Q1:Z3:conf=0.4,0.5054473876953125,cache
2026-04-28T07:59:39.913813,HIT,Q3:Z5:conf=0.55,0.8683204650878906,cache
2026-04-28T07:59:40.036815,MISS,Q4:Z1:conf=0.46,12.75777816772461,generador_respuestas
2026-04-28T07:59:40.156767,MISS,Q1:Z5:conf=0.48,10.126829147338867,generador_respuestas
2026-04-28T07:59:40.269300,HIT,Q4:Z1:conf=0.85,0.797271728515625,cache
2026-04-28T07:59:40.380489,HIT,Q4:Z1:conf=0.85,0.827789306640625,cache
2026-04-28T07:59:40.504271,MISS,Q2:Z4:conf=0.71,13.100862503051758,generador_respuestas
2026-04-28T07:59:40.625261,MISS,Q1:Z3:conf=0.68,10.54239273071289,generador_respuestas
2026-04-28T07:59:40.745824,MISS,Q2:Z2:conf=0.35,10.660171508789062,generador_respuestas
2026-04-28T07:59:40.866196,MISS,Q1:Z2:conf=0.45,10.421037673950195,generador_respuestas
2026-04-28T07:59:40.974629,HIT,Q4:Z2:conf=0.13,0.8156299591064453,cache
2026-04-28T07:59:41.080373,HIT,Q3:Z1:conf=0.29,0.4324913024902344,cache
2026-04-28T07:59:41.204019,MISS,Q4:Z1:conf=0.72,14.395952224731445,generador_respuestas
2026-04-28T07:59:41.324866,MISS,Q1:Z2:conf=0.27,10.001182556152344,generador_respuestas
2026-04-28T07:59:41.438105,HIT,Q2:Z5:conf=0.33,0.9624958038330078,cache
2026-04-28T07:59:41.550876,HIT,Q1:Z3:conf=0.08,0.7936954498291016,cache
2026-04-28T07:59:41.675959,MISS,Q4:Z1:conf=0.17,13.94343376159668,generador_respuestas
2026-04-28T07:59:41.798008,MISS,Q4:Z2:conf=0.66,13.436317443847656,generador_respuestas
2026-04-28T07:59:41.911396,HIT,Q2:Z4:conf=0.1,0.9255409240722656,cache
2026-04-28T07:59:42.023973,HIT,Q4:Z4:conf=0.52,1.1348724365234375,cache
2026-04-28T07:59:42.135979,HIT,Q4:Z2:conf=0.23,0.8084774017333984,cache
2026-04-28T07:59:42.247578,HIT,Q2:Z4:conf=0.75,0.8051395416259766,cache
2026-04-28T07:59:42.361703,HIT,Q1:Z2:conf=0.45,1.138925552368164,cache
2026-04-28T07:59:42.486998,MISS,Q3:Z1:conf=0.81,12.857675552368164,generador_respuestas
2026-04-28T07:59:42.602437,MISS,Q3:Z4:conf=0.55,7.6427459716796875,generador_respuestas
2026-04-28T07:59:42.730125,MISS,Q5:Z2:conf=0.33,17.384767532348633,generador_respuestas
2026-04-28T07:59:42.845718,HIT,Q2:Z4:conf=0.42,0.8614063262939453,cache
2026-04-28T07:59:42.970320,MISS,Q1:Z2:conf=0.36,11.69276237487793,generador_respuestas
2026-04-28T07:59:43.092987,MISS,Q1:Z4:conf=0.67,11.479616165161133,generador_respuestas
2026-04-28T07:59:43.205485,HIT,Q2:Z2:conf=0.37,0.9584426879882812,cache
2026-04-28T07:59:43.319930,HIT,Q1:Z2:conf=0.58,0.9434223175048828,cache
2026-04-28T07:59:43.433119,HIT,Q1:Z1:conf=0.62,0.80108642578125,cache
2026-04-28T07:59:43.543583,HIT,Q4:Z1:conf=0.22,0.6384849548339844,cache
2026-04-28T07:59:43.669075,MISS,Q4:Z2:conf=0.34,15.108108520507812,generador_respuestas
2026-04-28T07:59:43.794002,MISS,Q5:Z4:conf=0.85,14.953136444091797,generador_respuestas
2026-04-28T07:59:43.909090,HIT,Q5:Z1:conf=0.55,1.3179779052734375,cache
2026-04-28T07:59:44.023497,HIT,Q4:Z4:conf=0.08,0.7321834564208984,cache
2026-04-28T07:59:44.142256,MISS,Q1:Z4:conf=0.75,9.263753890991211,generador_respuestas
2026-04-28T07:59:44.249146,HIT,Q1:Z3:conf=0.71,0.4792213439941406,cache
2026-04-28T07:59:44.372874,MISS,Q4:Z2:conf=0.3,14.056205749511719,generador_respuestas
2026-04-28T07:59:44.483701,HIT,Q4:Z2:conf=0.83,0.9357929229736328,cache
2026-04-28T07:59:44.594928,HIT,Q5:Z5:conf=0.43,0.93841552734375,cache
2026-04-28T07:59:44.708405,HIT,Q2:Z2:conf=0.8,0.8780956268310547,cache
2026-04-28T07:59:44.830872,MISS,Q2:Z5:conf=0.36,11.810779571533203,generador_respuestas
2026-04-28T07:59:44.942512,HIT,Q5:Z1:conf=0.09,1.1000633239746094,cache
2026-04-28T07:59:45.056455,HIT,Q4:Z4:conf=0.4,0.8096694946289062,cache
2026-04-28T07:59:45.179404,MISS,Q1:Z2:conf=0.31,11.264562606811523,generador_respuestas
2026-04-28T07:59:45.308596,MISS,Q5:Z1:conf=0.18,17.671585083007812,generador_respuestas
2026-04-28T07:59:45.423628,HIT,Q1:Z1:conf=0.66,0.9028911590576172,cache
2026-04-28T07:59:45.545573,MISS,Q3:Z4:conf=0.47,11.855602264404297,generador_respuestas
2026-04-28T07:59:45.667727,MISS,Q3:Z2:conf=0.87,11.522769927978516,generador_respuestas
2026-04-28T07:59:45.778787,HIT,Q2:Z3:conf=0.78,0.8845329284667969,cache
2026-04-28T07:59:45.893103,HIT,Q1:Z1:conf=0.36,0.9038448333740234,cache
2026-04-28T07:59:46.013065,MISS,Q1:Z1:conf=0.43,10.791778564453125,generador_respuestas
2026-04-28T07:59:46.120715,HIT,Q4:Z3:conf=0.84,0.47659873962402344,cache
2026-04-28T07:59:46.241541,MISS,Q2:Z1:conf=0.23,11.07335090637207,generador_respuestas
2026-04-28T07:59:46.354197,HIT,Q1:Z1:conf=0.67,0.7994174957275391,cache
2026-04-28T07:59:46.478666,MISS,Q3:Z2:conf=0.81,11.956214904785156,generador_respuestas
2026-04-28T07:59:46.602307,MISS,Q1:Z1:conf=0.45,11.150360107421875,generador_respuestas
2026-04-28T07:59:46.727106,MISS,Q5:Z5:conf=0.77,14.081239700317383,generador_respuestas
2026-04-28T07:59:46.843053,HIT,Q5:Z2:conf=0.84,1.3840198516845703,cache
2026-04-28T07:59:46.957233,HIT,Q4:Z1:conf=0.72,0.7085800170898438,cache
2026-04-28T07:59:47.070509,HIT,Q2:Z4:conf=0.65,0.9274482727050781,cache
2026-04-28T07:59:47.194056,MISS,Q2:Z1:conf=0.3,11.87443733215332,generador_respuestas
2026-04-28T07:59:47.318322,MISS,Q2:Z4:conf=0.26,11.551380157470703,generador_respuestas
2026-04-28T07:59:47.447138,MISS,Q4:Z5:conf=0.4,15.831708908081055,generador_respuestas
2026-04-28T07:59:47.570243,MISS,Q1:Z1:conf=0.73,12.62807846069336,generador_respuestas
2026-04-28T07:59:47.683647,HIT,Q5:Z5:conf=0.17,1.2111663818359375,cache
2026-04-28T07:59:47.800115,HIT,Q5:Z5:conf=0.38,1.2295246124267578,cache
2026-04-28T07:59:47.916951,HIT,Q5:Z2:conf=0.03,1.2540817260742188,cache
2026-04-28T07:59:48.032108,HIT,Q1:Z1:conf=0.22,0.7269382476806641,cache
2026-04-28T07:59:48.143884,HIT,Q2:Z1:conf=0.12,0.91552734375,cache
2026-04-28T07:59:48.267058,MISS,Q5:Z1:conf=0.5,13.200998306274414,generador_respuestas
2026-04-28T07:59:48.382722,HIT,Q5:Z5:conf=0.84,1.1439323425292969,cache
2026-04-28T07:59:48.498759,MISS,Q1:Z1:conf=0.79,5.65338134765625,generador_respuestas
2026-04-28T07:59:48.621217,MISS,Q3:Z3:conf=0.19,14.725923538208008,generador_respuestas
2026-04-28T07:59:48.731871,HIT,Q1:Z5:conf=0.87,0.8945465087890625,cache
2026-04-28T07:59:48.855696,MISS,Q2:Z1:conf=0.75,12.447357177734375,generador_respuestas
2026-04-28T07:59:48.968451,HIT,Q3:Z2:conf=0.18,0.9400844573974609,cache
2026-04-28T07:59:49.081661,HIT,Q2:Z2:conf=0.86,0.9098052978515625,cache
2026-04-28T07:59:49.202998,MISS,Q1:Z2:conf=0.33,9.966611862182617,generador_respuestas
2026-04-28T07:59:49.326250,MISS,Q1:Z1:conf=0.5,10.815143585205078,generador_respuestas
2026-04-28T07:59:49.442321,MISS,Q4:Z3:conf=0.29,8.85629653930664,generador_respuestas
2026-04-28T07:59:49.552584,HIT,Q4:Z5:conf=0.09,0.7493495941162109,cache
2026-04-28T07:59:49.663935,HIT,Q1:Z1:conf=0.83,0.7448196411132812,cache
2026-04-28T07:59:49.786092,MISS,Q3:Z4:conf=0.33,12.952089309692383,generador_respuestas
2026-04-28T07:59:49.907445,MISS,Q1:Z4:conf=0.48,10.44917106628418,generador_respuestas
2026-04-28T07:59:50.018708,HIT,Q3:Z2:conf=0.24,0.8182525634765625,cache
2026-04-28T07:59:50.131513,HIT,Q5:Z2:conf=0.81,1.0733604431152344,cache
2026-04-28T07:59:50.246962,HIT,Q4:Z1:conf=0.69,0.8213520050048828,cache
2026-04-28T07:59:50.361356,MISS,Q4:Z1:conf=0.81,6.684541702270508,generador_respuestas
2026-04-28T07:59:50.471838,HIT,Q4:Z2:conf=0.57,0.7789134979248047,cache
2026-04-28T07:59:50.599698,MISS,Q5:Z2:conf=0.28,16.588687896728516,generador_respuestas
2026-04-28T07:59:50.725066,MISS,Q2:Z1:conf=0.77,11.781454086303711,generador_respuestas
2026-04-28T07:59:50.843388,MISS,Q1:Z5:conf=0.07,8.080482482910156,generador_respuestas
2026-04-28T07:59:50.965128,MISS,Q4:Z4:conf=0.36,12.770414352416992,generador_respuestas
2026-04-28T07:59:51.071533,HIT,Q5:Z2:conf=0.68,0.5395412445068359,cache
2026-04-28T07:59:51.195855,MISS,Q4:Z1:conf=0.65,14.718770980834961,generador_respuestas
2026-04-28T07:59:51.308312,HIT,Q1:Z1:conf=0.88,0.881195068359375,cache
2026-04-28T07:59:51.421628,HIT,Q1:Z2:conf=0.29,0.8563995361328125,cache
2026-04-28T07:59:51.533657,HIT,Q1:Z1:conf=0.66,0.9856224060058594,cache
2026-04-28T07:59:51.645723,HIT,Q1:Z1:conf=0.27,0.7195472717285156,cache
2026-04-28T07:59:51.771171,MISS,Q1:Z3:conf=0.04,11.358976364135742,generador_respuestas
2026-04-28T07:59:51.884821,HIT,Q2:Z1:conf=0.42,1.008749008178711,cache
2026-04-28T07:59:52.011072,MISS,Q2:Z4:conf=0.84,11.566877365112305,generador_respuestas
2026-04-28T07:59:52.135293,MISS,Q3:Z3:conf=0.23,13.15164566040039,generador_respuestas
2026-04-28T07:59:52.245654,HIT,Q3:Z3:conf=0.55,0.8003711700439453,cache
2026-04-28T07:59:52.358969,HIT,Q5:Z1:conf=0.43,1.207590103149414,cache
2026-04-28T07:59:52.475806,HIT,Q5:Z3:conf=0.58,1.210927963256836,cache
2026-04-28T07:59:52.607245,MISS,Q5:Z3:conf=0.3,17.00305938720703,generador_respuestas
2026-04-28T07:59:52.714071,HIT,Q4:Z4:conf=0.3,0.41604042053222656,cache
2026-04-28T07:59:52.834908,MISS,Q5:Z5:conf=0.08,13.605117797851562,generador_respuestas
2026-04-28T07:59:52.947951,HIT,Q3:Z1:conf=0.36,1.0495185852050781,cache
2026-04-28T07:59:53.059929,HIT,Q1:Z2:conf=0.34,0.8571147918701172,cache
2026-04-28T07:59:53.182584,MISS,Q1:Z4:conf=0.27,11.910676956176758,generador_respuestas
2026-04-28T07:59:53.306216,MISS,Q3:Z4:conf=0.83,13.743400573730469,generador_respuestas
2026-04-28T07:59:53.418210,HIT,Q1:Z1:conf=0.71,0.7519721984863281,cache
2026-04-28T07:59:53.541342,MISS,Q2:Z2:conf=0.1,12.115001678466797,generador_respuestas
2026-04-28T07:59:53.671844,MISS,Q5:Z3:conf=0.61,20.282983779907227,generador_respuestas
2026-04-28T07:59:53.783011,HIT,Q4:Z2:conf=0.43,0.7462501525878906,cache
2026-04-28T07:59:53.895987,HIT,Q4:Z1:conf=0.49,0.8308887481689453,cache
2026-04-28T07:59:54.009552,HIT,Q3:Z1:conf=0.46,0.8611679077148438,cache
2026-04-28T07:59:54.122259,HIT,Q2:Z1:conf=0.54,0.8325576782226562,cache
2026-04-28T07:59:54.245079,MISS,Q1:Z1:conf=0.86,9.984970092773438,generador_respuestas
2026-04-28T07:59:54.352104,HIT,Q5:Z1:conf=0.12,0.5538463592529297,cache
2026-04-28T07:59:54.474275,MISS,Q3:Z2:conf=0.22,12.670516967773438,generador_respuestas
2026-04-28T07:59:54.585988,HIT,Q1:Z1:conf=0.19,0.7042884826660156,cache
2026-04-28T07:59:54.698064,HIT,Q5:Z2:conf=0.88,1.0728836059570312,cache
2026-04-28T07:59:54.823340,MISS,Q1:Z1:conf=0.04,12.15219497680664,generador_respuestas
2026-04-28T07:59:54.943753,MISS,Q2:Z3:conf=0.8,10.811805725097656,generador_respuestas
2026-04-28T07:59:55.055934,HIT,Q4:Z1:conf=0.76,0.9343624114990234,cache
2026-04-28T07:59:55.168573,HIT,Q2:Z5:conf=0.78,0.9622573852539062,cache
2026-04-28T07:59:55.282561,HIT,Q4:Z2:conf=0.27,1.0271072387695312,cache
2026-04-28T07:59:55.395809,HIT,Q5:Z4:conf=0.84,1.108407974243164,cache
2026-04-28T07:59:55.511653,HIT,Q3:Z1:conf=0.03,0.9505748748779297,cache
2026-04-28T07:59:55.634964,MISS,Q3:Z1:conf=0.05,12.70294189453125,generador_respuestas
2026-04-28T07:59:55.748161,HIT,Q3:Z3:conf=0.33,0.9262561798095703,cache
2026-04-28T07:59:55.868379,MISS,Q1:Z1:conf=0.7,11.041879653930664,generador_respuestas
2026-04-28T07:59:55.978407,HIT,Q3:Z1:conf=0.84,0.8754730224609375,cache
2026-04-28T07:59:56.092157,HIT,Q4:Z2:conf=0.7,0.8897781372070312,cache
2026-04-28T07:59:56.217925,MISS,Q5:Z1:conf=0.16,15.881061553955078,generador_respuestas
2026-04-28T07:59:56.326308,HIT,Q5:Z3:conf=0.47,0.5362033843994141,cache
2026-04-28T07:59:56.439274,HIT,Q5:Z2:conf=0.21,1.2061595916748047,cache
2026-04-28T07:59:56.562905,MISS,Q2:Z2:conf=0.83,9.908199310302734,generador_respuestas
2026-04-28T07:59:56.675921,HIT,Q2:Z3:conf=0.13,0.9391307830810547,cache
2026-04-28T07:59:56.800050,MISS,Q3:Z3:conf=0.32,12.942075729370117,generador_respuestas
2026-04-28T07:59:56.924675,MISS,Q5:Z1:conf=0.77,13.615608215332031,generador_respuestas
2026-04-28T07:59:57.040683,HIT,Q3:Z2:conf=0.38,1.1360645294189453,cache
2026-04-28T07:59:57.152743,HIT,Q5:Z1:conf=0.89,1.0037422180175781,cache
2026-04-28T07:59:57.280933,MISS,Q4:Z3:conf=0.64,14.864683151245117,generador_respuestas
2026-04-28T07:59:57.403738,MISS,Q2:Z3:conf=0.71,11.593341827392578,generador_respuestas
2026-04-28T07:59:57.517181,HIT,Q3:Z2:conf=0.87,1.1150836944580078,cache
2026-04-28T07:59:57.630125,HIT,Q5:Z3:conf=0.38,1.1157989501953125,cache
2026-04-28T07:59:57.744940,HIT,Q5:Z2:conf=0.33,1.1188983917236328,cache
2026-04-28T07:59:57.872109,MISS,Q3:Z5:conf=0.23,14.678716659545898,generador_respuestas
2026-04-28T07:59:57.979440,HIT,Q1:Z3:conf=0.53,0.42557716369628906,cache
2026-04-28T07:59:58.088777,HIT,Q1:Z3:conf=0.38,0.6554126739501953,cache
2026-04-28T07:59:58.213823,MISS,Q5:Z4:conf=0.37,14.63937759399414,generador_respuestas
2026-04-28T07:59:58.325315,HIT,Q1:Z2:conf=0.87,0.7846355438232422,cache
2026-04-28T07:59:58.437619,HIT,Q2:Z3:conf=0.37,0.8678436279296875,cache
2026-04-28T07:59:58.564384,MISS,Q4:Z4:conf=0.39,14.765739440917969,generador_respuestas
2026-04-28T07:59:58.689742,MISS,Q3:Z2:conf=0.47,14.01662826538086,generador_respuestas
2026-04-28T07:59:58.803843,HIT,Q1:Z3:conf=0.68,0.9870529174804688,cache
2026-04-28T07:59:58.917119,HIT,Q5:Z1:conf=0.78,1.260519027709961,cache
2026-04-28T07:59:59.042333,MISS,Q2:Z1:conf=0.13,12.661933898925781,generador_respuestas
2026-04-28T07:59:59.153714,HIT,Q3:Z1:conf=0.44,0.8509159088134766,cache
2026-04-28T07:59:59.266096,HIT,Q1:Z5:conf=0.78,0.8685588836669922,cache
2026-04-28T07:59:59.377914,HIT,Q3:Z1:conf=0.38,0.9045600891113281,cache
2026-04-28T07:59:59.489526,HIT,Q1:Z1:conf=0.65,0.7560253143310547,cache
2026-04-28T07:59:59.615278,MISS,Q5:Z1:conf=0.81,13.969182968139648,generador_respuestas
2026-04-28T07:59:59.730876,HIT,Q2:Z4:conf=0.14,0.9939670562744141,cache
2026-04-28T07:59:59.844017,MISS,Q1:Z4:conf=0.54,5.295753479003906,generador_respuestas
2026-04-28T07:59:59.954143,HIT,Q2:Z1:conf=0.58,0.8251667022705078,cache
2026-04-28T08:00:00.065844,HIT,Q2:Z1:conf=0.31,0.8778572082519531,cache
2026-04-28T08:00:00.177752,HIT,Q2:Z2:conf=0.21,0.9467601776123047,cache
2026-04-28T08:00:00.290158,HIT,Q2:Z1:conf=0.9,1.0554790496826172,cache
2026-04-28T08:00:00.417130,MISS,Q3:Z2:conf=0.06,14.90926742553711,generador_respuestas
2026-04-28T08:00:00.541176,MISS,Q1:Z2:conf=0.17,10.983943939208984,generador_respuestas
2026-04-28T08:00:00.653332,HIT,Q3:Z1:conf=0.77,0.7658004760742188,cache
2026-04-28T08:00:00.767380,HIT,Q4:Z4:conf=0.3,0.9098052978515625,cache
2026-04-28T08:00:00.890325,MISS,Q2:Z4:conf=0.18,10.635852813720703,generador_respuestas
2026-04-28T08:00:01.016100,MISS,Q3:Z2:conf=0.49,13.512134552001953,generador_respuestas
2026-04-28T08:00:01.124184,HIT,Q4:Z4:conf=0.09,0.42748451232910156,cache
2026-04-28T08:00:01.243386,MISS,Q2:Z5:conf=0.38,10.29062271118164,generador_respuestas
2026-04-28T08:00:01.356726,HIT,Q5:Z3:conf=0.75,1.1212825775146484,cache
2026-04-28T08:00:01.480485,MISS,Q1:Z4:conf=0.22,9.937763214111328,generador_respuestas
2026-04-28T08:00:01.593975,HIT,Q4:Z5:conf=0.31,0.7653236389160156,cache
2026-04-28T08:00:01.706235,HIT,Q5:Z4:conf=0.53,1.1115074157714844,cache
2026-04-28T08:00:01.831161,MISS,Q2:Z2:conf=0.66,11.148691177368164,generador_respuestas
2026-04-28T08:00:01.944045,HIT,Q2:Z1:conf=0.43,0.8521080017089844,cache
2026-04-28T08:00:02.065404,MISS,Q2:Z1:conf=0.72,11.441707611083984,generador_respuestas
2026-04-28T08:00:02.190426,MISS,Q4:Z4:conf=0.65,14.66679573059082,generador_respuestas
2026-04-28T08:00:02.302166,HIT,Q5:Z3:conf=0.58,1.0769367218017578,cache
2026-04-28T08:00:02.416692,HIT,Q5:Z2:conf=0.67,1.0457038879394531,cache
2026-04-28T08:00:02.543239,MISS,Q3:Z4:conf=0.37,12.742757797241211,generador_respuestas
2026-04-28T08:00:02.667653,MISS,Q5:Z5:conf=0.88,13.830423355102539,generador_respuestas
2026-04-28T08:00:02.780419,HIT,Q2:Z3:conf=0.37,1.0974407196044922,cache
2026-04-28T08:00:02.903388,MISS,Q3:Z3:conf=0.5,12.718915939331055,generador_respuestas
2026-04-28T08:00:03.009772,HIT,Q5:Z2:conf=0.32,0.5295276641845703,cache
2026-04-28T08:00:03.131189,MISS,Q4:Z3:conf=0.77,13.253927230834961,generador_respuestas
2026-04-28T08:00:03.241345,HIT,Q4:Z1:conf=0.22,0.7851123809814453,cache
2026-04-28T08:00:03.353811,HIT,Q4:Z1:conf=0.02,0.7684230804443359,cache
2026-04-28T08:00:03.463722,HIT,Q5:Z3:conf=0.01,0.7829666137695312,cache
2026-04-28T08:00:03.575694,HIT,Q5:Z1:conf=0.77,1.0304450988769531,cache
2026-04-28T08:00:03.689132,HIT,Q4:Z2:conf=0.79,0.7479190826416016,cache
2026-04-28T08:00:03.801876,HIT,Q2:Z3:conf=0.37,0.9586811065673828,cache
2026-04-28T08:00:03.914939,HIT,Q1:Z2:conf=0.22,0.8168220520019531,cache
2026-04-28T08:00:04.041023,MISS,Q3:Z3:conf=0.11,14.423131942749023,generador_respuestas
2026-04-28T08:00:04.154971,HIT,Q1:Z1:conf=0.52,0.7855892181396484,cache
2026-04-28T08:00:04.279223,MISS,Q5:Z4:conf=0.45,14.306306838989258,generador_respuestas
2026-04-28T08:00:04.405104,MISS,Q2:Z1:conf=0.02,11.766910552978516,generador_respuestas
2026-04-28T08:00:04.513306,HIT,Q3:Z3:conf=0.26,0.4563331604003906,cache
2026-04-28T08:00:04.637930,MISS,Q5:Z3:conf=0.5,16.005754470825195,generador_respuestas
2026-04-28T08:00:04.749427,HIT,Q1:Z1:conf=0.05,0.6680488586425781,cache
2026-04-28T08:00:04.860957,HIT,Q1:Z4:conf=0.61,0.7884502410888672,cache
2026-04-28T08:00:04.974078,HIT,Q5:Z4:conf=0.75,1.0831356048583984,cache
2026-04-28T08:00:05.089303,HIT,Q5:Z1:conf=0.25,0.9922981262207031,cache
2026-04-28T08:00:05.205595,HIT,Q2:Z2:conf=0.47,0.9558200836181641,cache
2026-04-28T08:00:05.326098,MISS,Q2:Z4:conf=0.45,9.989500045776367,generador_respuestas
2026-04-28T08:00:05.452588,MISS,Q3:Z5:conf=0.4,13.231754302978516,generador_respuestas
2026-04-28T08:00:05.581134,MISS,Q4:Z3:conf=0.89,15.845298767089844,generador_respuestas
2026-04-28T08:00:05.692623,HIT,Q4:Z4:conf=0.38,0.8118152618408203,cache
2026-04-28T08:00:05.817549,MISS,Q4:Z3:conf=0.88,14.447927474975586,generador_respuestas
2026-04-28T08:00:05.929742,HIT,Q3:Z1:conf=0.23,0.9012222290039062,cache
2026-04-28T08:00:06.038491,HIT,Q4:Z4:conf=0.4,0.4134178161621094,cache
2026-04-28T08:00:06.160224,MISS,Q4:Z5:conf=0.01,13.292074203491211,generador_respuestas
2026-04-28T08:00:06.273437,HIT,Q2:Z3:conf=0.2,1.0113716125488281,cache
2026-04-28T08:00:06.384878,HIT,Q5:Z1:conf=0.84,0.9636878967285156,cache
2026-04-28T08:00:06.510155,MISS,Q2:Z1:conf=0.22,12.256860733032227,generador_respuestas
2026-04-28T08:00:06.622388,HIT,Q5:Z5:conf=0.37,1.1169910430908203,cache
2026-04-28T08:00:06.751263,MISS,Q5:Z2:conf=0.71,17.101049423217773,generador_respuestas
2026-04-28T08:00:06.863452,HIT,Q4:Z1:conf=0.07,0.7281303405761719,cache
2026-04-28T08:00:06.976113,HIT,Q4:Z1:conf=0.08,0.8704662322998047,cache
2026-04-28T08:00:07.088750,HIT,Q2:Z1:conf=0.67,0.8957386016845703,cache
2026-04-28T08:00:07.201898,HIT,Q3:Z2:conf=0.83,0.8866786956787109,cache
2026-04-28T08:00:07.315210,HIT,Q1:Z2:conf=0.34,0.9021759033203125,cache
2026-04-28T08:00:07.427374,HIT,Q3:Z1:conf=0.65,0.9400844573974609,cache
2026-04-28T08:00:07.539985,HIT,Q4:Z1:conf=0.7,0.90789794921875,cache
2026-04-28T08:00:07.663182,MISS,Q2:Z2:conf=0.55,12.236595153808594,generador_respuestas
2026-04-28T08:00:07.785266,MISS,Q1:Z3:conf=0.28,11.993885040283203,generador_respuestas
2026-04-28T08:00:07.899597,HIT,Q2:Z1:conf=0.02,0.9374618530273438,cache
2026-04-28T08:00:08.013285,HIT,Q3:Z5:conf=0.64,0.9958744049072266,cache
2026-04-28T08:00:08.140250,MISS,Q5:Z4:conf=0.51,14.910697937011719,generador_respuestas
2026-04-28T08:00:08.253253,HIT,Q3:Z5:conf=0.11,0.9412765502929688,cache
2026-04-28T08:00:08.375705,MISS,Q1:Z5:conf=0.58,10.322332382202148,generador_respuestas
2026-04-28T08:00:08.486615,HIT,Q5:Z1:conf=0.33,0.9930133819580078,cache
2026-04-28T08:00:08.611824,MISS,Q5:Z1:conf=0.69,13.6566162109375,generador_respuestas
2026-04-28T08:00:08.727248,HIT,Q5:Z3:conf=0.26,1.046895980834961,cache
2026-04-28T08:00:08.841513,HIT,Q4:Z3:conf=0.01,0.7262229919433594,cache
2026-04-28T08:00:08.948360,HIT,Q2:Z3:conf=0.76,0.47278404235839844,cache
2026-04-28T08:00:09.068169,MISS,Q3:Z3:conf=0.82,11.32512092590332,generador_respuestas
2026-04-28T08:00:09.180963,HIT,Q2:Z1:conf=0.71,1.0051727294921875,cache
2026-04-28T08:00:09.310712,MISS,Q4:Z5:conf=0.47,17.70162582397461,generador_respuestas
2026-04-28T08:00:09.423923,HIT,Q3:Z2:conf=0.02,1.1134147644042969,cache
2026-04-28T08:00:09.536541,HIT,Q1:Z4:conf=0.21,0.8549690246582031,cache
2026-04-28T08:00:09.647932,HIT,Q3:Z1:conf=0.65,0.8237361907958984,cache
2026-04-28T08:00:09.772764,MISS,Q3:Z5:conf=0.43,13.723373413085938,generador_respuestas
2026-04-28T08:00:09.893360,MISS,Q2:Z2:conf=0.13,10.851860046386719,generador_respuestas
2026-04-28T08:00:10.007219,HIT,Q4:Z4:conf=0.16,0.9026527404785156,cache
2026-04-28T08:00:10.134921,MISS,Q3:Z1:conf=0.79,15.081405639648438,generador_respuestas
2026-04-28T08:00:10.244891,HIT,Q4:Z2:conf=0.82,0.8823871612548828,cache
2026-04-28T08:00:10.352557,HIT,Q3:Z2:conf=0.56,0.4487037658691406,cache
2026-04-28T08:00:10.473441,MISS,Q2:Z3:conf=0.02,11.605501174926758,generador_respuestas
2026-04-28T08:00:10.586310,HIT,Q3:Z4:conf=0.9,0.9064674377441406,cache
2026-04-28T08:00:10.709727,MISS,Q4:Z1:conf=0.05,13.87476921081543,generador_respuestas
2026-04-28T08:00:10.821358,MISS,Q1:Z1:conf=0.02,5.680561065673828,generador_respuestas
2026-04-28T08:00:10.931880,HIT,Q1:Z2:conf=0.26,0.8671283721923828,cache
2026-04-28T08:00:11.044646,HIT,Q1:Z1:conf=0.67,0.7791519165039062,cache
2026-04-28T08:00:11.170330,MISS,Q5:Z4:conf=0.1,14.236927032470703,generador_respuestas
2026-04-28T08:00:11.294866,MISS,Q1:Z2:conf=0.41,11.525392532348633,generador_respuestas
2026-04-28T08:00:11.420892,MISS,Q3:Z2:conf=0.53,15.05422592163086,generador_respuestas
2026-04-28T08:00:11.533836,HIT,Q4:Z5:conf=0.41,0.8623600006103516,cache
2026-04-28T08:00:11.655078,MISS,Q1:Z4:conf=0.44,10.783910751342773,generador_respuestas
2026-04-28T08:00:11.767951,HIT,Q5:Z1:conf=0.38,1.3599395751953125,cache
2026-04-28T08:00:11.882982,HIT,Q2:Z2:conf=0.54,0.9250640869140625,cache
2026-04-28T08:00:12.010890,MISS,Q5:Z5:conf=0.54,15.471696853637695,generador_respuestas
2026-04-28T08:00:12.126089,HIT,Q4:Z1:conf=0.59,0.7622241973876953,cache
2026-04-28T08:00:12.250571,MISS,Q3:Z2:conf=0.6,13.826370239257812,generador_respuestas
2026-04-28T08:00:12.357789,HIT,Q4:Z1:conf=0.42,0.3452301025390625,cache
2026-04-28T08:00:12.476532,MISS,Q1:Z1:conf=0.38,9.590387344360352,generador_respuestas
2026-04-28T08:00:12.587952,HIT,Q1:Z4:conf=0.84,0.7812976837158203,cache
2026-04-28T08:00:12.699688,HIT,Q3:Z1:conf=0.63,0.8065700531005859,cache
2026-04-28T08:00:12.822281,MISS,Q1:Z4:conf=0.18,11.607646942138672,generador_respuestas
2026-04-28T08:00:12.942993,MISS,Q2:Z1:conf=0.21,10.914325714111328,generador_respuestas
2026-04-28T08:00:13.065836,MISS,Q4:Z4:conf=0.41,14.004707336425781,generador_respuestas
2026-04-28T08:00:13.187074,MISS,Q2:Z1:conf=0.79,10.702848434448242,generador_respuestas
2026-04-28T08:00:13.298477,HIT,Q1:Z5:conf=0.37,0.7793903350830078,cache
2026-04-28T08:00:13.409660,HIT,Q3:Z1:conf=0.73,1.1260509490966797,cache
2026-04-28T08:00:13.518240,HIT,Q2:Z5:conf=0.87,0.4794597625732422,cache
2026-04-28T08:00:13.628645,HIT,Q1:Z1:conf=0.66,0.7240772247314453,cache
2026-04-28T08:00:13.749137,MISS,Q2:Z5:conf=0.41,10.15472412109375,generador_respuestas
2026-04-28T08:00:13.863187,MISS,Q5:Z5:conf=0.45,7.426977157592773,generador_respuestas
2026-04-28T08:00:13.973929,HIT,Q1:Z2:conf=0.49,0.9064674377441406,cache
2026-04-28T08:00:14.086073,HIT,Q2:Z1:conf=0.16,0.8733272552490234,cache
2026-04-28T08:00:14.200058,HIT,Q3:Z2:conf=0.09,0.9477138519287109,cache
2026-04-28T08:00:14.312276,HIT,Q2:Z3:conf=0.13,1.0364055633544922,cache
2026-04-28T08:00:14.425275,HIT,Q2:Z4:conf=0.64,0.9300708770751953,cache
2026-04-28T08:00:14.536550,HIT,Q4:Z4:conf=0.46,0.6763935089111328,cache
2026-04-28T08:00:14.648501,HIT,Q2:Z3:conf=0.83,0.9052753448486328,cache
2026-04-28T08:00:14.777713,MISS,Q4:Z3:conf=0.28,17.050743103027344,generador_respuestas
2026-04-28T08:00:14.889808,HIT,Q5:Z3:conf=0.67,1.1718273162841797,cache
2026-04-28T08:00:15.017519,MISS,Q5:Z5:conf=0.35,15.547752380371094,generador_respuestas
2026-04-28T08:00:15.140875,MISS,Q2:Z5:conf=0.65,11.815786361694336,generador_respuestas
2026-04-28T08:00:15.251698,HIT,Q4:Z3:conf=0.88,0.6744861602783203,cache
2026-04-28T08:00:15.359506,HIT,Q4:Z1:conf=0.8,0.5350112915039062,cache
2026-04-28T08:00:15.472283,HIT,Q3:Z3:conf=0.17,1.0669231414794922,cache
2026-04-28T08:00:15.585781,HIT,Q5:Z2:conf=0.66,1.1467933654785156,cache
2026-04-28T08:00:15.699727,HIT,Q2:Z2:conf=0.87,0.8318424224853516,cache
2026-04-28T08:00:15.820336,MISS,Q1:Z2:conf=0.09,10.031700134277344,generador_respuestas
2026-04-28T08:00:15.932705,HIT,Q4:Z2:conf=0.52,0.9074211120605469,cache
2026-04-28T08:00:16.054349,MISS,Q1:Z3:conf=0.35,10.948896408081055,generador_respuestas
2026-04-28T08:00:16.175278,MISS,Q1:Z2:conf=0.44,10.526180267333984,generador_respuestas
2026-04-28T08:00:16.301301,MISS,Q4:Z3:conf=0.73,16.12257957458496,generador_respuestas
2026-04-28T08:00:16.428244,MISS,Q5:Z4:conf=0.18,15.812397003173828,generador_respuestas
2026-04-28T08:00:16.544258,HIT,Q3:Z1:conf=0.09,0.8440017700195312,cache
2026-04-28T08:00:16.656302,HIT,Q5:Z1:conf=0.7,1.0044574737548828,cache
2026-04-28T08:00:16.768211,HIT,Q5:Z1:conf=0.75,1.0662078857421875,cache
2026-04-28T08:00:16.891953,MISS,Q1:Z3:conf=0.85,11.598587036132812,generador_respuestas
2026-04-28T08:00:16.999595,HIT,Q1:Z1:conf=0.64,0.31638145446777344,cache
2026-04-28T08:00:17.110869,HIT,Q4:Z5:conf=0.78,0.8270740509033203,cache
2026-04-28T08:00:17.233938,MISS,Q1:Z2:conf=0.5,10.607481002807617,generador_respuestas
2026-04-28T08:00:17.346578,HIT,Q5:Z5:conf=0.17,1.3191699981689453,cache
2026-04-28T08:00:17.460001,HIT,Q1:Z5:conf=0.87,0.8094310760498047,cache
2026-04-28T08:00:17.570815,HIT,Q5:Z5:conf=0.58,1.2154579162597656,cache
2026-04-28T08:00:17.684394,HIT,Q4:Z4:conf=0.23,0.8566379547119141,cache
2026-04-28T08:00:17.797470,HIT,Q5:Z1:conf=0.09,1.2996196746826172,cache
2026-04-28T08:00:17.921996,MISS,Q1:Z3:conf=0.19,10.125160217285156,generador_respuestas
2026-04-28T08:00:18.034458,HIT,Q2:Z1:conf=0.29,1.043558120727539,cache
2026-04-28T08:00:18.149790,HIT,Q5:Z4:conf=0.72,1.2366771697998047,cache
2026-04-28T08:00:18.279062,MISS,Q5:Z1:conf=0.67,15.393495559692383,generador_respuestas
2026-04-28T08:00:18.393740,MISS,Q1:Z4:conf=0.25,5.806446075439453,generador_respuestas
2026-04-28T08:00:18.514106,MISS,Q3:Z3:conf=0.03,12.176275253295898,generador_respuestas
2026-04-28T08:00:18.636215,MISS,Q1:Z1:conf=0.42,11.363983154296875,generador_respuestas
2026-04-28T08:00:18.761963,MISS,Q4:Z5:conf=0.06,14.534235000610352,generador_respuestas
2026-04-28T08:00:18.876535,HIT,Q5:Z5:conf=0.46,1.1496543884277344,cache
2026-04-28T08:00:18.991327,HIT,Q5:Z2:conf=0.89,1.1382102966308594,cache
2026-04-28T08:00:19.107710,HIT,Q1:Z4:conf=0.62,0.804901123046875,cache
2026-04-28T08:00:19.219442,HIT,Q4:Z1:conf=0.28,0.8311271667480469,cache
2026-04-28T08:00:19.332090,HIT,Q3:Z1:conf=0.42,0.9586811065673828,cache
2026-04-28T08:00:19.445212,HIT,Q3:Z5:conf=0.09,0.8881092071533203,cache
2026-04-28T08:00:19.571534,MISS,Q3:Z5:conf=0.42,13.051509857177734,generador_respuestas
2026-04-28T08:00:19.684495,HIT,Q4:Z3:conf=0.68,0.827789306640625,cache
2026-04-28T08:00:19.797732,HIT,Q5:Z2:conf=0.59,1.1904239654541016,cache
2026-04-28T08:00:19.912082,HIT,Q1:Z1:conf=0.19,0.6957054138183594,cache
2026-04-28T08:00:20.024192,HIT,Q4:Z4:conf=0.57,0.8676052093505859,cache
2026-04-28T08:00:20.146288,MISS,Q5:Z4:conf=0.76,12.5732421875,generador_respuestas
2026-04-28T08:00:20.260549,HIT,Q4:Z4:conf=0.15,0.8571147918701172,cache
2026-04-28T08:00:20.380679,MISS,Q3:Z3:conf=0.43,12.372732162475586,generador_respuestas
2026-04-28T08:00:20.491437,HIT,Q1:Z2:conf=0.27,0.8978843688964844,cache
2026-04-28T08:00:20.604431,HIT,Q5:Z5:conf=0.78,1.0266304016113281,cache
2026-04-28T08:00:20.719725,HIT,Q1:Z3:conf=0.04,0.8027553558349609,cache
2026-04-28T08:00:20.834559,HIT,Q5:Z1:conf=0.22,1.1963844299316406,cache
2026-04-28T08:00:20.949024,HIT,Q5:Z4:conf=0.45,1.2009143829345703,cache
2026-04-28T08:00:21.064033,HIT,Q1:Z1:conf=0.24,0.7910728454589844,cache
2026-04-28T08:00:21.184363,MISS,Q2:Z4:conf=0.11,10.273218154907227,generador_respuestas
2026-04-28T08:00:21.305520,MISS,Q2:Z1:conf=0.01,11.153936386108398,generador_respuestas
2026-04-28T08:00:21.417633,HIT,Q4:Z1:conf=0.02,0.8413791656494141,cache
2026-04-28T08:00:21.526867,HIT,Q4:Z1:conf=0.42,0.4782676696777344,cache
2026-04-28T08:00:21.638177,HIT,Q5:Z1:conf=0.33,1.2412071228027344,cache
2026-04-28T08:00:21.756490,HIT,Q3:Z3:conf=0.06,1.0447502136230469,cache
2026-04-28T08:00:21.870423,HIT,Q1:Z3:conf=0.71,0.8711814880371094,cache
2026-04-28T08:00:21.982509,HIT,Q5:Z1:conf=0.77,1.0790824890136719,cache
2026-04-28T08:00:22.096184,HIT,Q2:Z2:conf=0.82,0.8792877197265625,cache
2026-04-28T08:00:22.207688,HIT,Q3:Z1:conf=0.3,0.9367465972900391,cache
2026-04-28T08:00:22.334133,MISS,Q4:Z2:conf=0.45,16.005754470825195,generador_respuestas
2026-04-28T08:00:22.449415,HIT,Q5:Z1:conf=0.81,1.3828277587890625,cache
2026-04-28T08:00:22.564474,HIT,Q4:Z2:conf=0.48,0.7789134979248047,cache
2026-04-28T08:00:22.689218,MISS,Q3:Z2:conf=0.08,12.411832809448242,generador_respuestas
2026-04-28T08:00:22.816229,MISS,Q4:Z2:conf=0.37,16.651630401611328,generador_respuestas
2026-04-28T08:00:22.925009,HIT,Q5:Z1:conf=0.42,0.5710124969482422,cache
2026-04-28T08:00:23.047796,MISS,Q1:Z2:conf=0.51,10.949850082397461,generador_respuestas
2026-04-28T08:00:23.171035,MISS,Q2:Z3:conf=0.4,12.56561279296875,generador_respuestas
2026-04-28T08:00:23.284952,HIT,Q4:Z3:conf=0.62,0.7784366607666016,cache
2026-04-28T08:00:23.396636,HIT,Q5:Z5:conf=0.44,1.020669937133789,cache
2026-04-28T08:00:23.509169,HIT,Q5:Z5:conf=0.43,1.230478286743164,cache
2026-04-28T08:00:23.632499,MISS,Q2:Z4:conf=0.53,11.121034622192383,generador_respuestas
2026-04-28T08:00:23.754808,MISS,Q2:Z2:conf=0.48,10.51473617553711,generador_respuestas
2026-04-28T08:00:23.868381,HIT,Q4:Z1:conf=0.04,0.9043216705322266,cache
2026-04-28T08:00:23.991989,MISS,Q3:Z1:conf=0.58,12.136220932006836,generador_respuestas
2026-04-28T08:00:24.104843,HIT,Q2:Z3:conf=0.25,0.8249282836914062,cache
2026-04-28T08:00:24.217668,HIT,Q3:Z5:conf=0.11,0.8373260498046875,cache
2026-04-28T08:00:24.338479,MISS,Q1:Z1:conf=0.89,9.74726676940918,generador_respuestas
2026-04-28T08:00:24.450218,HIT,Q1:Z1:conf=0.03,0.8249282836914062,cache
2026-04-28T08:00:24.563250,HIT,Q5:Z2:conf=0.78,1.0581016540527344,cache
2026-04-28T08:00:24.678497,HIT,Q1:Z4:conf=0.09,0.9026527404785156,cache
2026-04-28T08:00:24.791007,HIT,Q1:Z4:conf=0.65,0.9505748748779297,cache
2026-04-28T08:00:24.915314,MISS,Q5:Z1:conf=0.36,14.150142669677734,generador_respuestas
2026-04-28T08:00:25.049354,MISS,Q5:Z3:conf=0.37,21.104097366333008,generador_respuestas
2026-04-28T08:00:25.176190,MISS,Q5:Z2:conf=0.41,14.255523681640625,generador_respuestas
2026-04-28T08:00:25.286562,HIT,Q1:Z1:conf=0.41,0.6091594696044922,cache
2026-04-28T08:00:25.398407,HIT,Q5:Z5:conf=0.17,1.1696815490722656,cache
2026-04-28T08:00:25.514305,HIT,Q4:Z3:conf=0.48,0.69427490234375,cache
2026-04-28T08:00:25.626256,HIT,Q1:Z3:conf=0.01,0.8423328399658203,cache
2026-04-28T08:00:25.738255,HIT,Q1:Z1:conf=0.84,0.8208751678466797,cache
2026-04-28T08:00:25.850843,HIT,Q3:Z1:conf=0.32,1.0542869567871094,cache
2026-04-28T08:00:25.963505,HIT,Q5:Z5:conf=0.66,1.0371208190917969,cache
2026-04-28T08:00:26.080367,HIT,Q1:Z1:conf=0.46,0.8556842803955078,cache
2026-04-28T08:00:26.204326,MISS,Q1:Z3:conf=0.75,10.768413543701172,generador_respuestas
2026-04-28T08:00:26.317015,HIT,Q1:Z1:conf=0.44,0.8938312530517578,cache
2026-04-28T08:00:26.439371,MISS,Q2:Z2:conf=0.28,11.530399322509766,generador_respuestas
2026-04-28T08:00:26.556036,MISS,Q4:Z3:conf=0.56,8.998870849609375,generador_respuestas
2026-04-28T08:00:26.681513,MISS,Q5:Z5:conf=0.81,14.661073684692383,generador_respuestas
2026-04-28T08:00:26.797325,HIT,Q1:Z2:conf=0.41,0.8971691131591797,cache
2026-04-28T08:00:26.906902,HIT,Q1:Z2:conf=0.04,0.7004737854003906,cache
2026-04-28T08:00:27.027125,MISS,Q1:Z4:conf=0.17,9.441852569580078,generador_respuestas
2026-04-28T08:00:27.152283,MISS,Q5:Z1:conf=0.24,14.475822448730469,generador_respuestas
2026-04-28T08:00:27.269249,HIT,Q5:Z2:conf=0.81,1.0716915130615234,cache
2026-04-28T08:00:27.383103,HIT,Q2:Z2:conf=0.35,0.881195068359375,cache
2026-04-28T08:00:27.507345,MISS,Q3:Z3:conf=0.63,13.490915298461914,generador_respuestas
2026-04-28T08:00:27.619279,HIT,Q2:Z2:conf=0.22,1.1310577392578125,cache
2026-04-28T08:00:27.746159,MISS,Q5:Z5:conf=0.73,15.71965217590332,generador_respuestas
2026-04-28T08:00:27.861958,HIT,Q3:Z1:conf=0.41,0.9393692016601562,cache
2026-04-28T08:00:27.972986,HIT,Q3:Z3:conf=0.55,0.8203983306884766,cache
2026-04-28T08:00:28.094743,MISS,Q2:Z3:conf=0.9,10.681629180908203,generador_respuestas
2026-04-28T08:00:28.208167,MISS,Q1:Z5:conf=0.4,5.7048797607421875,generador_respuestas
2026-04-28T08:00:28.336392,MISS,Q5:Z2:conf=0.16,17.492294311523438,generador_respuestas
2026-04-28T08:00:28.468563,MISS,Q4:Z3:conf=0.86,15.232086181640625,generador_respuestas
2026-04-28T08:00:28.576380,HIT,Q4:Z2:conf=0.35,0.5245208740234375,cache
2026-04-28T08:00:28.686547,HIT,Q4:Z1:conf=0.06,0.6468296051025391,cache
2026-04-28T08:00:28.798510,HIT,Q3:Z3:conf=0.71,0.8516311645507812,cache
2026-04-28T08:00:28.928499,MISS,Q5:Z2:conf=0.22,18.24021339416504,generador_respuestas
2026-04-28T08:00:29.043686,HIT,Q4:Z2:conf=0.18,0.7729530334472656,cache
2026-04-28T08:00:29.170058,MISS,Q5:Z1:conf=0.62,15.464544296264648,generador_respuestas
2026-04-28T08:00:29.295348,MISS,Q3:Z2:conf=0.85,12.043476104736328,generador_respuestas
2026-04-28T08:00:29.407723,HIT,Q3:Z1:conf=0.89,0.8959770202636719,cache
2026-04-28T08:00:29.520115,HIT,Q1:Z5:conf=0.07,0.8313655853271484,cache
2026-04-28T08:00:29.632653,HIT,Q5:Z4:conf=0.76,1.1413097381591797,cache
2026-04-28T08:00:29.756324,MISS,Q2:Z3:conf=0.87,9.974956512451172,generador_respuestas
2026-04-28T08:00:29.868942,HIT,Q5:Z2:conf=0.62,1.1129379272460938,cache
2026-04-28T08:00:29.993753,MISS,Q4:Z3:conf=0.08,12.975215911865234,generador_respuestas
2026-04-28T08:00:30.115756,MISS,Q3:Z3:conf=0.38,13.079404830932617,generador_respuestas
2026-04-28T08:00:30.229469,MISS,Q2:Z4:conf=0.32,5.921125411987305,generador_respuestas
2026-04-28T08:00:30.338143,HIT,Q1:Z2:conf=0.49,0.6203651428222656,cache
2026-04-28T08:00:30.450377,HIT,Q3:Z2:conf=0.56,0.9877681732177734,cache
2026-04-28T08:00:30.564374,HIT,Q1:Z3:conf=0.2,0.8754730224609375,cache
2026-04-28T08:00:30.676496,HIT,Q2:Z1:conf=0.79,0.9834766387939453,cache
2026-04-28T08:00:30.788439,HIT,Q4:Z3:conf=0.47,0.8051395416259766,cache
2026-04-28T08:00:30.900423,HIT,Q4:Z3:conf=0.64,0.8037090301513672,cache
2026-04-28T08:00:31.024719,MISS,Q3:Z5:conf=0.32,14.373064041137695,generador_respuestas
2026-04-28T08:00:31.147187,MISS,Q4:Z3:conf=0.33,12.093782424926758,generador_respuestas
2026-04-28T08:00:31.266789,MISS,Q2:Z5:conf=0.05,11.045217514038086,generador_respuestas
2026-04-28T08:00:31.377813,HIT,Q5:Z1:conf=0.4,1.1157989501953125,cache
2026-04-28T08:00:31.493562,HIT,Q5:Z3:conf=0.61,1.2483596801757812,cache
2026-04-28T08:00:31.604049,HIT,Q2:Z2:conf=0.05,0.4420280456542969,cache
2026-04-28T08:00:31.727479,MISS,Q5:Z3:conf=0.8,13.509988784790039,generador_respuestas
2026-04-28T08:00:31.844469,HIT,Q2:Z1:conf=0.83,0.9539127349853516,cache
2026-04-28T08:00:31.971292,MISS,Q4:Z2:conf=0.69,13.757944107055664,generador_respuestas
2026-04-28T08:00:32.100943,MISS,Q5:Z3:conf=0.39,20.70784568786621,generador_respuestas
2026-04-28T08:00:32.221331,MISS,Q1:Z4:conf=0.63,10.898113250732422,generador_respuestas
2026-04-28T08:00:32.343928,MISS,Q1:Z3:conf=0.13,11.722803115844727,generador_respuestas
2026-04-28T08:00:32.455677,HIT,Q1:Z1:conf=0.05,0.9191036224365234,cache
2026-04-28T08:00:32.568516,HIT,Q5:Z5:conf=0.55,1.5261173248291016,cache
2026-04-28T08:00:32.696499,MISS,Q2:Z3:conf=0.45,13.307571411132812,generador_respuestas
2026-04-28T08:00:32.810178,HIT,Q3:Z5:conf=0.15,1.0259151458740234,cache
2026-04-28T08:00:32.923129,HIT,Q1:Z3:conf=0.71,1.0361671447753906,cache
2026-04-28T08:00:33.049213,MISS,Q4:Z5:conf=0.15,15.203475952148438,generador_respuestas
2026-04-28T08:00:33.162445,HIT,Q2:Z2:conf=0.58,0.949859619140625,cache
2026-04-28T08:00:33.276216,HIT,Q1:Z1:conf=0.32,0.8809566497802734,cache
2026-04-28T08:00:33.401528,MISS,Q5:Z4:conf=0.5,15.497446060180664,generador_respuestas
2026-04-28T08:00:33.510037,HIT,Q1:Z4:conf=0.38,0.3399848937988281,cache
2026-04-28T08:00:33.626556,MISS,Q2:Z5:conf=0.22,8.519411087036133,generador_respuestas
2026-04-28T08:00:33.737238,HIT,Q3:Z1:conf=0.28,0.9019374847412109,cache
2026-04-28T08:00:33.848976,HIT,Q5:Z1:conf=0.7,1.0905265808105469,cache
2026-04-28T08:00:33.963802,HIT,Q1:Z1:conf=0.79,0.8513927459716797,cache
2026-04-28T08:00:34.077524,HIT,Q3:Z4:conf=0.4,1.0113716125488281,cache
2026-04-28T08:00:34.191635,HIT,Q4:Z3:conf=0.08,0.9036064147949219,cache
2026-04-28T08:00:34.313859,MISS,Q1:Z2:conf=0.38,10.584592819213867,generador_respuestas
2026-04-28T08:00:34.426478,HIT,Q1:Z1:conf=0.27,0.6971359252929688,cache
2026-04-28T08:00:34.538536,HIT,Q5:Z2:conf=0.03,0.9183883666992188,cache
2026-04-28T08:00:34.663923,MISS,Q3:Z4:conf=0.44,13.125419616699219,generador_respuestas
2026-04-28T08:00:34.777739,HIT,Q1:Z4:conf=0.74,0.7605552673339844,cache
2026-04-28T08:00:34.902120,MISS,Q5:Z5:conf=0.8,14.487504959106445,generador_respuestas
2026-04-28T08:00:35.011877,HIT,Q5:Z3:conf=0.31,0.5028247833251953,cache
2026-04-28T08:00:35.132255,MISS,Q3:Z5:conf=0.83,11.499643325805664,generador_respuestas
2026-04-28T08:00:35.244098,HIT,Q1:Z5:conf=0.12,0.7922649383544922,cache
2026-04-28T08:00:35.352312,HIT,Q5:Z1:conf=0.87,0.4935264587402344,cache
2026-04-28T08:00:35.464235,HIT,Q1:Z2:conf=0.39,0.8711814880371094,cache
2026-04-28T08:00:35.575639,HIT,Q3:Z1:conf=0.16,0.8652210235595703,cache
2026-04-28T08:00:35.686920,HIT,Q4:Z2:conf=0.55,0.6928443908691406,cache
2026-04-28T08:00:35.800625,HIT,Q1:Z1:conf=0.1,0.8983612060546875,cache
2026-04-28T08:00:35.921705,MISS,Q1:Z3:conf=0.48,9.653568267822266,generador_respuestas
2026-04-28T08:00:36.035226,HIT,Q5:Z5:conf=0.66,1.146078109741211,cache
2026-04-28T08:00:36.157561,MISS,Q2:Z5:conf=0.89,9.866476058959961,generador_respuestas
2026-04-28T08:00:36.268999,HIT,Q3:Z1:conf=0.15,0.8232593536376953,cache
2026-04-28T08:00:36.390058,MISS,Q3:Z5:conf=0.65,12.085437774658203,generador_respuestas
2026-04-28T08:00:36.497239,HIT,Q4:Z1:conf=0.65,0.2849102020263672,cache
2026-04-28T08:00:36.607903,HIT,Q2:Z4:conf=0.18,0.9334087371826172,cache
2026-04-28T08:00:36.720827,HIT,Q1:Z2:conf=0.4,0.7803440093994141,cache
2026-04-28T08:00:36.832374,HIT,Q5:Z1:conf=0.44,1.1255741119384766,cache
2026-04-28T08:00:36.960957,MISS,Q5:Z1:conf=0.88,15.151262283325195,generador_respuestas
2026-04-28T08:00:37.083825,MISS,Q2:Z2:conf=0.2,10.410785675048828,generador_respuestas
2026-04-28T08:00:37.206888,MISS,Q2:Z1:conf=0.7,11.438846588134766,generador_respuestas
2026-04-28T08:00:37.330637,MISS,Q3:Z4:conf=0.62,13.03863525390625,generador_respuestas
2026-04-28T08:00:37.443612,HIT,Q3:Z2:conf=0.78,1.0559558868408203,cache
2026-04-28T08:00:37.558105,HIT,Q5:Z2:conf=0.22,1.196146011352539,cache
2026-04-28T08:00:37.672294,HIT,Q2:Z1:conf=0.52,0.8900165557861328,cache
2026-04-28T08:00:37.793334,MISS,Q1:Z3:conf=0.16,11.089801788330078,generador_respuestas
2026-04-28T08:00:37.900151,HIT,Q2:Z1:conf=0.2,0.40912628173828125,cache
2026-04-28T08:00:38.024094,MISS,Q4:Z2:conf=0.65,15.369176864624023,generador_respuestas
2026-04-28T08:00:38.135383,HIT,Q2:Z1:conf=0.28,0.8280277252197266,cache
2026-04-28T08:00:38.247223,HIT,Q1:Z1:conf=0.65,0.8387565612792969,cache
2026-04-28T08:00:38.357926,HIT,Q1:Z1:conf=0.88,0.7140636444091797,cache
2026-04-28T08:00:38.482312,MISS,Q5:Z1:conf=0.74,14.50967788696289,generador_respuestas
2026-04-28T08:00:38.603411,MISS,Q1:Z4:conf=0.49,8.730649948120117,generador_respuestas
2026-04-28T08:00:38.715412,HIT,Q1:Z3:conf=0.63,1.1234283447265625,cache
2026-04-28T08:00:38.839511,MISS,Q5:Z5:conf=0.69,13.504505157470703,generador_respuestas
2026-04-28T08:00:38.952545,HIT,Q3:Z5:conf=0.61,0.8025169372558594,cache
2026-04-28T08:00:39.065092,HIT,Q1:Z4:conf=0.05,0.8428096771240234,cache
2026-04-28T08:00:39.189312,MISS,Q4:Z4:conf=0.32,14.107227325439453,generador_respuestas
2026-04-28T08:00:39.301405,HIT,Q5:Z1:conf=0.59,1.1429786682128906,cache
2026-04-28T08:00:39.427933,MISS,Q5:Z2:conf=0.54,14.05024528503418,generador_respuestas
2026-04-28T08:00:39.542326,HIT,Q3:Z1:conf=0.32,0.8738040924072266,cache
2026-04-28T08:00:39.653829,HIT,Q2:Z1:conf=0.65,1.0433197021484375,cache
2026-04-28T08:00:39.766711,HIT,Q1:Z2:conf=0.24,0.8218288421630859,cache
2026-04-28T08:00:39.895515,MISS,Q5:Z3:conf=0.46,17.817974090576172,generador_respuestas
2026-04-28T08:00:40.009770,HIT,Q5:Z1:conf=0.07,1.18255615234375,cache
2026-04-28T08:00:40.142624,MISS,Q4:Z3:conf=0.79,18.376588821411133,generador_respuestas
2026-04-28T08:00:40.255548,HIT,Q4:Z1:conf=0.88,0.8728504180908203,cache
2026-04-28T08:00:40.365830,HIT,Q5:Z3:conf=0.88,0.8649826049804688,cache
2026-04-28T08:00:40.476149,HIT,Q1:Z3:conf=0.04,0.3561973571777344,cache
2026-04-28T08:00:40.596331,MISS,Q5:Z4:conf=0.13,12.343645095825195,generador_respuestas
2026-04-28T08:00:40.709137,HIT,Q1:Z1:conf=0.89,0.8139610290527344,cache
2026-04-28T08:00:40.820593,HIT,Q1:Z2:conf=0.04,0.8027553558349609,cache
2026-04-28T08:00:40.934260,HIT,Q5:Z2:conf=0.1,1.2695789337158203,cache
2026-04-28T08:00:41.049638,HIT,Q4:Z3:conf=0.8,0.8025169372558594,cache
2026-04-28T08:00:41.161471,HIT,Q1:Z1:conf=0.41,1.0640621185302734,cache
2026-04-28T08:00:41.272194,HIT,Q4:Z3:conf=0.76,0.9145736694335938,cache
2026-04-28T08:00:41.383838,HIT,Q5:Z1:conf=0.17,1.0330677032470703,cache
2026-04-28T08:00:41.498658,HIT,Q4:Z1:conf=0.28,0.8151531219482422,cache
2026-04-28T08:00:41.626171,MISS,Q5:Z5:conf=0.71,16.57724380493164,generador_respuestas
2026-04-28T08:00:41.736647,HIT,Q2:Z5:conf=0.89,0.4477500915527344,cache
2026-04-28T08:00:41.847801,HIT,Q1:Z1:conf=0.43,0.8392333984375,cache
2026-04-28T08:00:41.967804,MISS,Q2:Z1:conf=0.46,9.163856506347656,generador_respuestas
2026-04-28T08:00:42.081244,HIT,Q4:Z2:conf=0.58,0.8363723754882812,cache
2026-04-28T08:00:42.195359,HIT,Q1:Z4:conf=0.14,0.9093284606933594,cache
2026-04-28T08:00:42.319121,MISS,Q3:Z4:conf=0.84,12.902259826660156,generador_respuestas
2026-04-28T08:00:42.447093,MISS,Q5:Z1:conf=0.34,15.657901763916016,generador_respuestas
2026-04-28T08:00:42.563270,HIT,Q2:Z2:conf=0.7,0.8962154388427734,cache
2026-04-28T08:00:42.675753,HIT,Q3:Z5:conf=0.79,0.8144378662109375,cache
2026-04-28T08:00:42.799620,MISS,Q5:Z1:conf=0.65,13.42463493347168,generador_respuestas
2026-04-28T08:00:42.920921,MISS,Q1:Z5:conf=0.09,9.781837463378906,generador_respuestas
2026-04-28T08:00:43.028106,HIT,Q1:Z2:conf=0.48,0.4241466522216797,cache
2026-04-28T08:00:43.148933,MISS,Q3:Z1:conf=0.72,13.49020004272461,generador_respuestas
2026-04-28T08:00:43.258712,HIT,Q1:Z5:conf=0.29,0.7584095001220703,cache
2026-04-28T08:00:43.372398,HIT,Q2:Z3:conf=0.36,1.1601448059082031,cache
2026-04-28T08:00:43.496335,MISS,Q4:Z1:conf=0.37,13.068675994873047,generador_respuestas
2026-04-28T08:00:43.616408,MISS,Q4:Z4:conf=0.76,9.797334671020508,generador_respuestas
2026-04-28T08:00:43.727126,HIT,Q2:Z1:conf=0.3,0.9133815765380859,cache
2026-04-28T08:00:43.841188,HIT,Q4:Z1:conf=0.22,0.9322166442871094,cache
2026-04-28T08:00:43.953956,HIT,Q2:Z1:conf=0.22,0.9176731109619141,cache
2026-04-28T08:00:44.067611,HIT,Q2:Z2:conf=0.7,0.957489013671875,cache
2026-04-28T08:00:44.179331,HIT,Q3:Z3:conf=0.33,0.8745193481445312,cache
2026-04-28T08:00:44.291239,HIT,Q5:Z1:conf=0.0,1.1022090911865234,cache
2026-04-28T08:00:44.415940,MISS,Q5:Z4:conf=0.82,13.206005096435547,generador_respuestas
2026-04-28T08:00:44.527840,HIT,Q1:Z5:conf=0.84,0.8211135864257812,cache
2026-04-28T08:00:44.641561,HIT,Q3:Z1:conf=0.31,0.9119510650634766,cache
2026-04-28T08:00:44.770350,MISS,Q5:Z5:conf=0.28,17.45891571044922,generador_respuestas
2026-04-28T08:00:44.894160,MISS,Q3:Z5:conf=0.53,12.30478286743164,generador_respuestas
2026-04-28T08:00:45.016859,MISS,Q1:Z2:conf=0.1,11.673450469970703,generador_respuestas
2026-04-28T08:00:45.128282,HIT,Q2:Z5:conf=0.04,0.8800029754638672,cache
2026-04-28T08:00:45.251560,MISS,Q2:Z2:conf=0.24,10.993003845214844,generador_respuestas
2026-04-28T08:00:45.364175,MISS,Q1:Z2:conf=0.37,5.047798156738281,generador_respuestas
2026-04-28T08:00:45.474049,HIT,Q3:Z1:conf=0.34,0.8528232574462891,cache
2026-04-28T08:00:45.586230,HIT,Q2:Z1:conf=0.34,0.9021759033203125,cache
2026-04-28T08:00:45.694564,HIT,Q2:Z1:conf=0.49,0.6203651428222656,cache
2026-04-28T08:00:45.801713,HIT,Q4:Z3:conf=0.25,0.37980079650878906,cache
2026-04-28T08:00:45.912376,HIT,Q4:Z3:conf=0.62,0.8938312530517578,cache
2026-04-28T08:00:46.034482,MISS,Q2:Z2:conf=0.71,11.653423309326172,generador_respuestas
2026-04-28T08:00:46.146950,HIT,Q1:Z2:conf=0.44,0.8530616760253906,cache
2026-04-28T08:00:46.258349,HIT,Q1:Z5:conf=0.39,0.8003711700439453,cache
2026-04-28T08:00:46.370678,HIT,Q4:Z1:conf=0.47,0.8192062377929688,cache
2026-04-28T08:00:46.484567,HIT,Q4:Z1:conf=0.07,1.0118484497070312,cache
2026-04-28T08:00:46.613768,MISS,Q4:Z4:conf=0.49,16.565322875976562,generador_respuestas
2026-04-28T08:00:46.736911,MISS,Q4:Z4:conf=0.82,12.76087760925293,generador_respuestas
2026-04-28T08:00:46.848261,HIT,Q2:Z2:conf=0.28,0.8912086486816406,cache
2026-04-28T08:00:46.961471,HIT,Q3:Z1:conf=0.7,0.8068084716796875,cache
2026-04-28T08:00:47.074591,HIT,Q4:Z1:conf=0.66,0.8466243743896484,cache
2026-04-28T08:00:47.186125,HIT,Q4:Z1:conf=0.5,0.8101463317871094,cache
2026-04-28T08:00:47.308090,MISS,Q2:Z4:conf=0.61,11.755704879760742,generador_respuestas
2026-04-28T08:00:47.430774,MISS,Q2:Z2:conf=0.61,12.369632720947266,generador_respuestas
2026-04-28T08:00:47.538123,HIT,Q5:Z1:conf=0.19,0.5095005035400391,cache
2026-04-28T08:00:47.649371,HIT,Q1:Z4:conf=0.8,0.8232593536376953,cache
2026-04-28T08:00:47.763253,HIT,Q5:Z1:conf=0.2,1.2624263763427734,cache
2026-04-28T08:00:47.877447,HIT,Q3:Z1:conf=0.27,1.0368824005126953,cache
2026-04-28T08:00:47.993035,MISS,Q4:Z5:conf=0.52,8.217811584472656,generador_respuestas
2026-04-28T08:00:48.098503,HIT,Q1:Z3:conf=0.65,0.4076957702636719,cache
2026-04-28T08:00:48.211360,MISS,Q1:Z1:conf=0.08,6.538867950439453,generador_respuestas
2026-04-28T08:00:48.323333,HIT,Q5:Z1:conf=0.89,1.0786056518554688,cache
2026-04-28T08:00:48.438127,HIT,Q1:Z1:conf=0.6,0.9667873382568359,cache
2026-04-28T08:00:48.551753,HIT,Q5:Z3:conf=0.76,1.1906623840332031,cache
2026-04-28T08:00:48.666073,HIT,Q4:Z4:conf=0.41,0.8339881896972656,cache
2026-04-28T08:00:48.778622,HIT,Q3:Z5:conf=0.11,0.8428096771240234,cache
2026-04-28T08:00:48.907557,MISS,Q5:Z2:conf=0.51,17.133712768554688,generador_respuestas
2026-04-28T08:00:49.022457,HIT,Q2:Z1:conf=0.21,0.9145736694335938,cache
2026-04-28T08:00:49.133306,HIT,Q4:Z1:conf=0.16,0.6988048553466797,cache
2026-04-28T08:00:49.245705,HIT,Q2:Z3:conf=0.11,0.9286403656005859,cache
2026-04-28T08:00:49.359961,HIT,Q2:Z1:conf=0.67,1.1022090911865234,cache
2026-04-28T08:00:49.471696,HIT,Q4:Z4:conf=0.11,0.8418560028076172,cache
2026-04-28T08:00:49.583965,HIT,Q1:Z1:conf=0.16,0.7777214050292969,cache
2026-04-28T08:00:49.696273,HIT,Q1:Z1:conf=0.6,0.7860660552978516,cache
2026-04-28T08:00:49.803332,HIT,Q2:Z5:conf=0.52,0.4031658172607422,cache
2026-04-28T08:00:49.923339,MISS,Q2:Z5:conf=0.02,9.773731231689453,generador_respuestas
2026-04-28T08:00:50.036184,HIT,Q2:Z3:conf=0.6,0.8869171142578125,cache
2026-04-28T08:00:50.148897,HIT,Q1:Z2:conf=0.1,0.7576942443847656,cache
2026-04-28T08:00:50.260284,HIT,Q1:Z2:conf=0.19,0.7884502410888672,cache
2026-04-28T08:00:50.369755,HIT,Q5:Z3:conf=0.16,0.7214546203613281,cache
2026-04-28T08:00:50.494253,MISS,Q3:Z4:conf=0.51,12.147665023803711,generador_respuestas
2026-04-28T08:00:50.609254,HIT,Q3:Z1:conf=0.14,0.9624958038330078,cache
2026-04-28T08:00:50.723859,HIT,Q1:Z1:conf=0.5,0.9450912475585938,cache
2026-04-28T08:00:50.837758,HIT,Q3:Z1:conf=0.75,1.108407974243164,cache
2026-04-28T08:00:50.959119,MISS,Q1:Z2:conf=0.67,10.105371475219727,generador_respuestas
2026-04-28T08:00:51.072011,HIT,Q1:Z1:conf=0.73,1.024484634399414,cache
2026-04-28T08:00:51.178945,HIT,Q4:Z4:conf=0.44,0.39267539978027344,cache
2026-04-28T08:00:51.302542,MISS,Q3:Z4:conf=0.82,14.81485366821289,generador_respuestas
2026-04-28T08:00:51.424762,MISS,Q2:Z2:conf=0.11,12.246131896972656,generador_respuestas
2026-04-28T08:00:51.546153,MISS,Q3:Z2:conf=0.59,12.421131134033203,generador_respuestas
2026-04-28T08:00:51.657968,HIT,Q1:Z1:conf=0.85,0.9176731109619141,cache
2026-04-28T08:00:51.770086,HIT,Q5:Z1:conf=0.86,1.0614395141601562,cache
2026-04-28T08:00:51.898007,MISS,Q4:Z2:conf=0.53,14.896392822265625,generador_respuestas
2026-04-28T08:00:52.021425,MISS,Q5:Z5:conf=0.15,14.261960983276367,generador_respuestas
2026-04-28T08:00:52.143431,MISS,Q1:Z3:conf=0.78,11.306524276733398,generador_respuestas
2026-04-28T08:00:52.264095,MISS,Q1:Z5:conf=0.49,10.18667221069336,generador_respuestas
2026-04-28T08:00:52.379659,MISS,Q3:Z2:conf=0.46,7.712841033935547,generador_respuestas
2026-04-28T08:00:52.489875,HIT,Q2:Z3:conf=0.47,0.8358955383300781,cache
2026-04-28T08:00:52.616040,MISS,Q5:Z2:conf=0.05,14.950752258300781,generador_respuestas
2026-04-28T08:00:52.730743,HIT,Q5:Z1:conf=0.74,1.1930465698242188,cache
2026-04-28T08:00:52.846323,HIT,Q2:Z1:conf=0.85,0.9057521820068359,cache
2026-04-28T08:00:52.969147,MISS,Q1:Z5:conf=0.69,9.905338287353516,generador_respuestas
2026-04-28T08:00:53.081639,HIT,Q1:Z2:conf=0.16,0.8969306945800781,cache
2026-04-28T08:00:53.202525,MISS,Q1:Z4:conf=0.42,10.102510452270508,generador_respuestas
2026-04-28T08:00:53.314709,HIT,Q1:Z2:conf=0.59,0.8985996246337891,cache
2026-04-28T08:00:53.426953,HIT,Q5:Z3:conf=0.8,1.1944770812988281,cache
2026-04-28T08:00:53.541533,HIT,Q3:Z2:conf=0.84,1.1899471282958984,cache
2026-04-28T08:00:53.649458,HIT,Q1:Z5:conf=0.32,0.40268898010253906,cache
2026-04-28T08:00:53.761307,HIT,Q3:Z3:conf=0.5,1.046895980834961,cache
2026-04-28T08:00:53.874032,HIT,Q2:Z1:conf=0.66,0.934600830078125,cache
2026-04-28T08:00:54.000668,MISS,Q5:Z2:conf=0.63,15.499114990234375,generador_respuestas
2026-04-28T08:00:54.114120,HIT,Q4:Z1:conf=0.87,0.8268356323242188,cache
2026-04-28T08:00:54.226676,HIT,Q3:Z1:conf=0.79,0.9825229644775391,cache
2026-04-28T08:00:54.339478,HIT,Q4:Z4:conf=0.13,0.8530616760253906,cache
2026-04-28T08:00:54.452521,HIT,Q4:Z2:conf=0.18,0.8540153503417969,cache
2026-04-28T08:00:54.577299,MISS,Q3:Z3:conf=0.35,12.864112854003906,generador_respuestas
2026-04-28T08:00:54.683570,HIT,Q5:Z2:conf=0.48,0.6701946258544922,cache
2026-04-28T08:00:54.794261,HIT,Q2:Z2:conf=0.74,0.9214878082275391,cache
2026-04-28T08:00:54.905775,HIT,Q1:Z3:conf=0.38,0.7250308990478516,cache
2026-04-28T08:00:55.033230,MISS,Q4:Z1:conf=0.14,16.25847816467285,generador_respuestas
2026-04-28T08:00:55.157022,MISS,Q3:Z1:conf=0.68,12.10331916809082,generador_respuestas
2026-04-28T08:00:55.268616,HIT,Q5:Z1:conf=0.38,1.1343955993652344,cache
2026-04-28T08:00:55.391466,MISS,Q3:Z5:conf=0.68,12.636423110961914,generador_respuestas
2026-04-28T08:00:55.502511,HIT,Q3:Z2:conf=0.55,0.7264614105224609,cache
2026-04-28T08:00:55.628857,MISS,Q4:Z3:conf=0.36,14.957427978515625,generador_respuestas
2026-04-28T08:00:55.740889,HIT,Q3:Z1:conf=0.72,0.8726119995117188,cache
2026-04-28T08:00:55.852644,HIT,Q2:Z2:conf=0.56,0.8349418640136719,cache
2026-04-28T08:00:55.976217,MISS,Q1:Z3:conf=0.9,10.478496551513672,generador_respuestas
2026-04-28T08:00:56.106065,MISS,Q5:Z4:conf=0.03,17.809391021728516,generador_respuestas
2026-04-28T08:00:56.217862,HIT,Q5:Z1:conf=0.21,0.5600452423095703,cache
2026-04-28T08:00:56.328723,HIT,Q5:Z4:conf=0.08,1.0707378387451172,cache
2026-04-28T08:00:56.444627,HIT,Q3:Z3:conf=0.73,1.0285377502441406,cache
2026-04-28T08:00:56.567302,MISS,Q1:Z2:conf=0.78,9.653091430664062,generador_respuestas
2026-04-28T08:00:56.675494,HIT,Q5:Z1:conf=0.36,0.5979537963867188,cache
2026-04-28T08:00:56.786010,HIT,Q4:Z1:conf=0.79,0.7352828979492188,cache
2026-04-28T08:00:56.905498,MISS,Q1:Z3:conf=0.31,9.479761123657227,generador_respuestas
2026-04-28T08:00:57.029305,MISS,Q5:Z4:conf=0.32,14.360189437866211,generador_respuestas
2026-04-28T08:00:57.141224,HIT,Q4:Z1:conf=0.86,0.7317066192626953,cache
2026-04-28T08:00:57.265660,MISS,Q2:Z2:conf=0.75,12.403011322021484,generador_respuestas
2026-04-28T08:00:57.386126,MISS,Q2:Z1:conf=0.27,9.895563125610352,generador_respuestas
2026-04-28T08:00:57.506569,MISS,Q1:Z2:conf=0.28,9.525299072265625,generador_respuestas
2026-04-28T08:00:57.627664,MISS,Q1:Z2:conf=0.8,9.875774383544922,generador_respuestas
2026-04-28T08:00:57.752614,MISS,Q4:Z3:conf=0.16,14.007329940795898,generador_respuestas
2026-04-28T08:00:57.859895,HIT,Q5:Z2:conf=0.77,0.45490264892578125,cache
2026-04-28T08:00:57.970473,HIT,Q4:Z2:conf=0.75,0.8287429809570312,cache
2026-04-28T08:00:58.096669,MISS,Q4:Z5:conf=0.88,14.518022537231445,generador_respuestas
2026-04-28T08:00:58.208354,HIT,Q1:Z1:conf=0.83,0.83160400390625,cache
2026-04-28T08:00:58.323240,HIT,Q5:Z1:conf=0.27,1.361846923828125,cache
2026-04-28T08:00:58.447035,MISS,Q1:Z3:conf=0.51,11.636734008789062,generador_respuestas
2026-04-28T08:00:58.556538,HIT,Q3:Z1:conf=0.07,0.8022785186767578,cache
2026-04-28T08:00:58.664398,HIT,Q4:Z1:conf=0.49,0.6411075592041016,cache
2026-04-28T08:00:58.773946,HIT,Q5:Z1:conf=0.02,0.9982585906982422,cache
2026-04-28T08:00:58.889996,HIT,Q2:Z1:conf=0.23,0.7755756378173828,cache
2026-04-28T08:00:59.003947,HIT,Q5:Z3:conf=0.5,1.209259033203125,cache
2026-04-28T08:00:59.119793,HIT,Q3:Z4:conf=0.33,1.047372817993164,cache
2026-04-28T08:00:59.227427,HIT,Q4:Z1:conf=0.2,0.43845176696777344,cache
2026-04-28T08:00:59.348990,MISS,Q2:Z1:conf=0.74,11.881351470947266,generador_respuestas
2026-04-28T08:00:59.472427,MISS,Q3:Z3:conf=0.25,12.102127075195312,generador_respuestas
2026-04-28T08:00:59.593633,MISS,Q3:Z4:conf=0.59,11.77978515625,generador_respuestas
2026-04-28T08:00:59.705947,HIT,Q4:Z1:conf=0.43,0.8511543273925781,cache
2026-04-28T08:00:59.817929,HIT,Q3:Z1:conf=0.84,1.0056495666503906,cache
2026-04-28T08:00:59.930246,HIT,Q3:Z4:conf=0.44,0.8161067962646484,cache
2026-04-28T08:01:00.055218,MISS,Q4:Z4:conf=0.54,13.82136344909668,generador_respuestas
2026-04-28T08:01:00.167349,HIT,Q2:Z2:conf=0.73,1.0123252868652344,cache
2026-04-28T08:01:00.295387,MISS,Q5:Z3:conf=0.66,17.029523849487305,generador_respuestas
2026-04-28T08:01:00.420536,MISS,Q5:Z2:conf=0.55,14.94145393371582,generador_respuestas
2026-04-28T08:01:00.532653,HIT,Q2:Z1:conf=0.23,1.0840892791748047,cache
2026-04-28T08:01:00.645025,HIT,Q3:Z5:conf=0.79,0.8718967437744141,cache
2026-04-28T08:01:00.759203,HIT,Q5:Z2:conf=0.01,1.1091232299804688,cache
2026-04-28T08:01:00.873654,HIT,Q4:Z5:conf=0.61,0.7958412170410156,cache
2026-04-28T08:01:00.984041,HIT,Q3:Z2:conf=0.72,0.8668899536132812,cache
2026-04-28T08:01:01.096159,HIT,Q3:Z3:conf=0.74,0.8664131164550781,cache
2026-04-28T08:01:01.219360,MISS,Q3:Z1:conf=0.53,12.99285888671875,generador_respuestas
2026-04-28T08:01:01.344212,MISS,Q4:Z2:conf=0.16,15.645980834960938,generador_respuestas
2026-04-28T08:01:01.468277,MISS,Q3:Z3:conf=0.9,13.225078582763672,generador_respuestas
2026-04-28T08:01:01.576991,HIT,Q5:Z1:conf=0.33,0.67138671875,cache
2026-04-28T08:01:01.700037,MISS,Q2:Z1:conf=0.35,11.511564254760742,generador_respuestas
2026-04-28T08:01:01.812800,HIT,Q2:Z2:conf=0.69,0.9372234344482422,cache
2026-04-28T08:01:01.923993,HIT,Q4:Z2:conf=0.5,0.8184909820556641,cache
2026-04-28T08:01:02.050476,MISS,Q5:Z3:conf=0.54,15.938758850097656,generador_respuestas
2026-04-28T08:01:02.178275,MISS,Q5:Z5:conf=0.03,15.990495681762695,generador_respuestas
2026-04-28T08:01:02.291876,HIT,Q2:Z3:conf=0.83,0.762939453125,cache
2026-04-28T08:01:02.404954,HIT,Q3:Z5:conf=0.73,0.9412765502929688,cache
2026-04-28T08:01:02.531330,MISS,Q3:Z2:conf=0.12,14.192819595336914,generador_respuestas
2026-04-28T08:01:02.643829,HIT,Q3:Z2:conf=0.51,0.8614063262939453,cache
2026-04-28T08:01:02.758381,HIT,Q2:Z2:conf=0.24,0.9932518005371094,cache
2026-04-28T08:01:02.871521,HIT,Q2:Z1:conf=0.22,0.9863376617431641,cache
2026-04-28T08:01:02.982700,HIT,Q2:Z1:conf=0.29,0.7781982421875,cache
2026-04-28T08:01:03.094816,HIT,Q1:Z5:conf=0.75,0.8757114410400391,cache
2026-04-28T08:01:03.218050,MISS,Q4:Z2:conf=0.09,13.834714889526367,generador_respuestas
2026-04-28T08:01:03.328699,HIT,Q4:Z2:conf=0.73,0.8096694946289062,cache
2026-04-28T08:01:03.441661,HIT,Q2:Z2:conf=0.74,0.8800029754638672,cache
2026-04-28T08:01:03.566250,MISS,Q4:Z4:conf=0.53,13.937234878540039,generador_respuestas
2026-04-28T08:01:03.672186,HIT,Q2:Z5:conf=0.58,0.39005279541015625,cache
2026-04-28T08:01:03.783215,HIT,Q4:Z1:conf=0.18,0.7455348968505859,cache
2026-04-28T08:01:03.904550,MISS,Q1:Z3:conf=0.7,10.23721694946289,generador_respuestas
2026-04-28T08:01:04.028457,MISS,Q1:Z4:conf=0.41,11.997461318969727,generador_respuestas
2026-04-28T08:01:04.143178,MISS,Q5:Z4:conf=0.24,7.569789886474609,generador_respuestas
2026-04-28T08:01:04.254639,HIT,Q3:Z2:conf=0.55,1.2998580932617188,cache
2026-04-28T08:01:04.366972,HIT,Q2:Z2:conf=0.42,0.8690357208251953,cache
2026-04-28T08:01:04.480302,HIT,Q4:Z4:conf=0.32,0.7894039154052734,cache
2026-04-28T08:01:04.592526,HIT,Q4:Z1:conf=0.15,0.7724761962890625,cache
2026-04-28T08:01:04.715750,MISS,Q3:Z2:conf=0.74,12.70914077758789,generador_respuestas
2026-04-28T08:01:04.837894,MISS,Q2:Z1:conf=0.86,11.025667190551758,generador_respuestas
2026-04-28T08:01:04.945835,HIT,Q3:Z3:conf=0.01,0.4627704620361328,cache
2026-04-28T08:01:05.068081,MISS,Q4:Z2:conf=0.44,13.938665390014648,generador_respuestas
2026-04-28T08:01:05.189940,MISS,Q4:Z5:conf=0.2,13.410806655883789,generador_respuestas
2026-04-28T08:01:05.301067,HIT,Q4:Z2:conf=0.12,0.8416175842285156,cache
2026-04-28T08:01:05.414578,HIT,Q4:Z3:conf=0.28,0.9059906005859375,cache
2026-04-28T08:01:05.528408,HIT,Q5:Z2:conf=0.45,1.1267662048339844,cache
2026-04-28T08:01:05.644129,HIT,Q2:Z4:conf=0.22,0.9784698486328125,cache
2026-04-28T08:01:05.757552,HIT,Q5:Z3:conf=0.24,1.1038780212402344,cache
2026-04-28T08:01:05.872839,HIT,Q4:Z1:conf=0.71,0.8375644683837891,cache
2026-04-28T08:01:05.984008,HIT,Q3:Z4:conf=0.37,0.8618831634521484,cache
2026-04-28T08:01:06.096520,HIT,Q4:Z1:conf=0.8,0.8404254913330078,cache
2026-04-28T08:01:06.204261,HIT,Q2:Z1:conf=0.17,0.457763671875,cache
2026-04-28T08:01:06.314738,HIT,Q2:Z1:conf=0.3,0.77056884765625,cache
2026-04-28T08:01:06.427543,HIT,Q2:Z1:conf=0.01,0.9064674377441406,cache
2026-04-28T08:01:06.539954,HIT,Q1:Z1:conf=0.41,0.8456707000732422,cache
2026-04-28T08:01:06.651837,HIT,Q5:Z2:conf=0.76,1.1184215545654297,cache
2026-04-28T08:01:06.767684,HIT,Q4:Z4:conf=0.39,0.7812976837158203,cache
2026-04-28T08:01:06.880389,HIT,Q2:Z5:conf=0.18,0.9217262268066406,cache
2026-04-28T08:01:06.991387,HIT,Q5:Z2:conf=0.05,1.0342597961425781,cache
2026-04-28T08:01:07.114210,MISS,Q2:Z3:conf=0.7,10.550498962402344,generador_respuestas
2026-04-28T08:01:07.240060,MISS,Q5:Z4:conf=0.23,15.270471572875977,generador_respuestas
2026-04-28T08:01:07.356058,HIT,Q1:Z2:conf=0.36,0.9412765502929688,cache
2026-04-28T08:01:07.468581,HIT,Q4:Z4:conf=0.59,0.8549690246582031,cache
2026-04-28T08:01:07.579648,HIT,Q2:Z1:conf=0.72,0.9992122650146484,cache
2026-04-28T08:01:07.691870,HIT,Q5:Z2:conf=0.02,1.2285709381103516,cache
2026-04-28T08:01:07.820703,MISS,Q5:Z4:conf=0.41,15.381813049316406,generador_respuestas
2026-04-28T08:01:07.934707,HIT,Q5:Z1:conf=0.48,1.1072158813476562,cache
2026-04-28T08:01:08.049468,HIT,Q2:Z2:conf=0.13,0.9369850158691406,cache
2026-04-28T08:01:08.162135,HIT,Q3:Z3:conf=0.33,0.8873939514160156,cache
2026-04-28T08:01:08.273196,HIT,Q3:Z5:conf=0.58,0.8025169372558594,cache
2026-04-28T08:01:08.384261,HIT,Q3:Z3:conf=0.18,1.085519790649414,cache
2026-04-28T08:01:08.496235,HIT,Q4:Z3:conf=0.34,1.0848045349121094,cache
2026-04-28T08:01:08.608788,HIT,Q3:Z1:conf=0.37,0.8645057678222656,cache
2026-04-28T08:01:08.723659,HIT,Q2:Z3:conf=0.61,0.9050369262695312,cache
2026-04-28T08:01:08.837754,HIT,Q4:Z3:conf=0.86,0.9176731109619141,cache
2026-04-28T08:01:08.959277,MISS,Q1:Z5:conf=0.57,9.65428352355957,generador_respuestas
2026-04-28T08:01:09.072490,MISS,Q1:Z4:conf=0.36,5.684137344360352,generador_respuestas
2026-04-28T08:01:09.182973,HIT,Q3:Z1:conf=0.37,0.9407997131347656,cache
2026-04-28T08:01:09.295298,HIT,Q2:Z3:conf=0.19,0.8740425109863281,cache
2026-04-28T08:01:09.408696,HIT,Q3:Z1:conf=0.73,0.9222030639648438,cache
2026-04-28T08:01:09.521297,HIT,Q4:Z3:conf=0.48,0.9315013885498047,cache
2026-04-28T08:01:09.634472,HIT,Q3:Z2:conf=0.11,0.9832382202148438,cache
2026-04-28T08:01:09.746634,HIT,Q1:Z2:conf=0.49,0.9510517120361328,cache
2026-04-28T08:01:09.859668,HIT,Q1:Z2:conf=0.16,0.9119510650634766,cache
2026-04-28T08:01:09.970750,HIT,Q5:Z4:conf=0.55,1.0600090026855469,cache
2026-04-28T08:01:10.101463,MISS,Q3:Z1:conf=0.61,16.417503356933594,generador_respuestas
2026-04-28T08:01:10.227730,MISS,Q4:Z4:conf=0.77,15.009880065917969,generador_respuestas
2026-04-28T08:01:10.340626,HIT,Q1:Z1:conf=0.77,1.1341571807861328,cache
2026-04-28T08:01:10.454061,HIT,Q5:Z1:conf=0.75,1.1360645294189453,cache
2026-04-28T08:01:10.579446,MISS,Q1:Z5:conf=0.17,11.875152587890625,generador_respuestas
2026-04-28T08:01:10.707436,MISS,Q5:Z5:conf=0.07,17.88020133972168,generador_respuestas
2026-04-28T08:01:10.821467,HIT,Q2:Z3:conf=0.48,0.6999969482421875,cache
2026-04-28T08:01:10.933828,HIT,Q3:Z2:conf=0.82,1.180887222290039,cache
2026-04-28T08:01:11.056544,MISS,Q3:Z3:conf=0.64,12.348175048828125,generador_respuestas
2026-04-28T08:01:11.163838,HIT,Q1:Z2:conf=0.66,0.31495094299316406,cache
2026-04-28T08:01:11.270164,HIT,Q5:Z1:conf=0.26,0.6103515625,cache
2026-04-28T08:01:11.383082,HIT,Q2:Z1:conf=0.7,0.8170604705810547,cache
2026-04-28T08:01:11.496645,HIT,Q3:Z2:conf=0.15,0.9438991546630859,cache
2026-04-28T08:01:11.610456,HIT,Q5:Z1:conf=0.54,1.0526180267333984,cache
2026-04-28T08:01:11.726224,HIT,Q1:Z4:conf=0.27,0.9415149688720703,cache
2026-04-28T08:01:11.841412,HIT,Q5:Z2:conf=0.08,1.2054443359375,cache
2026-04-28T08:01:11.955820,HIT,Q2:Z1:conf=0.84,0.7507801055908203,cache
2026-04-28T08:01:12.068714,HIT,Q4:Z2:conf=0.58,1.0731220245361328,cache
2026-04-28T08:01:12.181470,HIT,Q2:Z5:conf=0.22,0.9677410125732422,cache
2026-04-28T08:01:12.294178,HIT,Q4:Z2:conf=0.73,0.8072853088378906,cache
2026-04-28T08:01:12.407307,HIT,Q1:Z2:conf=0.1,0.7641315460205078,cache
2026-04-28T08:01:12.519303,HIT,Q4:Z1:conf=0.49,0.8194446563720703,cache
2026-04-28T08:01:12.644950,MISS,Q5:Z2:conf=0.47,15.882730484008789,generador_respuestas
2026-04-28T08:01:12.754413,HIT,Q1:Z3:conf=0.76,0.4372596740722656,cache
2026-04-28T08:01:12.874465,MISS,Q3:Z3:conf=0.79,12.465715408325195,generador_respuestas
2026-04-28T08:01:12.998330,MISS,Q4:Z3:conf=0.4,13.997316360473633,generador_respuestas
2026-04-28T08:01:13.109519,HIT,Q1:Z1:conf=0.35,0.6864070892333984,cache
2026-04-28T08:01:13.233936,MISS,Q4:Z4:conf=0.79,14.387130737304688,generador_respuestas
2026-04-28T08:01:13.344319,HIT,Q2:Z1:conf=0.21,0.8358955383300781,cache
2026-04-28T08:01:13.456185,HIT,Q4:Z1:conf=0.01,0.8883476257324219,cache
2026-04-28T08:01:13.582121,MISS,Q5:Z4:conf=0.78,14.376163482666016,generador_respuestas
2026-04-28T08:01:13.713536,MISS,Q5:Z3:conf=0.35,19.32358741760254,generador_respuestas
2026-04-28T08:01:13.835014,MISS,Q2:Z2:conf=0.25,10.637760162353516,generador_respuestas
2026-04-28T08:01:13.947955,HIT,Q5:Z3:conf=0.55,1.1060237884521484,cache
2026-04-28T08:01:14.062310,HIT,Q1:Z3:conf=0.03,0.8711814880371094,cache
2026-04-28T08:01:14.173795,HIT,Q2:Z2:conf=0.07,0.9577274322509766,cache
2026-04-28T08:01:14.284148,HIT,Q2:Z1:conf=0.71,0.6351470947265625,cache
2026-04-28T08:01:14.395638,HIT,Q3:Z5:conf=0.26,0.8997917175292969,cache
2026-04-28T08:01:14.526487,MISS,Q5:Z3:conf=0.14,19.670724868774414,generador_respuestas
2026-04-28T08:01:14.653436,MISS,Q4:Z5:conf=0.04,13.599395751953125,generador_respuestas
2026-04-28T08:01:14.777926,MISS,Q3:Z5:conf=0.7,13.885974884033203,generador_respuestas
2026-04-28T08:01:14.891527,HIT,Q3:Z1:conf=0.23,1.0156631469726562,cache
2026-04-28T08:01:15.005018,HIT,Q2:Z2:conf=0.86,0.9109973907470703,cache
2026-04-28T08:01:15.131415,MISS,Q2:Z1:conf=0.03,12.709379196166992,generador_respuestas
2026-04-28T08:01:15.247152,HIT,Q2:Z1:conf=0.1,1.2466907501220703,cache
2026-04-28T08:01:15.356122,HIT,Q2:Z2:conf=0.48,0.44155120849609375,cache
2026-04-28T08:01:15.474993,MISS,Q2:Z5:conf=0.21,10.103940963745117,generador_respuestas
2026-04-28T08:01:15.590898,MISS,Q5:Z1:conf=0.35,9.001016616821289,generador_respuestas
2026-04-28T08:01:15.702585,HIT,Q2:Z1:conf=0.15,0.8916854858398438,cache
2026-04-28T08:01:15.825454,MISS,Q3:Z1:conf=0.48,12.713909149169922,generador_respuestas
2026-04-28T08:01:15.944733,MISS,Q1:Z5:conf=0.38,9.393692016601562,generador_respuestas
2026-04-28T08:01:16.068104,MISS,Q3:Z3:conf=0.08,14.185905456542969,generador_respuestas
2026-04-28T08:01:16.191167,MISS,Q4:Z4:conf=0.18,13.439178466796875,generador_respuestas
2026-04-28T08:01:16.301265,HIT,Q5:Z1:conf=0.35,1.039743423461914,cache
2026-04-28T08:01:16.415173,HIT,Q3:Z2:conf=0.18,0.9179115295410156,cache
2026-04-28T08:01:16.536485,MISS,Q2:Z4:conf=0.58,10.92529296875,generador_respuestas
2026-04-28T08:01:16.650178,HIT,Q4:Z1:conf=0.65,0.8032321929931641,cache
2026-04-28T08:01:16.763708,HIT,Q1:Z5:conf=0.3,0.8161067962646484,cache
2026-04-28T08:01:16.870611,HIT,Q2:Z2:conf=0.11,0.4284381866455078,cache
2026-04-28T08:01:16.980930,HIT,Q2:Z3:conf=0.01,0.8907318115234375,cache
2026-04-28T08:01:17.105377,MISS,Q4:Z3:conf=0.71,14.298200607299805,generador_respuestas
2026-04-28T08:01:17.225480,MISS,Q3:Z4:conf=0.39,11.79957389831543,generador_respuestas
2026-04-28T08:01:17.348202,MISS,Q5:Z5:conf=0.13,13.909578323364258,generador_respuestas
2026-04-28T08:01:17.474277,MISS,Q4:Z5:conf=0.56,14.472723007202148,generador_respuestas
2026-04-28T08:01:17.596552,MISS,Q3:Z2:conf=0.77,12.125492095947266,generador_respuestas
2026-04-28T08:01:17.710241,HIT,Q1:Z2:conf=0.63,1.2314319610595703,cache
2026-04-28T08:01:17.823487,HIT,Q5:Z3:conf=0.65,1.1603832244873047,cache
2026-04-28T08:01:17.937666,HIT,Q4:Z1:conf=0.38,0.8666515350341797,cache
2026-04-28T08:01:18.050439,HIT,Q1:Z5:conf=0.09,0.8656978607177734,cache
2026-04-28T08:01:18.162220,HIT,Q4:Z3:conf=0.69,0.8244514465332031,cache
2026-04-28T08:01:18.274069,HIT,Q2:Z1:conf=0.31,0.8528232574462891,cache
2026-04-28T08:01:18.386671,HIT,Q1:Z5:conf=0.84,1.0597705841064453,cache
2026-04-28T08:01:18.498521,HIT,Q5:Z2:conf=0.64,0.9267330169677734,cache
2026-04-28T08:01:18.611736,HIT,Q4:Z1:conf=0.58,0.7405281066894531,cache
2026-04-28T08:01:18.731419,MISS,Q5:Z5:conf=0.62,11.259794235229492,generador_respuestas
2026-04-28T08:01:18.838465,HIT,Q5:Z1:conf=0.21,0.5197525024414062,cache
2026-04-28T08:01:18.949427,HIT,Q5:Z3:conf=0.76,1.0237693786621094,cache
2026-04-28T08:01:19.074816,MISS,Q5:Z5:conf=0.19,14.12653923034668,generador_respuestas
2026-04-28T08:01:19.191558,HIT,Q3:Z1:conf=0.18,0.8153915405273438,cache
2026-04-28T08:01:19.318105,MISS,Q3:Z5:conf=0.28,14.841556549072266,generador_respuestas
2026-04-28T08:01:19.430117,HIT,Q4:Z1:conf=0.11,0.8101463317871094,cache
2026-04-28T08:01:19.551060,MISS,Q3:Z1:conf=0.06,10.95438003540039,generador_respuestas
2026-04-28T08:01:19.671780,MISS,Q1:Z5:conf=0.5,10.31184196472168,generador_respuestas
2026-04-28T08:01:19.785140,HIT,Q4:Z1:conf=0.67,0.7910728454589844,cache
2026-04-28T08:01:19.908803,MISS,Q3:Z1:conf=0.5,12.867927551269531,generador_respuestas
2026-04-28T08:01:20.022767,HIT,Q5:Z5:conf=0.84,1.0509490966796875,cache
2026-04-28T08:01:20.135648,HIT,Q2:Z1:conf=0.46,0.8208751678466797,cache
2026-04-28T08:01:20.243546,HIT,Q1:Z5:conf=0.86,0.39768218994140625,cache
2026-04-28T08:01:20.352106,HIT,Q5:Z2:conf=0.01,0.9205341339111328,cache
2026-04-28T08:01:20.477099,MISS,Q4:Z2:conf=0.4,14.00899887084961,generador_respuestas
2026-04-28T08:01:20.588063,HIT,Q4:Z4:conf=0.77,0.8616447448730469,cache
2026-04-28T08:01:20.699976,HIT,Q5:Z1:conf=0.33,1.1408329010009766,cache
2026-04-28T08:01:20.828192,MISS,Q4:Z5:conf=0.43,15.094757080078125,generador_respuestas
2026-04-28T08:01:20.951295,MISS,Q2:Z4:conf=0.85,10.813474655151367,generador_respuestas
2026-04-28T08:01:21.065240,HIT,Q4:Z2:conf=0.35,0.7946491241455078,cache
2026-04-28T08:01:21.185208,MISS,Q1:Z3:conf=0.12,10.048389434814453,generador_respuestas
2026-04-28T08:01:21.308107,MISS,Q4:Z3:conf=0.67,13.149023056030273,generador_respuestas
2026-04-28T08:01:21.419390,HIT,Q4:Z1:conf=0.08,0.8404254913330078,cache
2026-04-28T08:01:21.532717,HIT,Q4:Z1:conf=0.58,0.9160041809082031,cache
2026-04-28T08:01:21.645033,HIT,Q3:Z1:conf=0.18,0.9882450103759766,cache
2026-04-28T08:01:21.773159,MISS,Q3:Z2:conf=0.57,15.70439338684082,generador_respuestas
2026-04-28T08:01:21.886994,HIT,Q5:Z1:conf=0.42,1.3265609741210938,cache
2026-04-28T08:01:22.017393,MISS,Q5:Z4:conf=0.59,16.31760597229004,generador_respuestas
2026-04-28T08:01:22.132616,HIT,Q5:Z1:conf=0.63,1.1036396026611328,cache
2026-04-28T08:01:22.247457,HIT,Q4:Z2:conf=0.8,0.8707046508789062,cache
2026-04-28T08:01:22.359786,HIT,Q1:Z2:conf=0.14,0.8885860443115234,cache
2026-04-28T08:01:22.472911,HIT,Q5:Z4:conf=0.08,1.0292530059814453,cache
2026-04-28T08:01:22.587350,HIT,Q2:Z1:conf=0.27,0.9164810180664062,cache
2026-04-28T08:01:22.701208,HIT,Q5:Z1:conf=0.2,1.2493133544921875,cache
2026-04-28T08:01:22.814473,HIT,Q1:Z1:conf=0.46,0.6825923919677734,cache
2026-04-28T08:01:22.935327,MISS,Q1:Z2:conf=0.54,11.18016242980957,generador_respuestas
2026-04-28T08:01:23.042882,HIT,Q5:Z2:conf=0.45,0.49805641174316406,cache
2026-04-28T08:01:23.155155,HIT,Q2:Z1:conf=0.63,0.9567737579345703,cache
2026-04-28T08:01:23.268586,HIT,Q5:Z2:conf=0.38,1.0838508605957031,cache
2026-04-28T08:01:23.384539,HIT,Q5:Z4:conf=0.85,1.1353492736816406,cache
2026-04-28T08:01:23.512252,MISS,Q2:Z3:conf=0.86,11.609077453613281,generador_respuestas
2026-04-28T08:01:23.638404,MISS,Q2:Z1:conf=0.38,12.551069259643555,generador_respuestas
2026-04-28T08:01:23.746871,HIT,Q3:Z5:conf=0.83,0.4184246063232422,cache
2026-04-28T08:01:23.857304,HIT,Q3:Z1:conf=0.58,1.0013580322265625,cache
2026-04-28T08:01:23.983294,MISS,Q4:Z1:conf=0.39,14.469146728515625,generador_respuestas
2026-04-28T08:01:24.096466,HIT,Q5:Z4:conf=0.03,1.148223876953125,cache
2026-04-28T08:01:24.221904,MISS,Q4:Z1:conf=0.75,13.616800308227539,generador_respuestas
2026-04-28T08:01:24.328159,HIT,Q5:Z3:conf=0.28,0.5631446838378906,cache
2026-04-28T08:01:24.449377,MISS,Q1:Z3:conf=0.44,9.189128875732422,generador_respuestas
2026-04-28T08:01:24.561703,HIT,Q3:Z1:conf=0.55,1.0418891906738281,cache
2026-04-28T08:01:24.674931,HIT,Q3:Z2:conf=0.0,0.9047985076904297,cache
2026-04-28T08:01:24.801577,MISS,Q5:Z4:conf=0.27,15.089988708496094,generador_respuestas
2026-04-28T08:01:24.919101,HIT,Q4:Z4:conf=0.57,0.7803440093994141,cache
2026-04-28T08:01:25.033335,HIT,Q2:Z1:conf=0.74,0.8335113525390625,cache
2026-04-28T08:01:25.148162,HIT,Q2:Z5:conf=0.45,1.0018348693847656,cache
2026-04-28T08:01:25.272285,MISS,Q5:Z5:conf=0.89,12.564420700073242,generador_respuestas
2026-04-28T08:01:25.387060,HIT,Q5:Z1:conf=0.21,1.0771751403808594,cache
2026-04-28T08:01:25.500934,HIT,Q1:Z1:conf=0.43,0.7812976837158203,cache
2026-04-28T08:01:25.621176,MISS,Q2:Z1:conf=0.41,10.79559326171875,generador_respuestas
2026-04-28T08:01:25.728397,HIT,Q4:Z5:conf=0.07,0.46539306640625,cache
2026-04-28T08:01:25.839067,MISS,Q1:Z1:conf=0.0,5.582571029663086,generador_respuestas
2026-04-28T08:01:25.959658,MISS,Q1:Z3:conf=0.43,10.535717010498047,generador_respuestas
2026-04-28T08:01:26.073194,HIT,Q1:Z3:conf=0.78,0.8747577667236328,cache
2026-04-28T08:01:26.185041,HIT,Q2:Z2:conf=0.11,0.9350776672363281,cache
2026-04-28T08:01:26.298661,HIT,Q5:Z3:conf=0.88,1.1548995971679688,cache
2026-04-28T08:01:26.411912,HIT,Q2:Z1:conf=0.84,0.8776187896728516,cache
2026-04-28T08:01:26.524851,HIT,Q2:Z1:conf=0.61,0.8385181427001953,cache
2026-04-28T08:01:26.639117,HIT,Q2:Z4:conf=0.02,1.0111331939697266,cache
2026-04-28T08:01:26.762148,MISS,Q3:Z1:conf=0.88,12.101173400878906,generador_respuestas
2026-04-28T08:01:26.874100,HIT,Q3:Z1:conf=0.45,0.9629726409912109,cache
2026-04-28T08:01:26.986258,HIT,Q4:Z2:conf=0.76,0.7932186126708984,cache
2026-04-28T08:01:27.098399,HIT,Q5:Z1:conf=0.47,1.0492801666259766,cache
2026-04-28T08:01:27.211222,HIT,Q2:Z5:conf=0.86,0.8406639099121094,cache
2026-04-28T08:01:27.335783,MISS,Q5:Z4:conf=0.67,14.856338500976562,generador_respuestas
2026-04-28T08:01:27.451435,MISS,Q3:Z5:conf=0.6,7.395029067993164,generador_respuestas
2026-04-28T08:01:27.561594,HIT,Q5:Z2:conf=0.6,1.0600090026855469,cache
2026-04-28T08:01:27.675500,HIT,Q1:Z2:conf=0.39,0.6973743438720703,cache
2026-04-28T08:01:27.787576,HIT,Q5:Z2:conf=0.66,1.0590553283691406,cache
2026-04-28T08:01:27.912947,MISS,Q3:Z1:conf=0.49,13.257026672363281,generador_respuestas
2026-04-28T08:01:28.032966,MISS,Q1:Z1:conf=0.09,9.654760360717773,generador_respuestas
2026-04-28T08:01:28.144080,HIT,Q2:Z1:conf=0.04,0.8327960968017578,cache
2026-04-28T08:01:28.256113,HIT,Q2:Z2:conf=0.19,0.8704662322998047,cache
2026-04-28T08:01:28.368031,HIT,Q5:Z2:conf=0.75,1.2040138244628906,cache
2026-04-28T08:01:28.477783,HIT,Q5:Z1:conf=0.31,0.5168914794921875,cache
2026-04-28T08:01:28.602127,MISS,Q2:Z3:conf=0.06,11.991024017333984,generador_respuestas
2026-04-28T08:01:28.729778,MISS,Q4:Z4:conf=0.02,14.617919921875,generador_respuestas
2026-04-28T08:01:28.852758,MISS,Q1:Z5:conf=0.44,10.183334350585938,generador_respuestas
2026-04-28T08:01:28.974531,MISS,Q2:Z3:conf=0.28,11.32655143737793,generador_respuestas
2026-04-28T08:01:29.100313,MISS,Q3:Z3:conf=0.53,13.857603073120117,generador_respuestas
2026-04-28T08:01:29.230078,MISS,Q4:Z3:conf=0.21,17.76862144470215,generador_respuestas
2026-04-28T08:01:29.356066,MISS,Q4:Z5:conf=0.44,14.048099517822266,generador_respuestas
2026-04-28T08:01:29.469510,HIT,Q1:Z3:conf=0.89,0.9610652923583984,cache
2026-04-28T08:01:29.581146,HIT,Q1:Z2:conf=0.19,0.8013248443603516,cache
2026-04-28T08:01:29.692838,HIT,Q4:Z1:conf=0.45,0.8409023284912109,cache
2026-04-28T08:01:29.804787,HIT,Q2:Z2:conf=0.17,0.8704662322998047,cache
2026-04-28T08:01:29.919519,HIT,Q4:Z4:conf=0.39,0.9326934814453125,cache
2026-04-28T08:01:30.032164,HIT,Q2:Z3:conf=0.26,0.8366107940673828,cache
2026-04-28T08:01:30.143715,HIT,Q5:Z1:conf=0.09,1.1250972747802734,cache
2026-04-28T08:01:30.257568,HIT,Q2:Z2:conf=0.0,1.077413558959961,cache
2026-04-28T08:01:30.366372,HIT,Q1:Z1:conf=0.44,0.47469139099121094,cache
2026-04-28T08:01:30.477421,HIT,Q1:Z1:conf=0.4,0.6833076477050781,cache
2026-04-28T08:01:30.584484,HIT,Q4:Z2:conf=0.18,0.43272972106933594,cache
2026-04-28T08:01:30.694697,HIT,Q2:Z2:conf=0.23,0.9608268737792969,cache
2026-04-28T08:01:30.808011,HIT,Q1:Z1:conf=0.67,0.7958412170410156,cache
2026-04-28T08:01:30.922230,HIT,Q4:Z4:conf=0.58,0.9341239929199219,cache
2026-04-28T08:01:31.034167,HIT,Q3:Z1:conf=0.64,0.9105205535888672,cache
2026-04-28T08:01:31.158480,MISS,Q5:Z1:conf=0.73,13.71908187866211,generador_respuestas
2026-04-28T08:01:31.274210,HIT,Q5:Z2:conf=0.66,1.1217594146728516,cache
2026-04-28T08:01:31.386647,HIT,Q3:Z1:conf=0.48,0.6933212280273438,cache
2026-04-28T08:01:31.499027,HIT,Q4:Z1:conf=0.58,0.7071495056152344,cache
2026-04-28T08:01:31.611846,HIT,Q3:Z1:conf=0.87,1.0619163513183594,cache
2026-04-28T08:01:31.725514,HIT,Q3:Z1:conf=0.44,0.9598731994628906,cache
2026-04-28T08:01:31.849193,MISS,Q5:Z3:conf=0.83,13.097763061523438,generador_respuestas
2026-04-28T08:01:31.961954,HIT,Q3:Z2:conf=0.84,0.9903907775878906,cache
2026-04-28T08:01:32.086472,MISS,Q2:Z3:conf=0.07,12.302160263061523,generador_respuestas
2026-04-28T08:01:32.198506,HIT,Q5:Z1:conf=0.71,1.0280609130859375,cache
2026-04-28T08:01:32.314558,MISS,Q3:Z5:conf=0.85,6.861686706542969,generador_respuestas
2026-04-28T08:01:32.424839,HIT,Q4:Z3:conf=0.06,0.7803440093994141,cache
2026-04-28T08:01:32.546533,MISS,Q2:Z1:conf=0.64,11.70659065246582,generador_respuestas
2026-04-28T08:01:32.658837,HIT,Q2:Z1:conf=0.7,0.8981227874755859,cache
2026-04-28T08:01:32.780034,MISS,Q1:Z1:conf=0.25,10.43391227722168,generador_respuestas
2026-04-28T08:01:32.890278,HIT,Q4:Z5:conf=0.78,0.7367134094238281,cache
2026-04-28T08:01:33.002915,HIT,Q5:Z4:conf=0.24,1.1279582977294922,cache
2026-04-28T08:01:33.131623,MISS,Q5:Z3:conf=0.86,14.121770858764648,generador_respuestas
2026-04-28T08:01:33.258788,MISS,Q5:Z2:conf=0.39,14.076948165893555,generador_respuestas
2026-04-28T08:01:33.372921,HIT,Q3:Z2:conf=0.83,1.0294914245605469,cache
2026-04-28T08:01:33.496573,MISS,Q1:Z1:conf=0.21,11.992454528808594,generador_respuestas
2026-04-28T08:01:33.609853,HIT,Q2:Z4:conf=0.13,0.9760856628417969,cache
2026-04-28T08:01:33.722796,HIT,Q3:Z4:conf=0.71,0.8533000946044922,cache
2026-04-28T08:01:33.847736,MISS,Q3:Z1:conf=0.21,13.869285583496094,generador_respuestas
2026-04-28T08:01:33.954579,HIT,Q5:Z2:conf=0.75,0.6718635559082031,cache
2026-04-28T08:01:34.064862,HIT,Q1:Z5:conf=0.44,0.7174015045166016,cache
2026-04-28T08:01:34.175729,HIT,Q1:Z5:conf=0.88,0.7417201995849609,cache
2026-04-28T08:01:34.300131,MISS,Q5:Z1:conf=0.84,15.176057815551758,generador_respuestas
2026-04-28T08:01:34.414416,HIT,Q3:Z1:conf=0.75,0.9565353393554688,cache
2026-04-28T08:01:34.537775,MISS,Q1:Z2:conf=0.55,11.930704116821289,generador_respuestas
2026-04-28T08:01:34.650501,HIT,Q3:Z1:conf=0.75,1.046895980834961,cache
2026-04-28T08:01:34.775043,MISS,Q5:Z3:conf=0.72,13.799428939819336,generador_respuestas
2026-04-28T08:01:34.896423,MISS,Q1:Z5:conf=0.82,10.548114776611328,generador_respuestas
2026-04-28T08:01:35.009179,HIT,Q2:Z4:conf=0.52,0.8962154388427734,cache
2026-04-28T08:01:35.122985,HIT,Q5:Z1:conf=0.69,1.1553764343261719,cache
2026-04-28T08:01:35.239927,HIT,Q3:Z3:conf=0.52,1.0144710540771484,cache
2026-04-28T08:01:35.347123,HIT,Q2:Z5:conf=0.52,0.39505958557128906,cache
2026-04-28T08:01:35.457335,HIT,Q3:Z1:conf=0.06,0.8320808410644531,cache
2026-04-28T08:01:35.584796,MISS,Q5:Z3:conf=0.4,18.483638763427734,generador_respuestas
2026-04-28T08:01:35.705913,MISS,Q2:Z2:conf=0.43,11.712074279785156,generador_respuestas
2026-04-28T08:01:35.818217,HIT,Q2:Z2:conf=0.74,0.8084774017333984,cache
2026-04-28T08:01:35.938685,MISS,Q2:Z3:conf=0.75,10.778188705444336,generador_respuestas
2026-04-28T08:01:36.051774,HIT,Q2:Z2:conf=0.29,0.9701251983642578,cache
2026-04-28T08:01:36.164383,HIT,Q3:Z1:conf=0.53,0.9028911590576172,cache
2026-04-28T08:01:36.279116,HIT,Q1:Z1:conf=0.04,0.9791851043701172,cache
2026-04-28T08:01:36.386720,HIT,Q3:Z4:conf=0.24,0.396728515625,cache
2026-04-28T08:01:36.497649,HIT,Q1:Z5:conf=0.57,0.7488727569580078,cache
2026-04-28T08:01:36.618965,MISS,Q1:Z1:conf=0.11,11.573553085327148,generador_respuestas
2026-04-28T08:01:36.729954,HIT,Q2:Z2:conf=0.59,0.9355545043945312,cache
2026-04-28T08:01:36.841274,HIT,Q2:Z1:conf=0.41,0.7462501525878906,cache
2026-04-28T08:01:36.964234,MISS,Q1:Z3:conf=0.34,10.7574462890625,generador_respuestas
2026-04-28T08:01:37.076774,HIT,Q2:Z1:conf=0.16,0.8366107940673828,cache
2026-04-28T08:01:37.190795,HIT,Q2:Z2:conf=0.35,0.9999275207519531,cache
2026-04-28T08:01:37.303715,HIT,Q1:Z2:conf=0.2,0.8804798126220703,cache
2026-04-28T08:01:37.414817,HIT,Q3:Z3:conf=0.38,0.9472370147705078,cache
2026-04-28T08:01:37.526734,HIT,Q2:Z1:conf=0.75,0.9210109710693359,cache
2026-04-28T08:01:37.640482,HIT,Q3:Z2:conf=0.09,0.9565353393554688,cache
2026-04-28T08:01:37.752830,HIT,Q4:Z4:conf=0.86,0.7469654083251953,cache
2026-04-28T08:01:37.864554,HIT,Q5:Z5:conf=0.15,1.0297298431396484,cache
2026-04-28T08:01:37.978563,HIT,Q1:Z1:conf=0.35,0.7658004760742188,cache
2026-04-28T08:01:38.104132,MISS,Q4:Z4:conf=0.85,14.859437942504883,generador_respuestas
2026-04-28T08:01:38.216504,HIT,Q3:Z1:conf=0.7,0.9019374847412109,cache
2026-04-28T08:01:38.339488,MISS,Q1:Z4:conf=0.58,11.736154556274414,generador_respuestas
2026-04-28T08:01:38.452700,HIT,Q2:Z4:conf=0.77,0.8220672607421875,cache
2026-04-28T08:01:38.565123,HIT,Q1:Z1:conf=0.02,0.8368492126464844,cache
2026-04-28T08:01:38.677249,HIT,Q1:Z5:conf=0.83,0.8795261383056641,cache
2026-04-28T08:01:38.797482,MISS,Q3:Z5:conf=0.11,12.78233528137207,generador_respuestas
2026-04-28T08:01:38.908990,HIT,Q4:Z2:conf=0.47,0.7865428924560547,cache
2026-04-28T08:01:39.030860,MISS,Q3:Z4:conf=0.54,10.832071304321289,generador_respuestas
2026-04-28T08:01:39.152089,MISS,Q2:Z3:conf=0.74,10.750055313110352,generador_respuestas
2026-04-28T08:01:39.263913,HIT,Q2:Z2:conf=0.85,1.0390281677246094,cache
2026-04-28T08:01:39.375376,HIT,Q3:Z4:conf=0.12,0.8642673492431641,cache
2026-04-28T08:01:39.489338,HIT,Q2:Z4:conf=0.07,0.957489013671875,cache
2026-04-28T08:01:39.603899,HIT,Q3:Z2:conf=0.8,0.46372413635253906,cache
2026-04-28T08:01:39.717790,HIT,Q5:Z2:conf=0.82,1.1456012725830078,cache
2026-04-28T08:01:39.845943,MISS,Q5:Z1:conf=0.63,14.203310012817383,generador_respuestas
2026-04-28T08:01:39.960272,HIT,Q2:Z4:conf=0.71,0.9205341339111328,cache
2026-04-28T08:01:40.073263,HIT,Q2:Z2:conf=0.74,0.896453857421875,cache
2026-04-28T08:01:40.181117,HIT,Q5:Z1:conf=0.84,0.49567222595214844,cache
2026-04-28T08:01:40.292407,HIT,Q3:Z3:conf=0.29,0.9477138519287109,cache
2026-04-28T08:01:40.405881,HIT,Q3:Z3:conf=0.57,0.9377002716064453,cache
2026-04-28T08:01:40.528768,MISS,Q1:Z2:conf=0.34,9.962797164916992,generador_respuestas
2026-04-28T08:01:40.642945,HIT,Q5:Z3:conf=0.64,1.180410385131836,cache
2026-04-28T08:01:40.758280,HIT,Q1:Z1:conf=0.58,0.8528232574462891,cache
2026-04-28T08:01:40.871950,HIT,Q5:Z1:conf=0.27,1.1394023895263672,cache
2026-04-28T08:01:40.996978,MISS,Q1:Z1:conf=0.36,10.478019714355469,generador_respuestas
2026-04-28T08:01:41.108537,HIT,Q4:Z1:conf=0.33,0.7870197296142578,cache
2026-04-28T08:01:41.220312,HIT,Q2:Z4:conf=0.62,0.8614063262939453,cache
2026-04-28T08:01:41.342273,MISS,Q1:Z3:conf=0.61,11.39688491821289,generador_respuestas
2026-04-28T08:01:41.449420,HIT,Q3:Z2:conf=0.15,0.3635883331298828,cache
2026-04-28T08:01:41.559655,HIT,Q4:Z5:conf=0.03,0.8370876312255859,cache
2026-04-28T08:01:41.684670,MISS,Q4:Z1:conf=0.43,14.039993286132812,generador_respuestas
2026-04-28T08:01:41.796432,HIT,Q5:Z1:conf=0.05,1.1835098266601562,cache
2026-04-28T08:01:41.914086,HIT,Q3:Z1:conf=0.41,0.8420944213867188,cache
2026-04-28T08:01:42.028080,HIT,Q3:Z2:conf=0.89,0.9474754333496094,cache
2026-04-28T08:01:42.156685,MISS,Q5:Z5:conf=0.32,16.765117645263672,generador_respuestas
2026-04-28T08:01:42.281822,MISS,Q3:Z3:conf=0.24,13.000249862670898,generador_respuestas
2026-04-28T08:01:42.392717,HIT,Q4:Z2:conf=0.66,0.8380413055419922,cache
2026-04-28T08:01:42.504517,HIT,Q3:Z2:conf=0.84,0.8692741394042969,cache
2026-04-28T08:01:42.617493,HIT,Q3:Z4:conf=0.33,0.9505748748779297,cache
2026-04-28T08:01:42.732107,HIT,Q2:Z1:conf=0.77,0.93841552734375,cache
2026-04-28T08:01:42.862538,MISS,Q5:Z2:conf=0.53,19.147872924804688,generador_respuestas
2026-04-28T08:01:42.989724,MISS,Q3:Z4:conf=0.14,14.31727409362793,generador_respuestas
2026-04-28T08:01:43.101332,HIT,Q1:Z1:conf=0.14,0.7801055908203125,cache
2026-04-28T08:01:43.213074,HIT,Q2:Z1:conf=0.22,0.9968280792236328,cache
2026-04-28T08:01:43.324597,HIT,Q4:Z5:conf=0.16,0.7166862487792969,cache
2026-04-28T08:01:43.437418,HIT,Q1:Z4:conf=0.69,0.8249282836914062,cache
2026-04-28T08:01:43.549282,HIT,Q5:Z1:conf=0.13,1.0824203491210938,cache
2026-04-28T08:01:43.670230,MISS,Q1:Z5:conf=0.45,8.746147155761719,generador_respuestas
2026-04-28T08:01:43.778076,HIT,Q3:Z4:conf=0.33,0.4763603210449219,cache
2026-04-28T08:01:43.889324,HIT,Q2:Z3:conf=0.88,0.9887218475341797,cache
2026-04-28T08:01:44.015484,MISS,Q3:Z4:conf=0.27,13.451337814331055,generador_respuestas
2026-04-28T08:01:44.128295,HIT,Q2:Z1:conf=0.32,1.0612010955810547,cache
2026-04-28T08:01:44.241551,HIT,Q4:Z1:conf=0.16,0.8695125579833984,cache
2026-04-28T08:01:44.353971,HIT,Q5:Z3:conf=0.29,1.2392997741699219,cache
2026-04-28T08:01:44.482528,MISS,Q3:Z1:conf=0.02,15.089035034179688,generador_respuestas
2026-04-28T08:01:44.596588,HIT,Q1:Z1:conf=0.52,0.782012939453125,cache
2026-04-28T08:01:44.708540,HIT,Q1:Z1:conf=0.9,0.8628368377685547,cache
2026-04-28T08:01:44.833769,MISS,Q4:Z2:conf=0.15,14.864921569824219,generador_respuestas
2026-04-28T08:01:44.945365,HIT,Q3:Z2:conf=0.72,1.2252330780029297,cache
2026-04-28T08:01:45.057512,HIT,Q2:Z1:conf=0.3,0.9016990661621094,cache
2026-04-28T08:01:45.171484,HIT,Q4:Z1:conf=0.68,0.9474754333496094,cache
2026-04-28T08:01:45.282935,HIT,Q3:Z1:conf=0.26,0.7526874542236328,cache
2026-04-28T08:01:45.395764,HIT,Q3:Z1:conf=0.3,0.8566379547119141,cache
2026-04-28T08:01:45.519667,MISS,Q2:Z2:conf=0.63,11.288166046142578,generador_respuestas
2026-04-28T08:01:45.630938,HIT,Q5:Z1:conf=0.31,0.9899139404296875,cache
2026-04-28T08:01:45.755465,MISS,Q3:Z2:conf=0.33,12.91346549987793,generador_respuestas
2026-04-28T08:01:45.864201,HIT,Q3:Z3:conf=0.42,0.41675567626953125,cache
2026-04-28T08:01:45.986855,MISS,Q3:Z2:conf=0.34,13.695955276489258,generador_respuestas
2026-04-28T08:01:46.100070,HIT,Q5:Z1:conf=0.27,1.1551380157470703,cache
2026-04-28T08:01:46.215115,HIT,Q4:Z1:conf=0.82,0.8218288421630859,cache
2026-04-28T08:01:46.326809,HIT,Q2:Z4:conf=0.67,0.9307861328125,cache
2026-04-28T08:01:46.455454,MISS,Q4:Z4:conf=0.68,15.997648239135742,generador_respuestas
2026-04-28T08:01:46.568161,HIT,Q3:Z1:conf=0.0,0.946044921875,cache
2026-04-28T08:01:46.696315,MISS,Q5:Z5:conf=0.51,16.187429428100586,generador_respuestas
2026-04-28T08:01:46.808545,HIT,Q1:Z3:conf=0.65,0.6241798400878906,cache
2026-04-28T08:01:46.921405,HIT,Q3:Z2:conf=0.22,1.104116439819336,cache
2026-04-28T08:01:47.044524,MISS,Q1:Z1:conf=0.26,11.189699172973633,generador_respuestas
2026-04-28T08:01:47.161164,MISS,Q4:Z3:conf=0.53,9.05919075012207,generador_respuestas
2026-04-28T08:01:47.270356,HIT,Q2:Z5:conf=0.16,0.8559226989746094,cache
2026-04-28T08:01:47.382114,HIT,Q4:Z2:conf=0.47,0.782012939453125,cache
2026-04-28T08:01:47.504479,MISS,Q3:Z3:conf=0.84,12.714147567749023,generador_respuestas
2026-04-28T08:01:47.628505,MISS,Q5:Z1:conf=0.66,14.440059661865234,generador_respuestas
2026-04-28T08:01:47.750583,MISS,Q1:Z5:conf=0.47,10.331392288208008,generador_respuestas
2026-04-28T08:01:47.862020,HIT,Q2:Z5:conf=0.9,0.8726119995117188,cache
2026-04-28T08:01:47.974617,HIT,Q5:Z3:conf=0.79,1.4004707336425781,cache
2026-04-28T08:01:48.102302,MISS,Q3:Z3:conf=0.65,14.858245849609375,generador_respuestas
2026-04-28T08:01:48.214984,HIT,Q4:Z2:conf=0.27,0.7703304290771484,cache
2026-04-28T08:01:48.331570,HIT,Q5:Z1:conf=0.49,1.3380050659179688,cache
2026-04-28T08:01:48.460487,MISS,Q3:Z5:conf=0.74,13.584375381469727,generador_respuestas
2026-04-28T08:01:48.573355,HIT,Q1:Z3:conf=0.88,0.9753704071044922,cache
2026-04-28T08:01:48.697032,MISS,Q4:Z3:conf=0.41,14.440774917602539,generador_respuestas
2026-04-28T08:01:48.807244,HIT,Q2:Z5:conf=0.89,0.8409023284912109,cache
2026-04-28T08:01:48.921366,HIT,Q5:Z2:conf=0.89,1.2791156768798828,cache
2026-04-28T08:01:49.030474,HIT,Q1:Z2:conf=0.35,0.4849433898925781,cache
2026-04-28T08:01:49.148688,MISS,Q1:Z5:conf=0.0,10.038137435913086,generador_respuestas
2026-04-28T08:01:49.259701,HIT,Q1:Z2:conf=0.07,0.6933212280273438,cache
2026-04-28T08:01:49.385097,MISS,Q4:Z2:conf=0.68,15.011310577392578,generador_respuestas
2026-04-28T08:01:49.511321,MISS,Q4:Z2:conf=0.26,14.971017837524414,generador_respuestas
2026-04-28T08:01:49.633759,MISS,Q3:Z2:conf=0.73,12.109041213989258,generador_respuestas
2026-04-28T08:01:49.746220,HIT,Q1:Z4:conf=0.86,0.9326934814453125,cache
2026-04-28T08:01:49.858013,HIT,Q3:Z1:conf=0.33,0.9012222290039062,cache
2026-04-28T08:01:49.979648,MISS,Q1:Z5:conf=0.36,11.077642440795898,generador_respuestas
2026-04-28T08:01:50.092269,HIT,Q4:Z2:conf=0.4,1.1074542999267578,cache
2026-04-28T08:01:50.205583,HIT,Q5:Z5:conf=0.88,1.150369644165039,cache
2026-04-28T08:01:50.334694,MISS,Q5:Z5:conf=0.29,14.85586166381836,generador_respuestas
2026-04-28T08:01:50.459411,MISS,Q2:Z2:conf=0.29,11.509418487548828,generador_respuestas
2026-04-28T08:01:50.584682,MISS,Q2:Z2:conf=0.21,12.145280838012695,generador_respuestas
2026-04-28T08:01:50.697084,HIT,Q2:Z2:conf=0.38,0.9102821350097656,cache
2026-04-28T08:01:50.805312,HIT,Q1:Z1:conf=0.28,0.46753883361816406,cache
2026-04-28T08:01:50.929167,MISS,Q4:Z1:conf=0.21,13.057708740234375,generador_respuestas
2026-04-28T08:01:51.040695,HIT,Q4:Z4:conf=0.06,1.0232925415039062,cache
2026-04-28T08:01:51.153201,HIT,Q5:Z4:conf=0.84,1.0902881622314453,cache
2026-04-28T08:01:51.277106,MISS,Q4:Z1:conf=0.13,11.503219604492188,generador_respuestas
2026-04-28T08:01:51.386959,HIT,Q5:Z4:conf=0.35,0.9160041809082031,cache
2026-04-28T08:01:51.501443,HIT,Q1:Z2:conf=0.4,0.7913112640380859,cache
2026-04-28T08:01:51.623962,MISS,Q4:Z5:conf=0.36,13.634681701660156,generador_respuestas
2026-04-28T08:01:51.749331,MISS,Q5:Z5:conf=0.05,16.46566390991211,generador_respuestas
2026-04-28T08:01:51.862572,HIT,Q3:Z4:conf=0.35,1.1398792266845703,cache
2026-04-28T08:01:51.975764,HIT,Q5:Z1:conf=0.08,1.1522769927978516,cache
2026-04-28T08:01:52.090130,HIT,Q4:Z1:conf=0.45,0.7150173187255859,cache
2026-04-28T08:01:52.213573,MISS,Q1:Z1:conf=0.18,11.034965515136719,generador_respuestas
2026-04-28T08:01:52.334664,MISS,Q2:Z1:conf=0.78,10.927915573120117,generador_respuestas
2026-04-28T08:01:52.449005,HIT,Q4:Z3:conf=0.67,0.7398128509521484,cache
2026-04-28T08:01:52.560555,HIT,Q4:Z1:conf=0.37,0.8406639099121094,cache
2026-04-28T08:01:52.687397,MISS,Q2:Z5:conf=0.4,13.64898681640625,generador_respuestas
2026-04-28T08:01:52.800180,HIT,Q1:Z1:conf=0.01,0.9381771087646484,cache
2026-04-28T08:01:52.913200,HIT,Q4:Z3:conf=0.1,0.9582042694091797,cache
2026-04-28T08:01:53.039695,MISS,Q5:Z1:conf=0.04,16.814231872558594,generador_respuestas
2026-04-28T08:01:53.156927,HIT,Q5:Z1:conf=0.09,1.33514404296875,cache
2026-04-28T08:01:53.280219,MISS,Q1:Z5:conf=0.22,9.894132614135742,generador_respuestas
2026-04-28T08:01:53.392348,HIT,Q5:Z5:conf=0.07,1.0836124420166016,cache
2026-04-28T08:01:53.518190,MISS,Q3:Z4:conf=0.6,12.505292892456055,generador_respuestas
2026-04-28T08:01:53.633123,MISS,Q4:Z2:conf=0.63,8.049249649047852,generador_respuestas
2026-04-28T08:01:53.743346,HIT,Q4:Z3:conf=0.09,0.7984638214111328,cache
2026-04-28T08:01:53.850573,HIT,Q3:Z1:conf=0.23,0.35881996154785156,cache
2026-04-28T08:01:53.971534,MISS,Q2:Z1:conf=0.28,11.304140090942383,generador_respuestas
2026-04-28T08:01:54.085146,HIT,Q3:Z1:conf=0.74,0.8215904235839844,cache
2026-04-28T08:01:54.199357,HIT,Q1:Z1:conf=0.27,0.8718967437744141,cache
2026-04-28T08:01:54.311534,HIT,Q4:Z1:conf=0.4,0.8025169372558594,cache
2026-04-28T08:01:54.423536,HIT,Q4:Z2:conf=0.69,0.8044242858886719,cache
2026-04-28T08:01:54.548151,MISS,Q3:Z2:conf=0.68,14.253377914428711,generador_respuestas
2026-04-28T08:01:54.671712,MISS,Q4:Z2:conf=0.75,12.602567672729492,generador_respuestas
2026-04-28T08:01:54.783120,MISS,Q2:Z1:conf=0.14,5.656003952026367,generador_respuestas
2026-04-28T08:01:54.893019,HIT,Q4:Z3:conf=0.11,0.7958412170410156,cache
2026-04-28T08:01:55.017773,MISS,Q2:Z5:conf=0.29,12.89820671081543,generador_respuestas
2026-04-28T08:01:55.129565,HIT,Q1:Z5:conf=0.81,0.8213520050048828,cache
2026-04-28T08:01:55.243534,HIT,Q1:Z3:conf=0.85,1.0466575622558594,cache
2026-04-28T08:01:55.353400,HIT,Q3:Z1:conf=0.25,0.74005126953125,cache
2026-04-28T08:01:55.473396,MISS,Q1:Z2:conf=0.02,10.317325592041016,generador_respuestas
2026-04-28T08:01:55.586080,HIT,Q4:Z2:conf=0.32,0.8890628814697266,cache
2026-04-28T08:01:55.706259,MISS,Q1:Z4:conf=0.04,9.864568710327148,generador_respuestas
2026-04-28T08:01:55.813837,HIT,Q3:Z1:conf=0.09,0.4172325134277344,cache
2026-04-28T08:01:55.924303,HIT,Q3:Z3:conf=0.02,0.9813308715820312,cache
2026-04-28T08:01:56.046705,MISS,Q2:Z5:conf=0.34,10.523319244384766,generador_respuestas
2026-04-28T08:01:56.161274,HIT,Q2:Z1:conf=0.38,1.0423660278320312,cache
2026-04-28T08:01:56.283391,MISS,Q3:Z3:conf=0.15,11.070728302001953,generador_respuestas
2026-04-28T08:01:56.393443,HIT,Q2:Z1:conf=0.23,0.7467269897460938,cache
2026-04-28T08:01:56.506435,HIT,Q5:Z1:conf=0.7,1.146554946899414,cache
2026-04-28T08:01:56.620436,HIT,Q5:Z4:conf=0.15,1.0488033294677734,cache
2026-04-28T08:01:56.746520,MISS,Q2:Z4:conf=0.56,13.042211532592773,generador_respuestas
2026-04-28T08:01:56.859668,HIT,Q3:Z1:conf=0.63,1.0199546813964844,cache
2026-04-28T08:01:56.985556,MISS,Q3:Z1:conf=0.32,15.517711639404297,generador_respuestas
2026-04-28T08:01:57.097089,HIT,Q1:Z2:conf=0.24,0.7793903350830078,cache
2026-04-28T08:01:57.209244,HIT,Q5:Z1:conf=0.5,1.0836124420166016,cache
2026-04-28T08:01:57.323997,HIT,Q3:Z3:conf=0.43,0.7655620574951172,cache
2026-04-28T08:01:57.449365,MISS,Q4:Z4:conf=0.42,14.56141471862793,generador_respuestas
2026-04-28T08:01:57.574843,MISS,Q3:Z5:conf=0.56,14.548301696777344,generador_respuestas
2026-04-28T08:01:57.701210,MISS,Q4:Z2:conf=0.17,15.4266357421875,generador_respuestas
2026-04-28T08:01:57.807982,HIT,Q4:Z1:conf=0.84,0.3714561462402344,cache
2026-04-28T08:01:57.933752,MISS,Q4:Z5:conf=0.55,15.437126159667969,generador_respuestas
2026-04-28T08:01:58.047042,HIT,Q5:Z1:conf=0.67,1.131296157836914,cache
2026-04-28T08:01:58.175639,MISS,Q2:Z4:conf=0.69,12.532234191894531,generador_respuestas
2026-04-28T08:01:58.303200,MISS,Q4:Z1:conf=0.19,16.926288604736328,generador_respuestas
2026-04-28T08:01:58.415326,HIT,Q3:Z2:conf=0.01,1.003265380859375,cache
2026-04-28T08:01:58.528524,HIT,Q3:Z1:conf=0.06,0.9298324584960938,cache
2026-04-28T08:01:58.656170,MISS,Q5:Z5:conf=0.66,14.602422714233398,generador_respuestas
2026-04-28T08:01:58.782824,MISS,Q1:Z2:conf=0.69,10.718107223510742,generador_respuestas
2026-04-28T08:01:58.894758,HIT,Q1:Z1:conf=0.62,0.8347034454345703,cache
2026-04-28T08:01:59.019432,MISS,Q3:Z3:conf=0.05,15.059232711791992,generador_respuestas
2026-04-28T08:01:59.126760,HIT,Q1:Z3:conf=0.68,0.30040740966796875,cache
2026-04-28T08:01:59.237841,HIT,Q3:Z4:conf=0.17,0.9548664093017578,cache
2026-04-28T08:01:59.349401,HIT,Q2:Z5:conf=0.8,0.8156299591064453,cache
2026-04-28T08:01:59.462240,HIT,Q5:Z5:conf=0.29,1.1069774627685547,cache
2026-04-28T08:01:59.588846,MISS,Q5:Z2:conf=0.8,14.136314392089844,generador_respuestas
2026-04-28T08:01:59.704259,HIT,Q4:Z2:conf=0.73,0.8726119995117188,cache
2026-04-28T08:01:59.815436,HIT,Q3:Z5:conf=0.82,0.8058547973632812,cache
2026-04-28T08:01:59.927664,HIT,Q4:Z3:conf=0.36,0.92315673828125,cache
2026-04-28T08:02:00.041753,HIT,Q2:Z3:conf=0.26,1.0225772857666016,cache
2026-04-28T08:02:00.170407,MISS,Q4:Z2:conf=0.07,15.597343444824219,generador_respuestas
2026-04-28T08:02:00.298032,MISS,Q5:Z2:conf=0.85,15.516281127929688,generador_respuestas
2026-04-28T08:02:00.423133,MISS,Q1:Z4:conf=0.2,11.09933853149414,generador_respuestas
2026-04-28T08:02:00.546847,MISS,Q1:Z3:conf=0.55,12.492656707763672,generador_respuestas
2026-04-28T08:02:00.668535,MISS,Q3:Z4:conf=0.28,12.519121170043945,generador_respuestas
2026-04-28T08:02:00.775997,HIT,Q3:Z1:conf=0.32,0.43082237243652344,cache
2026-04-28T08:02:00.898515,MISS,Q5:Z5:conf=0.49,13.664484024047852,generador_respuestas
2026-04-28T08:02:01.020481,MISS,Q2:Z1:conf=0.58,10.575056076049805,generador_respuestas
2026-04-28T08:02:01.133545,HIT,Q1:Z5:conf=0.84,0.7815361022949219,cache
2026-04-28T08:02:01.246211,HIT,Q1:Z1:conf=0.23,0.7326602935791016,cache
2026-04-28T08:02:01.356687,HIT,Q2:Z2:conf=0.65,0.7603168487548828,cache
2026-04-28T08:02:01.469391,HIT,Q1:Z1:conf=0.86,0.9362697601318359,cache
2026-04-28T08:02:01.582195,HIT,Q5:Z3:conf=0.4,1.3535022735595703,cache
2026-04-28T08:02:01.708533,MISS,Q3:Z2:conf=0.24,14.582395553588867,generador_respuestas
2026-04-28T08:02:01.821793,MISS,Q5:Z4:conf=0.02,6.572246551513672,generador_respuestas
2026-04-28T08:02:01.934650,HIT,Q4:Z3:conf=0.07,0.8211135864257812,cache
2026-04-28T08:02:02.048843,HIT,Q1:Z3:conf=0.49,0.9567737579345703,cache
2026-04-28T08:02:02.176964,MISS,Q5:Z2:conf=0.14,16.23392105102539,generador_respuestas
2026-04-28T08:02:02.301106,MISS,Q1:Z4:conf=0.66,10.865926742553711,generador_respuestas
2026-04-28T08:02:02.424114,MISS,Q2:Z4:conf=0.36,11.949300765991211,generador_respuestas
2026-04-28T08:02:02.537312,HIT,Q3:Z4:conf=0.08,0.8566379547119141,cache
2026-04-28T08:02:02.651387,HIT,Q2:Z3:conf=0.37,0.8895397186279297,cache
2026-04-28T08:02:02.765327,HIT,Q2:Z5:conf=0.45,0.9562969207763672,cache
2026-04-28T08:02:02.878870,HIT,Q1:Z1:conf=0.55,0.9343624114990234,cache
2026-04-28T08:02:02.991024,HIT,Q2:Z2:conf=0.55,0.8108615875244141,cache
2026-04-28T08:02:03.102451,HIT,Q1:Z5:conf=0.22,0.6463527679443359,cache
2026-04-28T08:02:03.214121,HIT,Q4:Z1:conf=0.21,0.7760524749755859,cache
2026-04-28T08:02:03.327221,HIT,Q5:Z2:conf=0.34,1.2395381927490234,cache
2026-04-28T08:02:03.446655,MISS,Q3:Z3:conf=0.16,9.731054306030273,generador_respuestas
2026-04-28T08:02:03.570456,MISS,Q3:Z2:conf=0.31,12.555599212646484,generador_respuestas
2026-04-28T08:02:03.683236,HIT,Q3:Z1:conf=0.68,0.759124755859375,cache
2026-04-28T08:02:03.797027,HIT,Q1:Z2:conf=0.37,0.8065700531005859,cache
2026-04-28T08:02:03.931698,MISS,Q5:Z3:conf=0.63,22.878408432006836,generador_respuestas
2026-04-28T08:02:04.047639,HIT,Q5:Z2:conf=0.77,1.0890960693359375,cache
2026-04-28T08:02:04.164670,HIT,Q1:Z1:conf=0.25,0.8952617645263672,cache
2026-04-28T08:02:04.278298,HIT,Q5:Z1:conf=0.25,1.207113265991211,cache
2026-04-28T08:02:04.406158,MISS,Q4:Z5:conf=0.81,14.780044555664062,generador_respuestas
2026-04-28T08:02:04.517144,HIT,Q2:Z4:conf=0.43,0.8044242858886719,cache
2026-04-28T08:02:04.629718,HIT,Q5:Z1:conf=0.88,1.146078109741211,cache
2026-04-28T08:02:04.742593,HIT,Q3:Z1:conf=0.68,0.7834434509277344,cache
2026-04-28T08:02:04.854327,HIT,Q2:Z5:conf=0.36,0.79345703125,cache
2026-04-28T08:02:04.969984,HIT,Q3:Z1:conf=0.7,1.0671615600585938,cache
2026-04-28T08:02:05.083931,HIT,Q3:Z4:conf=0.23,0.8776187896728516,cache
2026-04-28T08:02:05.192242,HIT,Q3:Z3:conf=0.33,0.5283355712890625,cache
2026-04-28T08:02:05.312597,MISS,Q2:Z5:conf=0.24,11.533737182617188,generador_respuestas
2026-04-28T08:02:05.424963,HIT,Q4:Z4:conf=0.4,0.7574558258056641,cache
2026-04-28T08:02:05.550771,MISS,Q2:Z4:conf=0.21,13.761758804321289,generador_respuestas
2026-04-28T08:02:05.674829,MISS,Q4:Z5:conf=0.84,13.542413711547852,generador_respuestas
2026-04-28T08:02:05.787166,HIT,Q1:Z5:conf=0.82,0.9441375732421875,cache
2026-04-28T08:02:05.911695,MISS,Q4:Z1:conf=0.54,15.772581100463867,generador_respuestas
2026-04-28T08:02:06.022483,HIT,Q2:Z1:conf=0.21,0.8127689361572266,cache
2026-04-28T08:02:06.135329,HIT,Q2:Z2:conf=0.5,0.9195804595947266,cache
2026-04-28T08:02:06.247285,HIT,Q3:Z2:conf=0.21,0.8516311645507812,cache
2026-04-28T08:02:06.361315,HIT,Q3:Z1:conf=0.4,0.8673667907714844,cache
2026-04-28T08:02:06.481184,MISS,Q4:Z2:conf=0.85,11.114120483398438,generador_respuestas
2026-04-28T08:02:06.599772,MISS,Q1:Z3:conf=0.8,9.682893753051758,generador_respuestas
2026-04-28T08:02:06.712749,MISS,Q3:Z3:conf=0.14,6.416559219360352,generador_respuestas
2026-04-28T08:02:06.822239,HIT,Q5:Z4:conf=0.24,1.092672348022461,cache
2026-04-28T08:02:06.935357,HIT,Q1:Z3:conf=0.82,0.8540153503417969,cache
2026-04-28T08:02:07.047449,HIT,Q5:Z1:conf=0.34,1.0192394256591797,cache
2026-04-28T08:02:07.173124,MISS,Q1:Z1:conf=0.59,10.430097579956055,generador_respuestas
2026-04-28T08:02:07.284508,HIT,Q2:Z2:conf=0.81,0.7152557373046875,cache
2026-04-28T08:02:07.397527,HIT,Q2:Z2:conf=0.75,0.9312629699707031,cache
2026-04-28T08:02:07.521579,MISS,Q3:Z4:conf=0.79,12.639284133911133,generador_respuestas
2026-04-28T08:02:07.635293,HIT,Q2:Z2:conf=0.82,1.043558120727539,cache
2026-04-28T08:02:07.742948,HIT,Q3:Z1:conf=0.64,0.4546642303466797,cache
2026-04-28T08:02:07.852686,HIT,Q4:Z1:conf=0.75,0.8592605590820312,cache
2026-04-28T08:02:07.977153,MISS,Q4:Z2:conf=0.67,13.754844665527344,generador_respuestas
2026-04-28T08:02:08.089139,HIT,Q3:Z1:conf=0.53,0.8573532104492188,cache
2026-04-28T08:02:08.217688,MISS,Q3:Z3:conf=0.85,15.307188034057617,generador_respuestas
2026-04-28T08:02:08.330675,HIT,Q3:Z3:conf=0.25,0.9281635284423828,cache
2026-04-28T08:02:08.445460,HIT,Q1:Z2:conf=0.58,0.9717941284179688,cache
2026-04-28T08:02:08.574154,MISS,Q4:Z3:conf=0.78,16.192913055419922,generador_respuestas
2026-04-28T08:02:08.685421,HIT,Q1:Z3:conf=0.51,1.0585784912109375,cache
2026-04-28T08:02:08.810788,MISS,Q3:Z1:conf=0.74,12.499570846557617,generador_respuestas
2026-04-28T08:02:08.921592,HIT,Q2:Z1:conf=0.56,0.9479522705078125,cache
2026-04-28T08:02:09.037354,MISS,Q5:Z5:conf=0.18,8.031368255615234,generador_respuestas
2026-04-28T08:02:09.159657,MISS,Q4:Z4:conf=0.35,12.56108283996582,generador_respuestas
2026-04-28T08:02:09.280173,MISS,Q1:Z5:conf=0.33,10.228633880615234,generador_respuestas
2026-04-28T08:02:09.391873,HIT,Q2:Z2:conf=0.63,0.8857250213623047,cache
2026-04-28T08:02:09.515847,MISS,Q5:Z4:conf=0.7,13.608932495117188,generador_respuestas
2026-04-28T08:02:09.630594,MISS,Q1:Z5:conf=0.51,5.728483200073242,generador_respuestas
2026-04-28T08:02:09.742346,HIT,Q2:Z3:conf=0.1,1.107931137084961,cache
2026-04-28T08:02:09.871046,MISS,Q4:Z5:conf=0.1,17.179012298583984,generador_respuestas
2026-04-28T08:02:09.993512,MISS,Q3:Z1:conf=0.8,12.918710708618164,generador_respuestas
2026-04-28T08:02:10.106012,HIT,Q4:Z2:conf=0.27,0.9129047393798828,cache
2026-04-28T08:02:10.219354,HIT,Q4:Z1:conf=0.06,0.8466243743896484,cache
2026-04-28T08:02:10.331834,HIT,Q1:Z4:conf=0.41,0.8482933044433594,cache
2026-04-28T08:02:10.446427,HIT,Q2:Z3:conf=0.02,0.9014606475830078,cache
2026-04-28T08:02:10.570626,MISS,Q3:Z2:conf=0.16,12.600183486938477,generador_respuestas
2026-04-28T08:02:10.684068,HIT,Q1:Z5:conf=0.81,0.9703636169433594,cache
2026-04-28T08:02:10.794980,HIT,Q4:Z4:conf=0.32,0.8294582366943359,cache
2026-04-28T08:02:10.909787,MISS,Q4:Z3:conf=0.42,8.700370788574219,generador_respuestas
2026-04-28T08:02:11.028472,MISS,Q1:Z1:conf=0.85,9.755134582519531,generador_respuestas
2026-04-28T08:02:11.151552,MISS,Q4:Z1:conf=0.5,13.358116149902344,generador_respuestas
2026-04-28T08:02:11.273570,MISS,Q1:Z1:conf=0.37,10.487794876098633,generador_respuestas
2026-04-28T08:02:11.394570,MISS,Q4:Z4:conf=0.89,11.672735214233398,generador_respuestas
2026-04-28T08:02:11.511571,MISS,Q1:Z3:conf=0.29,9.189844131469727,generador_respuestas
2026-04-28T08:02:11.630750,MISS,Q1:Z4:conf=0.39,9.78231430053711,generador_respuestas
2026-04-28T08:02:11.742420,HIT,Q1:Z2:conf=0.57,0.7696151733398438,cache
2026-04-28T08:02:11.863795,MISS,Q2:Z4:conf=0.29,11.231184005737305,generador_respuestas
2026-04-28T08:02:11.977487,HIT,Q1:Z4:conf=0.07,0.9458065032958984,cache
2026-04-28T08:02:12.089232,HIT,Q3:Z1:conf=0.7,0.8552074432373047,cache
2026-04-28T08:02:12.216080,MISS,Q3:Z1:conf=0.19,14.613628387451172,generador_respuestas
2026-04-28T08:02:12.330714,MISS,Q5:Z1:conf=0.06,8.631467819213867,generador_respuestas
2026-04-28T08:02:12.442071,HIT,Q4:Z1:conf=0.28,0.8561611175537109,cache
2026-04-28T08:02:12.555165,HIT,Q5:Z1:conf=0.86,1.318216323852539,cache
2026-04-28T08:02:12.680089,MISS,Q2:Z5:conf=0.53,10.93602180480957,generador_respuestas
2026-04-28T08:02:12.806422,MISS,Q4:Z2:conf=0.54,14.629125595092773,generador_respuestas
2026-04-28T08:02:12.929078,MISS,Q3:Z4:conf=0.87,11.633157730102539,generador_respuestas
2026-04-28T08:02:13.054023,MISS,Q5:Z2:conf=0.37,15.203475952148438,generador_respuestas
2026-04-28T08:02:13.165114,HIT,Q2:Z2:conf=0.13,0.8072853088378906,cache
2026-04-28T08:02:13.292889,MISS,Q5:Z4:conf=0.54,15.203237533569336,generador_respuestas
2026-04-28T08:02:13.405208,HIT,Q5:Z4:conf=0.79,0.8909702301025391,cache
2026-04-28T08:02:13.531838,MISS,Q2:Z1:conf=0.81,11.37542724609375,generador_respuestas
2026-04-28T08:02:13.655028,MISS,Q1:Z2:conf=0.53,10.588884353637695,generador_respuestas
2026-04-28T08:02:13.762376,HIT,Q1:Z1:conf=0.47,0.38886070251464844,cache
2026-04-28T08:02:13.872006,HIT,Q1:Z1:conf=0.21,0.7395744323730469,cache
2026-04-28T08:02:13.983527,HIT,Q2:Z5:conf=0.39,0.8203983306884766,cache
2026-04-28T08:02:14.108690,MISS,Q4:Z5:conf=0.87,14.75071907043457,generador_respuestas
2026-04-28T08:02:14.219666,HIT,Q5:Z1:conf=0.53,1.0612010955810547,cache
2026-04-28T08:02:14.344237,MISS,Q3:Z1:conf=0.34,12.292861938476562,generador_respuestas
2026-04-28T08:02:14.455020,HIT,Q3:Z4:conf=0.54,0.9200572967529297,cache
2026-04-28T08:02:14.567576,HIT,Q2:Z1:conf=0.13,0.8368492126464844,cache
2026-04-28T08:02:14.682118,HIT,Q2:Z5:conf=0.05,0.9169578552246094,cache
2026-04-28T08:02:14.794507,HIT,Q5:Z1:conf=0.81,1.009225845336914,cache
2026-04-28T08:02:14.917289,MISS,Q1:Z5:conf=0.39,10.097980499267578,generador_respuestas
2026-04-28T08:02:15.029857,HIT,Q3:Z2:conf=0.42,0.9827613830566406,cache
2026-04-28T08:02:15.144487,MISS,Q2:Z5:conf=0.11,6.536722183227539,generador_respuestas
2026-04-28T08:02:15.265933,MISS,Q2:Z2:conf=0.39,11.84844970703125,generador_respuestas
2026-04-28T08:02:15.373035,HIT,Q2:Z3:conf=0.07,0.4343986511230469,cache
2026-04-28T08:02:15.483740,HIT,Q2:Z2:conf=0.3,1.1594295501708984,cache
2026-04-28T08:02:15.596429,HIT,Q2:Z3:conf=0.87,0.8780956268310547,cache
2026-04-28T08:02:15.728016,MISS,Q5:Z3:conf=0.77,19.60277557373047,generador_respuestas
2026-04-28T08:02:15.858904,MISS,Q5:Z5:conf=0.16,15.648365020751953,generador_respuestas
2026-04-28T08:02:15.973711,HIT,Q3:Z3:conf=0.39,1.3353824615478516,cache
2026-04-28T08:02:16.086749,HIT,Q4:Z1:conf=0.75,0.8208751678466797,cache
2026-04-28T08:02:16.210951,MISS,Q5:Z1:conf=0.9,12.212514877319336,generador_respuestas
2026-04-28T08:02:16.325010,HIT,Q4:Z4:conf=0.49,0.8149147033691406,cache
2026-04-28T08:02:16.439667,HIT,Q1:Z5:conf=0.39,0.8399486541748047,cache
2026-04-28T08:02:16.564186,MISS,Q4:Z1:conf=0.3,13.113021850585938,generador_respuestas
2026-04-28T08:02:16.687134,MISS,Q1:Z2:conf=0.18,10.68878173828125,generador_respuestas
2026-04-28T08:02:16.810148,MISS,Q3:Z2:conf=0.36,12.154340744018555,generador_respuestas
2026-04-28T08:02:16.922001,MISS,Q3:Z1:conf=0.2,6.489038467407227,generador_respuestas
2026-04-28T08:02:17.032255,HIT,Q4:Z4:conf=0.79,0.7174015045166016,cache
2026-04-28T08:02:17.155078,MISS,Q1:Z3:conf=0.42,11.296510696411133,generador_respuestas
2026-04-28T08:02:17.267979,HIT,Q5:Z1:conf=0.09,1.272439956665039,cache
2026-04-28T08:02:17.380596,HIT,Q4:Z1:conf=0.22,0.6606578826904297,cache
2026-04-28T08:02:17.502806,MISS,Q4:Z4:conf=0.04,13.12112808227539,generador_respuestas
2026-04-28T08:02:17.613892,HIT,Q4:Z2:conf=0.31,1.0509490966796875,cache
2026-04-28T08:02:17.726986,HIT,Q4:Z1:conf=0.82,0.8771419525146484,cache
2026-04-28T08:02:17.851928,MISS,Q2:Z4:conf=0.13,11.266469955444336,generador_respuestas
2026-04-28T08:02:17.975276,MISS,Q2:Z5:conf=0.78,12.103796005249023,generador_respuestas
2026-04-28T08:02:18.087577,HIT,Q4:Z4:conf=0.35,0.8444786071777344,cache
2026-04-28T08:02:18.201286,HIT,Q5:Z1:conf=0.54,1.245737075805664,cache
2026-04-28T08:02:18.327550,MISS,Q3:Z3:conf=0.48,12.948036193847656,generador_respuestas
2026-04-28T08:02:18.440382,HIT,Q4:Z1:conf=0.81,0.7183551788330078,cache
2026-04-28T08:02:18.554999,HIT,Q3:Z2:conf=0.05,1.0671615600585938,cache
2026-04-28T08:02:18.679310,MISS,Q4:Z1:conf=0.63,13.398885726928711,generador_respuestas
2026-04-28T08:02:18.790473,HIT,Q1:Z2:conf=0.09,0.8969306945800781,cache
2026-04-28T08:02:18.903209,HIT,Q1:Z2:conf=0.17,0.8609294891357422,cache
2026-04-28T08:02:19.014729,HIT,Q5:Z3:conf=0.79,1.2042522430419922,cache
2026-04-28T08:02:19.124421,HIT,Q3:Z1:conf=0.22,0.4096031188964844,cache
2026-04-28T08:02:19.236595,HIT,Q1:Z5:conf=0.45,1.0609626770019531,cache
2026-04-28T08:02:19.358443,MISS,Q1:Z2:conf=0.4,9.834766387939453,generador_respuestas
2026-04-28T08:02:19.471772,HIT,Q4:Z5:conf=0.2,0.8080005645751953,cache
2026-04-28T08:02:19.586068,HIT,Q5:Z1:conf=0.89,1.260995864868164,cache
2026-04-28T08:02:19.700228,HIT,Q5:Z1:conf=0.65,1.2004375457763672,cache
2026-04-28T08:02:19.815404,HIT,Q3:Z1:conf=0.48,1.0960102081298828,cache
2026-04-28T08:02:19.941708,MISS,Q3:Z1:conf=0.65,15.423059463500977,generador_respuestas
2026-04-28T08:02:20.054825,HIT,Q5:Z1:conf=0.25,1.07574462890625,cache
2026-04-28T08:02:20.177921,MISS,Q1:Z1:conf=0.8,9.745359420776367,generador_respuestas
2026-04-28T08:02:20.285954,HIT,Q2:Z1:conf=0.67,0.4401206970214844,cache
2026-04-28T08:02:20.406380,MISS,Q2:Z4:conf=0.78,11.41977310180664,generador_respuestas
2026-04-28T08:02:20.529437,MISS,Q3:Z4:conf=0.5,12.859106063842773,generador_respuestas
2026-04-28T08:02:20.643172,HIT,Q5:Z2:conf=0.29,1.2507438659667969,cache
2026-04-28T08:02:20.770285,MISS,Q3:Z5:conf=0.0,12.662887573242188,generador_respuestas
2026-04-28T08:02:20.895396,MISS,Q2:Z3:conf=0.14,13.669729232788086,generador_respuestas
2026-04-28T08:02:21.018801,MISS,Q4:Z1:conf=0.73,12.880802154541016,generador_respuestas
2026-04-28T08:02:21.129329,HIT,Q3:Z4:conf=0.5,0.9779930114746094,cache
2026-04-28T08:02:21.252623,MISS,Q1:Z1:conf=0.66,11.915445327758789,generador_respuestas
2026-04-28T08:02:21.360117,HIT,Q5:Z1:conf=0.62,0.5342960357666016,cache
2026-04-28T08:02:21.470762,HIT,Q2:Z3:conf=0.71,0.8361339569091797,cache
2026-04-28T08:02:21.593339,MISS,Q2:Z2:conf=0.62,10.851383209228516,generador_respuestas
2026-04-28T08:02:21.715160,MISS,Q2:Z5:conf=0.63,10.6201171875,generador_respuestas
2026-04-28T08:02:21.828047,HIT,Q1:Z1:conf=0.66,0.8232593536376953,cache
2026-04-28T08:02:21.941595,HIT,Q4:Z5:conf=0.34,0.9899139404296875,cache
2026-04-28T08:02:22.066928,MISS,Q4:Z1:conf=0.27,13.718843460083008,generador_respuestas
2026-04-28T08:02:22.186466,MISS,Q1:Z2:conf=0.85,9.686946868896484,generador_respuestas
2026-04-28T08:02:22.307903,MISS,Q2:Z5:conf=0.61,10.304689407348633,generador_respuestas
2026-04-28T08:02:22.421474,MISS,Q3:Z1:conf=0.84,6.901264190673828,generador_respuestas
2026-04-28T08:02:22.531204,HIT,Q1:Z1:conf=0.58,0.7932186126708984,cache
2026-04-28T08:02:22.644058,HIT,Q1:Z2:conf=0.53,0.8432865142822266,cache
2026-04-28T08:02:22.757910,HIT,Q2:Z1:conf=0.41,0.8981227874755859,cache
2026-04-28T08:02:22.883481,MISS,Q3:Z1:conf=0.46,13.186931610107422,generador_respuestas
2026-04-28T08:02:23.013107,MISS,Q5:Z3:conf=0.02,18.200397491455078,generador_respuestas
2026-04-28T08:02:23.124870,HIT,Q5:Z1:conf=0.27,1.1026859283447266,cache
2026-04-28T08:02:23.238977,HIT,Q5:Z4:conf=0.54,1.0974407196044922,cache
2026-04-28T08:02:23.354848,HIT,Q3:Z5:conf=0.55,0.8974075317382812,cache
2026-04-28T08:02:23.470216,HIT,Q1:Z5:conf=0.15,1.0192394256591797,cache
2026-04-28T08:02:23.582941,HIT,Q1:Z2:conf=0.34,0.8273124694824219,cache
2026-04-28T08:02:23.705825,MISS,Q4:Z2:conf=0.78,13.721942901611328,generador_respuestas
2026-04-28T08:02:23.819800,MISS,Q5:Z5:conf=0.58,7.840871810913086,generador_respuestas
2026-04-28T08:02:23.939173,MISS,Q2:Z5:conf=0.07,11.747598648071289,generador_respuestas
2026-04-28T08:02:24.049933,HIT,Q1:Z4:conf=0.58,0.728607177734375,cache
2026-04-28T08:02:24.163856,HIT,Q2:Z4:conf=0.11,0.9274482727050781,cache
2026-04-28T08:02:24.278546,HIT,Q2:Z1:conf=0.62,1.2173652648925781,cache
2026-04-28T08:02:24.390346,HIT,Q4:Z4:conf=0.02,0.7293224334716797,cache
2026-04-28T08:02:24.516848,MISS,Q5:Z1:conf=0.15,15.085220336914062,generador_respuestas
2026-04-28T08:02:24.640359,MISS,Q1:Z4:conf=0.72,10.544776916503906,generador_respuestas
2026-04-28T08:02:24.752369,HIT,Q1:Z5:conf=0.45,0.7703304290771484,cache
2026-04-28T08:02:24.865253,HIT,Q3:Z2:conf=0.64,0.8378028869628906,cache
2026-04-28T08:02:24.977615,HIT,Q5:Z3:conf=0.78,1.0967254638671875,cache
2026-04-28T08:02:25.091792,HIT,Q1:Z1:conf=0.38,1.005411148071289,cache
2026-04-28T08:02:25.218927,MISS,Q5:Z5:conf=0.27,17.043590545654297,generador_respuestas
2026-04-28T08:02:25.333468,HIT,Q1:Z2:conf=0.75,0.8094310760498047,cache
2026-04-28T08:02:25.447119,MISS,Q2:Z3:conf=0.32,7.149219512939453,generador_respuestas
2026-04-28T08:02:25.559182,HIT,Q1:Z2:conf=0.57,0.8945465087890625,cache
2026-04-28T08:02:25.686959,MISS,Q4:Z5:conf=0.28,15.060186386108398,generador_respuestas
2026-04-28T08:02:25.810546,MISS,Q5:Z1:conf=0.76,14.5416259765625,generador_respuestas
2026-04-28T08:02:25.923993,HIT,Q2:Z2:conf=0.34,0.8702278137207031,cache
2026-04-28T08:02:26.052559,MISS,Q5:Z2:conf=0.77,15.431642532348633,generador_respuestas
2026-04-28T08:02:26.165677,HIT,Q2:Z1:conf=0.8,0.8082389831542969,cache
2026-04-28T08:02:26.279487,HIT,Q5:Z5:conf=0.73,1.3201236724853516,cache
2026-04-28T08:02:26.405634,MISS,Q4:Z5:conf=0.26,13.777017593383789,generador_respuestas
2026-04-28T08:02:26.518114,HIT,Q3:Z1:conf=0.06,0.9388923645019531,cache
2026-04-28T08:02:26.630270,HIT,Q4:Z2:conf=0.62,0.8182525634765625,cache
2026-04-28T08:02:26.753428,MISS,Q3:Z5:conf=0.22,13.029813766479492,generador_respuestas
2026-04-28T08:02:26.877108,MISS,Q3:Z3:conf=0.47,13.759851455688477,generador_respuestas
2026-04-28T08:02:26.984158,HIT,Q1:Z4:conf=0.22,0.41222572326660156,cache
2026-04-28T08:02:27.107425,MISS,Q5:Z3:conf=0.05,15.201568603515625,generador_respuestas
2026-04-28T08:02:27.229382,MISS,Q2:Z4:conf=0.2,10.095596313476562,generador_respuestas
2026-04-28T08:02:27.359096,MISS,Q5:Z3:conf=0.44,19.526004791259766,generador_respuestas
2026-04-28T08:02:27.469978,HIT,Q2:Z2:conf=0.69,0.8614063262939453,cache
2026-04-28T08:02:27.582429,HIT,Q2:Z4:conf=0.54,0.9367465972900391,cache
2026-04-28T08:02:27.708250,MISS,Q4:Z4:conf=0.44,15.89345932006836,generador_respuestas
2026-04-28T08:02:27.819697,HIT,Q4:Z4:conf=0.05,0.8108615875244141,cache
2026-04-28T08:02:27.931017,HIT,Q5:Z1:conf=0.53,1.1377334594726562,cache
2026-04-28T08:02:28.039955,HIT,Q1:Z2:conf=0.24,0.3497600555419922,cache
2026-04-28T08:02:28.163446,MISS,Q4:Z4:conf=0.12,13.986587524414062,generador_respuestas
2026-04-28T08:02:28.287963,MISS,Q5:Z4:conf=0.34,13.893365859985352,generador_respuestas
2026-04-28T08:02:28.410136,MISS,Q3:Z4:conf=0.03,12.06350326538086,generador_respuestas
2026-04-28T08:02:28.530659,MISS,Q3:Z5:conf=0.14,11.808395385742188,generador_respuestas
2026-04-28T08:02:28.654519,MISS,Q3:Z5:conf=0.8,12.62974739074707,generador_respuestas
2026-04-28T08:02:28.777858,MISS,Q2:Z3:conf=0.22,12.939453125,generador_respuestas
2026-04-28T08:02:28.886125,HIT,Q4:Z1:conf=0.4,0.4119873046875,cache
2026-04-28T08:02:28.997524,HIT,Q3:Z4:conf=0.79,0.9036064147949219,cache
2026-04-28T08:02:29.119982,MISS,Q4:Z3:conf=0.15,13.000249862670898,generador_respuestas
2026-04-28T08:02:29.242005,MISS,Q2:Z3:conf=0.78,11.138677597045898,generador_respuestas
2026-04-28T08:02:29.356525,HIT,Q3:Z5:conf=0.26,0.9853839874267578,cache
2026-04-28T08:02:29.477773,MISS,Q2:Z2:conf=0.73,10.419845581054688,generador_respuestas
2026-04-28T08:02:29.601812,MISS,Q2:Z3:conf=0.62,11.797666549682617,generador_respuestas
2026-04-28T08:02:29.716677,HIT,Q3:Z5:conf=0.32,0.9489059448242188,cache
2026-04-28T08:02:29.830530,HIT,Q5:Z2:conf=0.81,1.2085437774658203,cache
2026-04-28T08:02:29.946361,HIT,Q3:Z5:conf=0.01,1.0023117065429688,cache
2026-04-28T08:02:30.058136,HIT,Q1:Z1:conf=0.16,0.7405281066894531,cache
2026-04-28T08:02:30.177758,MISS,Q1:Z4:conf=0.02,9.783506393432617,generador_respuestas
2026-04-28T08:02:30.289995,HIT,Q1:Z1:conf=0.01,0.8857250213623047,cache
2026-04-28T08:02:30.401853,HIT,Q1:Z1:conf=0.23,0.8044242858886719,cache
2026-04-28T08:02:30.526387,MISS,Q5:Z2:conf=0.86,13.564586639404297,generador_respuestas
2026-04-28T08:02:30.633575,HIT,Q2:Z1:conf=0.12,0.48470497131347656,cache
2026-04-28T08:02:30.743719,HIT,Q3:Z1:conf=0.27,0.9021759033203125,cache
2026-04-28T08:02:30.866449,MISS,Q2:Z1:conf=0.66,12.082576751708984,generador_respuestas
2026-04-28T08:02:30.980574,HIT,Q5:Z1:conf=0.89,1.1832714080810547,cache
2026-04-28T08:02:31.106278,MISS,Q4:Z3:conf=0.13,14.126300811767578,generador_respuestas
2026-04-28T08:02:31.231929,MISS,Q5:Z5:conf=0.25,16.347408294677734,generador_respuestas
2026-04-28T08:02:31.346316,HIT,Q5:Z2:conf=0.48,1.1115074157714844,cache
2026-04-28T08:02:31.460349,HIT,Q4:Z4:conf=0.13,0.7944107055664062,cache
2026-04-28T08:02:31.586120,MISS,Q4:Z1:conf=0.09,15.198230743408203,generador_respuestas
2026-04-28T08:02:31.692627,HIT,Q5:Z1:conf=0.74,0.5650520324707031,cache
2026-04-28T08:02:31.804400,HIT,Q1:Z1:conf=0.69,0.8580684661865234,cache
2026-04-28T08:02:31.917836,HIT,Q2:Z4:conf=0.67,0.8742809295654297,cache
2026-04-28T08:02:32.042321,MISS,Q3:Z4:conf=0.3,13.98324966430664,generador_respuestas
2026-04-28T08:02:32.168021,MISS,Q4:Z5:conf=0.86,14.310598373413086,generador_respuestas
2026-04-28T08:02:32.281981,HIT,Q1:Z2:conf=0.78,0.8616447448730469,cache
2026-04-28T08:02:32.392689,HIT,Q1:Z5:conf=0.57,0.7092952728271484,cache
2026-04-28T08:02:32.516619,MISS,Q4:Z1:conf=0.7,14.24860954284668,generador_respuestas
2026-04-28T08:02:32.626217,HIT,Q4:Z3:conf=0.62,0.8220672607421875,cache
2026-04-28T08:02:32.754301,MISS,Q5:Z4:conf=0.04,16.221046447753906,generador_respuestas
2026-04-28T08:02:32.871374,HIT,Q5:Z2:conf=0.33,1.1699199676513672,cache
2026-04-28T08:02:32.995779,MISS,Q2:Z5:conf=0.64,10.787248611450195,generador_respuestas
2026-04-28T08:02:33.108828,HIT,Q1:Z5:conf=0.39,0.8335113525390625,cache
2026-04-28T08:02:33.220998,HIT,Q2:Z5:conf=0.32,0.9539127349853516,cache
2026-04-28T08:02:33.346968,MISS,Q5:Z2:conf=0.04,15.703439712524414,generador_respuestas
2026-04-28T08:02:33.472260,MISS,Q3:Z3:conf=0.07,13.652563095092773,generador_respuestas
2026-04-28T08:02:33.593729,MISS,Q1:Z1:conf=0.03,10.236978530883789,generador_respuestas
2026-04-28T08:02:33.706162,MISS,Q3:Z4:conf=0.46,6.34312629699707,generador_respuestas
2026-04-28T08:02:33.823467,MISS,Q2:Z1:conf=0.57,9.93967056274414,generador_respuestas
2026-04-28T08:02:33.945597,MISS,Q4:Z4:conf=0.88,11.573314666748047,generador_respuestas
2026-04-28T08:02:34.063633,MISS,Q2:Z5:conf=0.85,9.065866470336914,generador_respuestas
2026-04-28T08:02:34.175490,HIT,Q1:Z5:conf=0.51,0.7822513580322266,cache
2026-04-28T08:02:34.288330,HIT,Q5:Z1:conf=0.18,1.1780261993408203,cache
2026-04-28T08:02:34.402185,HIT,Q5:Z2:conf=0.05,1.0230541229248047,cache
2026-04-28T08:02:34.516864,HIT,Q3:Z1:conf=0.21,0.8602142333984375,cache
2026-04-28T08:02:34.642966,MISS,Q5:Z4:conf=0.74,14.081478118896484,generador_respuestas
2026-04-28T08:02:34.769361,MISS,Q3:Z4:conf=0.09,13.808488845825195,generador_respuestas
2026-04-28T08:02:34.883777,HIT,Q3:Z5:conf=0.89,0.9253025054931641,cache
2026-04-28T08:02:34.997143,HIT,Q5:Z5:conf=0.16,1.0571479797363281,cache
2026-04-28T08:02:35.112727,HIT,Q4:Z4:conf=0.07,0.8606910705566406,cache
2026-04-28T08:02:35.225236,HIT,Q4:Z3:conf=0.88,0.7939338684082031,cache
2026-04-28T08:02:35.338623,MISS,Q3:Z1:conf=0.89,6.5765380859375,generador_respuestas
2026-04-28T08:02:35.449951,HIT,Q2:Z2:conf=0.21,1.001119613647461,cache
2026-04-28T08:02:35.578268,MISS,Q5:Z2:conf=0.21,14.726638793945312,generador_respuestas
2026-04-28T08:02:35.705103,MISS,Q4:Z3:conf=0.87,16.155719757080078,generador_respuestas
2026-04-28T08:02:35.817501,HIT,Q4:Z2:conf=0.55,0.7665157318115234,cache
2026-04-28T08:02:35.941153,MISS,Q2:Z1:conf=0.59,12.528419494628906,generador_respuestas
2026-04-28T08:02:36.064835,MISS,Q4:Z1:conf=0.85,13.44919204711914,generador_respuestas
2026-04-28T08:02:36.175840,HIT,Q1:Z5:conf=0.39,0.7796287536621094,cache
2026-04-28T08:02:36.288225,HIT,Q1:Z1:conf=0.45,0.8907318115234375,cache
2026-04-28T08:02:36.409134,MISS,Q1:Z3:conf=0.39,10.624408721923828,generador_respuestas
2026-04-28T08:02:36.522411,HIT,Q3:Z2:conf=0.81,0.9591579437255859,cache
2026-04-28T08:02:36.648851,MISS,Q5:Z1:conf=0.25,14.70804214477539,generador_respuestas
2026-04-28T08:02:36.765538,HIT,Q3:Z5:conf=0.39,0.9510517120361328,cache
2026-04-28T08:02:36.875696,HIT,Q5:Z2:conf=0.87,1.1799335479736328,cache
2026-04-28T08:02:36.990653,HIT,Q2:Z1:conf=0.23,0.9648799896240234,cache
2026-04-28T08:02:37.112174,MISS,Q3:Z2:conf=0.28,11.931657791137695,generador_respuestas
2026-04-28T08:02:37.223915,HIT,Q5:Z1:conf=0.81,1.0194778442382812,cache
2026-04-28T08:02:37.333633,HIT,Q3:Z3:conf=0.4,0.45680999755859375,cache
2026-04-28T08:02:37.442722,HIT,Q1:Z4:conf=0.58,0.7214546203613281,cache
2026-04-28T08:02:37.564971,MISS,Q1:Z3:conf=0.63,10.84446907043457,generador_respuestas
2026-04-28T08:02:37.695570,MISS,Q5:Z3:conf=0.33,20.38264274597168,generador_respuestas
2026-04-28T08:02:37.819121,MISS,Q3:Z1:conf=0.28,13.138532638549805,generador_respuestas
2026-04-28T08:02:37.939777,MISS,Q1:Z3:conf=0.22,11.294126510620117,generador_respuestas
2026-04-28T08:02:38.053369,HIT,Q5:Z4:conf=0.5,1.2927055358886719,cache
2026-04-28T08:02:38.169210,HIT,Q2:Z5:conf=0.32,0.8580684661865234,cache
2026-04-28T08:02:38.295335,MISS,Q3:Z1:conf=0.38,14.206409454345703,generador_respuestas
2026-04-28T08:02:38.419228,MISS,Q5:Z5:conf=0.87,13.156890869140625,generador_respuestas
2026-04-28T08:02:38.532438,HIT,Q2:Z5:conf=0.88,0.9233951568603516,cache
2026-04-28T08:02:38.655087,MISS,Q2:Z1:conf=0.33,11.543035507202148,generador_respuestas
2026-04-28T08:02:38.771293,MISS,Q4:Z1:conf=0.36,8.833646774291992,generador_respuestas
2026-04-28T08:02:38.893026,MISS,Q3:Z1:conf=0.43,13.403654098510742,generador_respuestas
2026-04-28T08:02:39.001241,HIT,Q2:Z5:conf=0.22,0.6270408630371094,cache
2026-04-28T08:02:39.113343,HIT,Q1:Z4:conf=0.04,0.8509159088134766,cache
2026-04-28T08:02:39.233042,MISS,Q1:Z5:conf=0.28,9.035587310791016,generador_respuestas
2026-04-28T08:02:39.344701,HIT,Q1:Z1:conf=0.85,0.7176399230957031,cache
2026-04-28T08:02:39.466203,MISS,Q2:Z1:conf=0.05,10.942459106445312,generador_respuestas
2026-04-28T08:02:39.578718,HIT,Q2:Z1:conf=0.05,1.0924339294433594,cache
2026-04-28T08:02:39.690385,HIT,Q1:Z2:conf=0.54,0.7927417755126953,cache
2026-04-28T08:02:39.797859,HIT,Q2:Z2:conf=0.66,0.4229545593261719,cache
2026-04-28T08:02:39.908929,HIT,Q1:Z1:conf=0.37,0.8013248443603516,cache
2026-04-28T08:02:40.019364,HIT,Q3:Z2:conf=0.47,0.7531642913818359,cache
2026-04-28T08:02:40.133820,HIT,Q1:Z3:conf=0.55,1.0592937469482422,cache
2026-04-28T08:02:40.246131,HIT,Q3:Z1:conf=0.68,0.9214878082275391,cache
2026-04-28T08:02:40.355743,HIT,Q3:Z2:conf=0.15,0.7905960083007812,cache
2026-04-28T08:02:40.467315,HIT,Q4:Z2:conf=0.69,0.8914470672607422,cache
2026-04-28T08:02:40.589047,MISS,Q2:Z5:conf=0.83,10.817766189575195,generador_respuestas
2026-04-28T08:02:40.712040,MISS,Q5:Z1:conf=0.51,13.74959945678711,generador_respuestas
2026-04-28T08:02:40.823454,HIT,Q5:Z5:conf=0.32,1.0521411895751953,cache
2026-04-28T08:02:40.937933,HIT,Q5:Z1:conf=0.77,1.188516616821289,cache
2026-04-28T08:02:41.053343,HIT,Q3:Z1:conf=0.74,0.9016990661621094,cache
2026-04-28T08:02:41.177520,MISS,Q4:Z4:conf=0.78,13.899087905883789,generador_respuestas
2026-04-28T08:02:41.287187,HIT,Q2:Z4:conf=0.24,0.8635520935058594,cache
2026-04-28T08:02:41.397794,HIT,Q2:Z3:conf=0.37,0.7631778717041016,cache
2026-04-28T08:02:41.511624,HIT,Q3:Z3:conf=0.53,0.8330345153808594,cache
2026-04-28T08:02:41.623733,HIT,Q1:Z3:conf=0.05,0.7193088531494141,cache
2026-04-28T08:02:41.736167,HIT,Q2:Z1:conf=0.03,0.9968280792236328,cache
2026-04-28T08:02:41.859310,MISS,Q1:Z1:conf=0.35,12.299776077270508,generador_respuestas
2026-04-28T08:02:41.982207,MISS,Q1:Z3:conf=0.47,11.559247970581055,generador_respuestas
2026-04-28T08:02:42.095638,HIT,Q4:Z1:conf=0.4,0.9660720825195312,cache
2026-04-28T08:02:42.208543,HIT,Q3:Z1:conf=0.44,0.8845329284667969,cache
2026-04-28T08:02:42.323067,HIT,Q4:Z1:conf=0.23,0.8566379547119141,cache
2026-04-28T08:02:42.436578,HIT,Q5:Z5:conf=0.72,1.210927963256836,cache
2026-04-28T08:02:42.552710,HIT,Q5:Z1:conf=0.16,1.12152099609375,cache
2026-04-28T08:02:42.668334,MISS,Q2:Z2:conf=0.52,6.544828414916992,generador_respuestas
2026-04-28T08:02:42.790705,MISS,Q3:Z5:conf=0.75,13.730525970458984,generador_respuestas
2026-04-28T08:02:42.910980,MISS,Q1:Z3:conf=0.24,9.431600570678711,generador_respuestas
2026-04-28T08:02:43.023549,HIT,Q1:Z4:conf=0.26,0.8862018585205078,cache
2026-04-28T08:02:43.149066,MISS,Q4:Z5:conf=0.22,15.252351760864258,generador_respuestas
2026-04-28T08:02:43.268411,MISS,Q1:Z4:conf=0.28,9.37795639038086,generador_respuestas
2026-04-28T08:02:43.378658,HIT,Q1:Z1:conf=0.8,0.7715225219726562,cache
2026-04-28T08:02:43.491216,HIT,Q1:Z1:conf=0.62,1.0836124420166016,cache
2026-04-28T08:02:43.603230,HIT,Q1:Z3:conf=0.22,0.8678436279296875,cache
2026-04-28T08:02:43.717710,HIT,Q5:Z1:conf=0.14,1.2295246124267578,cache
2026-04-28T08:02:43.846120,MISS,Q4:Z2:conf=0.31,15.093088150024414,generador_respuestas
2026-04-28T08:02:43.953913,HIT,Q3:Z3:conf=0.79,0.4620552062988281,cache
2026-04-28T08:02:44.065196,HIT,Q1:Z5:conf=0.45,0.9021759033203125,cache
2026-04-28T08:02:44.189212,MISS,Q3:Z1:conf=0.04,13.77105712890625,generador_respuestas
2026-04-28T08:02:44.311701,MISS,Q5:Z1:conf=0.82,13.161182403564453,generador_respuestas
2026-04-28T08:02:44.425103,HIT,Q2:Z2:conf=0.66,0.8449554443359375,cache
2026-04-28T08:02:44.550009,MISS,Q4:Z3:conf=0.37,14.735937118530273,generador_respuestas
2026-04-28T08:02:44.660852,HIT,Q3:Z1:conf=0.59,0.9050369262695312,cache
2026-04-28T08:02:44.786449,MISS,Q3:Z1:conf=0.85,14.073610305786133,generador_respuestas
2026-04-28T08:02:44.906796,MISS,Q1:Z2:conf=0.01,9.870052337646484,generador_respuestas
2026-04-28T08:02:45.033487,MISS,Q5:Z1:conf=0.41,16.44158363342285,generador_respuestas
2026-04-28T08:02:45.149116,HIT,Q4:Z1:conf=0.81,0.8847713470458984,cache
2026-04-28T08:02:45.272904,MISS,Q5:Z5:conf=0.74,13.358116149902344,generador_respuestas
2026-04-28T08:02:45.383106,HIT,Q1:Z4:conf=0.18,0.5233287811279297,cache
2026-04-28T08:02:45.493977,HIT,Q5:Z3:conf=0.77,1.2683868408203125,cache
2026-04-28T08:02:45.624899,MISS,Q3:Z2:conf=0.56,15.056133270263672,generador_respuestas
2026-04-28T08:02:45.748960,MISS,Q4:Z4:conf=0.19,13.516664505004883,generador_respuestas
2026-04-28T08:02:45.868691,MISS,Q2:Z4:conf=0.62,10.453462600708008,generador_respuestas
2026-04-28T08:02:45.976060,HIT,Q5:Z5:conf=0.34,0.469207763671875,cache
2026-04-28T08:02:46.088870,HIT,Q4:Z5:conf=0.53,0.8742809295654297,cache
2026-04-28T08:02:46.202297,HIT,Q4:Z1:conf=0.87,0.8034706115722656,cache
2026-04-28T08:02:46.316622,HIT,Q4:Z3:conf=0.23,1.0004043579101562,cache
2026-04-28T08:02:46.429776,HIT,Q4:Z3:conf=0.23,0.8535385131835938,cache
2026-04-28T08:02:46.550687,MISS,Q1:Z4:conf=0.31,10.066986083984375,generador_respuestas
2026-04-28T08:02:46.673489,MISS,Q3:Z2:conf=0.09,12.826919555664062,generador_respuestas
2026-04-28T08:02:46.800780,MISS,Q5:Z3:conf=0.53,16.76321029663086,generador_respuestas
2026-04-28T08:02:46.925740,MISS,Q2:Z5:conf=0.19,12.068748474121094,generador_respuestas
2026-04-28T08:02:47.041168,HIT,Q5:Z1:conf=0.09,1.322031021118164,cache
2026-04-28T08:02:47.156593,HIT,Q3:Z2:conf=0.41,1.0941028594970703,cache
2026-04-28T08:02:47.285712,MISS,Q5:Z4:conf=0.09,16.121864318847656,generador_respuestas
2026-04-28T08:02:47.402782,HIT,Q3:Z2:conf=0.25,0.8089542388916016,cache
2026-04-28T08:02:47.517580,MISS,Q3:Z5:conf=0.57,7.122516632080078,generador_respuestas
2026-04-28T08:02:47.639137,MISS,Q3:Z4:conf=0.22,12.009620666503906,generador_respuestas
2026-04-28T08:02:47.759587,MISS,Q2:Z4:conf=0.41,10.349750518798828,generador_respuestas
2026-04-28T08:02:47.873562,HIT,Q2:Z3:conf=0.68,1.1093616485595703,cache
2026-04-28T08:02:47.998887,MISS,Q5:Z4:conf=0.63,14.744043350219727,generador_respuestas
2026-04-28T08:02:48.113722,HIT,Q2:Z3:conf=0.25,0.7991790771484375,cache
2026-04-28T08:02:48.227142,HIT,Q5:Z3:conf=0.83,1.363515853881836,cache
2026-04-28T08:02:48.341139,HIT,Q2:Z3:conf=0.68,1.0905265808105469,cache
2026-04-28T08:02:48.453271,HIT,Q3:Z4:conf=0.33,0.8237361907958984,cache
2026-04-28T08:02:48.566255,HIT,Q3:Z5:conf=0.81,0.8528232574462891,cache
2026-04-28T08:02:48.690265,MISS,Q3:Z1:conf=0.07,12.84646987915039,generador_respuestas
2026-04-28T08:02:48.802047,HIT,Q4:Z2:conf=0.78,0.8766651153564453,cache
2026-04-28T08:02:48.908810,HIT,Q2:Z4:conf=0.36,0.42748451232910156,cache
2026-04-28T08:02:49.023309,MISS,Q1:Z5:conf=0.64,7.4481964111328125,generador_respuestas
2026-04-28T08:02:49.146637,MISS,Q3:Z4:conf=0.36,14.03355598449707,generador_respuestas
2026-04-28T08:02:49.267983,MISS,Q1:Z1:conf=0.87,9.688615798950195,generador_respuestas
2026-04-28T08:02:49.392490,MISS,Q3:Z2:conf=0.04,14.559030532836914,generador_respuestas
2026-04-28T08:02:49.517174,MISS,Q3:Z1:conf=0.31,13.360261917114258,generador_respuestas
2026-04-28T08:02:49.628014,HIT,Q5:Z2:conf=0.07,0.8528232574462891,cache
2026-04-28T08:02:49.741369,HIT,Q4:Z2:conf=0.17,0.7674694061279297,cache
2026-04-28T08:02:49.864134,MISS,Q3:Z1:conf=0.11,13.046741485595703,generador_respuestas
2026-04-28T08:02:49.971040,HIT,Q5:Z4:conf=0.72,0.5557537078857422,cache
2026-04-28T08:02:50.082493,HIT,Q2:Z2:conf=0.13,0.9543895721435547,cache
2026-04-28T08:02:50.196913,HIT,Q3:Z2:conf=0.68,0.8864402770996094,cache
2026-04-28T08:02:50.309059,HIT,Q3:Z2:conf=0.09,0.8456707000732422,cache
2026-04-28T08:02:50.422284,HIT,Q5:Z2:conf=0.74,1.1219978332519531,cache
2026-04-28T08:02:50.537113,HIT,Q3:Z1:conf=0.07,0.8683204650878906,cache
2026-04-28T08:02:50.650565,HIT,Q2:Z3:conf=0.28,0.93841552734375,cache
2026-04-28T08:02:50.763111,HIT,Q3:Z2:conf=0.49,0.7963180541992188,cache
2026-04-28T08:02:50.886094,MISS,Q3:Z1:conf=0.86,11.367559432983398,generador_respuestas
2026-04-28T08:02:50.998177,HIT,Q5:Z1:conf=0.54,1.094818115234375,cache
2026-04-28T08:02:51.122741,MISS,Q1:Z2:conf=0.35,10.302543640136719,generador_respuestas
2026-04-28T08:02:51.236033,MISS,Q3:Z2:conf=0.82,6.368875503540039,generador_respuestas
2026-04-28T08:02:51.348234,HIT,Q4:Z1:conf=0.7,0.7960796356201172,cache
2026-04-28T08:02:51.469914,MISS,Q4:Z1:conf=0.82,12.39776611328125,generador_respuestas
2026-04-28T08:02:51.580859,HIT,Q5:Z1:conf=0.44,1.003265380859375,cache
2026-04-28T08:02:51.694654,HIT,Q5:Z2:conf=0.02,1.07574462890625,cache
2026-04-28T08:02:51.810464,HIT,Q4:Z1:conf=0.87,0.8656978607177734,cache
2026-04-28T08:02:51.924230,HIT,Q3:Z3:conf=0.4,1.2052059173583984,cache
2026-04-28T08:02:52.039427,HIT,Q3:Z1:conf=0.48,1.3248920440673828,cache
2026-04-28T08:02:52.152865,HIT,Q5:Z1:conf=0.25,1.1234283447265625,cache
2026-04-28T08:02:52.266949,HIT,Q4:Z1:conf=0.09,0.8757114410400391,cache
2026-04-28T08:02:52.391146,MISS,Q4:Z3:conf=0.54,14.269590377807617,generador_respuestas
2026-04-28T08:02:52.503008,HIT,Q1:Z5:conf=0.68,0.8394718170166016,cache
2026-04-28T08:02:52.626987,MISS,Q5:Z4:conf=0.46,14.369010925292969,generador_respuestas
2026-04-28T08:02:52.741162,HIT,Q3:Z2:conf=0.76,1.0318756103515625,cache
2026-04-28T08:02:52.848672,HIT,Q5:Z1:conf=0.62,0.4718303680419922,cache
2026-04-28T08:02:52.971917,MISS,Q4:Z3:conf=0.52,13.294458389282227,generador_respuestas
2026-04-28T08:02:53.093197,MISS,Q2:Z1:conf=0.08,11.456727981567383,generador_respuestas
2026-04-28T08:02:53.206292,HIT,Q5:Z2:conf=0.83,1.1017322540283203,cache
2026-04-28T08:02:53.320033,HIT,Q1:Z2:conf=0.85,0.7727146148681641,cache
2026-04-28T08:02:53.446847,MISS,Q4:Z5:conf=0.75,15.468835830688477,generador_respuestas
2026-04-28T08:02:53.560372,HIT,Q3:Z1:conf=0.19,0.9000301361083984,cache
2026-04-28T08:02:53.685396,MISS,Q2:Z5:conf=0.13,11.735677719116211,generador_respuestas
2026-04-28T08:02:53.799117,HIT,Q3:Z3:conf=0.77,0.8950233459472656,cache
2026-04-28T08:02:53.906834,HIT,Q5:Z5:conf=0.08,0.5359649658203125,cache
2026-04-28T08:02:54.018463,HIT,Q4:Z1:conf=0.21,0.8666515350341797,cache
2026-04-28T08:02:54.130861,HIT,Q2:Z1:conf=0.5,0.8318424224853516,cache
2026-04-28T08:02:54.256323,MISS,Q3:Z1:conf=0.45,12.538909912109375,generador_respuestas
2026-04-28T08:02:54.380677,MISS,Q2:Z5:conf=0.77,11.556625366210938,generador_respuestas
2026-04-28T08:02:54.503077,MISS,Q2:Z5:conf=0.49,10.634899139404297,generador_respuestas
2026-04-28T08:02:54.615146,HIT,Q5:Z4:conf=0.35,1.07574462890625,cache
2026-04-28T08:02:54.740856,MISS,Q4:Z4:conf=0.29,13.094902038574219,generador_respuestas
2026-04-28T08:02:54.852299,HIT,Q3:Z3:conf=0.69,0.9090900421142578,cache
2026-04-28T08:02:54.966352,HIT,Q4:Z1:conf=0.5,0.7815361022949219,cache
2026-04-28T08:02:55.079525,HIT,Q4:Z4:conf=0.39,0.8401870727539062,cache
2026-04-28T08:02:55.191466,HIT,Q4:Z1:conf=0.82,0.8230209350585938,cache
2026-04-28T08:02:55.302558,HIT,Q2:Z1:conf=0.64,0.8742809295654297,cache
2026-04-28T08:02:55.415802,HIT,Q2:Z1:conf=0.58,1.1298656463623047,cache
2026-04-28T08:02:55.529152,HIT,Q2:Z1:conf=0.31,0.9522438049316406,cache
2026-04-28T08:02:55.644345,HIT,Q2:Z1:conf=0.23,1.0483264923095703,cache
2026-04-28T08:02:55.757809,HIT,Q5:Z2:conf=0.0,1.3680458068847656,cache
2026-04-28T08:02:55.883898,MISS,Q3:Z1:conf=0.14,12.624025344848633,generador_respuestas
2026-04-28T08:02:56.008324,MISS,Q4:Z1:conf=0.25,13.076305389404297,generador_respuestas
2026-04-28T08:02:56.114815,HIT,Q4:Z3:conf=0.13,0.629425048828125,cache
2026-04-28T08:02:56.234365,MISS,Q2:Z5:conf=0.47,10.400533676147461,generador_respuestas
2026-04-28T08:02:56.347169,HIT,Q4:Z2:conf=0.27,0.7719993591308594,cache
2026-04-28T08:02:56.459312,HIT,Q4:Z3:conf=0.23,0.766754150390625,cache
2026-04-28T08:02:56.572329,HIT,Q4:Z5:conf=0.03,0.8995532989501953,cache
2026-04-28T08:02:56.700189,MISS,Q4:Z3:conf=0.22,15.745162963867188,generador_respuestas
2026-04-28T08:02:56.811952,HIT,Q1:Z1:conf=0.03,0.7889270782470703,cache
2026-04-28T08:02:56.940965,MISS,Q5:Z2:conf=0.45,16.547203063964844,generador_respuestas
2026-04-28T08:02:57.068742,MISS,Q5:Z3:conf=0.76,16.127347946166992,generador_respuestas
2026-04-28T08:02:57.180186,HIT,Q1:Z1:conf=0.69,0.8080005645751953,cache
2026-04-28T08:02:57.293330,HIT,Q2:Z1:conf=0.57,0.9546279907226562,cache
2026-04-28T08:02:57.408280,HIT,Q3:Z3:conf=0.71,0.9446144104003906,cache
2026-04-28T08:02:57.520493,HIT,Q2:Z4:conf=0.61,0.7281303405761719,cache
2026-04-28T08:02:57.632481,HIT,Q1:Z2:conf=0.38,0.7822513580322266,cache
2026-04-28T08:02:57.743977,HIT,Q2:Z1:conf=0.26,0.9198188781738281,cache
2026-04-28T08:02:57.857171,HIT,Q5:Z1:conf=0.26,1.241445541381836,cache
2026-04-28T08:02:57.988815,MISS,Q5:Z4:conf=0.25,18.323898315429688,generador_respuestas
2026-04-28T08:02:58.103720,HIT,Q5:Z3:conf=0.72,1.180887222290039,cache
2026-04-28T08:02:58.228345,MISS,Q1:Z4:conf=0.37,11.03973388671875,generador_respuestas
2026-04-28T08:02:58.335739,HIT,Q1:Z1:conf=0.79,0.4668235778808594,cache
2026-04-28T08:02:58.446959,HIT,Q5:Z2:conf=0.62,1.2955665588378906,cache
2026-04-28T08:02:58.562176,HIT,Q3:Z5:conf=0.04,0.965118408203125,cache
2026-04-28T08:02:58.674096,HIT,Q2:Z5:conf=0.16,0.8289813995361328,cache
2026-04-28T08:02:58.786596,HIT,Q3:Z1:conf=0.15,0.9059906005859375,cache
2026-04-28T08:02:58.899708,HIT,Q5:Z3:conf=0.53,1.299142837524414,cache
2026-04-28T08:02:59.015111,HIT,Q2:Z2:conf=0.63,0.8122920989990234,cache
2026-04-28T08:02:59.141361,MISS,Q3:Z5:conf=0.79,14.391899108886719,generador_respuestas
2026-04-28T08:02:59.252006,HIT,Q2:Z1:conf=0.23,0.8833408355712891,cache
2026-04-28T08:02:59.366472,HIT,Q3:Z5:conf=0.26,1.1031627655029297,cache
2026-04-28T08:02:59.479144,HIT,Q1:Z4:conf=0.54,0.8487701416015625,cache
2026-04-28T08:02:59.591261,HIT,Q4:Z2:conf=0.65,0.7107257843017578,cache
2026-04-28T08:02:59.716874,MISS,Q3:Z2:conf=0.48,14.546394348144531,generador_respuestas
2026-04-28T08:02:59.823903,HIT,Q1:Z1:conf=0.58,0.3032684326171875,cache
2026-04-28T08:02:59.946304,MISS,Q4:Z1:conf=0.07,13.933181762695312,generador_respuestas
2026-04-28T08:03:00.065838,MISS,Q2:Z1:conf=0.1,10.997533798217773,generador_respuestas
2026-04-28T08:03:00.189199,MISS,Q2:Z4:conf=0.44,11.726617813110352,generador_respuestas
2026-04-28T08:03:00.314018,MISS,Q5:Z1:conf=0.47,14.094114303588867,generador_respuestas
2026-04-28T08:03:00.426831,HIT,Q3:Z1:conf=0.34,0.7584095001220703,cache
2026-04-28T08:03:00.550829,MISS,Q5:Z1:conf=0.79,13.840913772583008,generador_respuestas
2026-04-28T08:03:00.665668,HIT,Q5:Z4:conf=0.73,1.066446304321289,cache
2026-04-28T08:03:00.792191,MISS,Q5:Z4:conf=0.05,13.775348663330078,generador_respuestas
2026-04-28T08:03:00.909969,MISS,Q4:Z1:conf=0.11,8.353710174560547,generador_respuestas
2026-04-28T08:03:01.028284,MISS,Q1:Z2:conf=0.86,8.643150329589844,generador_respuestas
2026-04-28T08:03:01.141136,HIT,Q5:Z2:conf=0.52,1.1658668518066406,cache
2026-04-28T08:03:01.256521,HIT,Q2:Z3:conf=0.27,0.9582042694091797,cache
2026-04-28T08:03:01.369951,HIT,Q4:Z3:conf=0.22,0.888824462890625,cache
2026-04-28T08:03:01.493487,MISS,Q3:Z4:conf=0.13,12.906074523925781,generador_respuestas
2026-04-28T08:03:01.614826,MISS,Q1:Z2:conf=0.25,10.90693473815918,generador_respuestas
2026-04-28T08:03:01.725341,HIT,Q4:Z1:conf=0.72,0.6227493286132812,cache
2026-04-28T08:03:01.837209,HIT,Q1:Z1:conf=0.57,0.858306884765625,cache
2026-04-28T08:03:01.948444,HIT,Q2:Z1:conf=0.28,0.7772445678710938,cache
2026-04-28T08:03:02.056272,HIT,Q3:Z1:conf=0.31,0.4055500030517578,cache
2026-04-28T08:03:02.166756,HIT,Q5:Z5:conf=0.27,1.0178089141845703,cache
2026-04-28T08:03:02.282000,HIT,Q2:Z1:conf=0.28,0.8983612060546875,cache
2026-04-28T08:03:02.396589,HIT,Q5:Z3:conf=0.02,1.1093616485595703,cache
2026-04-28T08:03:02.521640,MISS,Q3:Z3:conf=0.54,12.303590774536133,generador_respuestas
2026-04-28T08:03:02.642658,MISS,Q1:Z5:conf=0.35,9.941577911376953,generador_respuestas
2026-04-28T08:03:02.755950,HIT,Q4:Z2:conf=0.72,0.9393692016601562,cache
2026-04-28T08:03:02.879097,MISS,Q3:Z5:conf=0.27,12.333869934082031,generador_respuestas
2026-04-28T08:03:02.991436,HIT,Q3:Z4:conf=0.59,0.8857250213623047,cache
2026-04-28T08:03:03.114545,MISS,Q1:Z1:conf=0.34,10.441303253173828,generador_respuestas
2026-04-28T08:03:03.221813,HIT,Q5:Z1:conf=0.65,0.4608631134033203,cache
2026-04-28T08:03:03.332293,HIT,Q3:Z2:conf=0.76,0.9016990661621094,cache
2026-04-28T08:03:03.444557,HIT,Q5:Z1:conf=0.01,1.0223388671875,cache
2026-04-28T08:03:03.558218,HIT,Q3:Z3:conf=0.42,0.7786750793457031,cache
2026-04-28T08:03:03.669940,HIT,Q5:Z1:conf=0.04,0.9281635284423828,cache
2026-04-28T08:03:03.783686,HIT,Q5:Z1:conf=0.81,1.0085105895996094,cache
2026-04-28T08:03:03.897635,HIT,Q5:Z4:conf=0.41,1.0309219360351562,cache
2026-04-28T08:03:04.023508,MISS,Q5:Z2:conf=0.48,13.86570930480957,generador_respuestas
2026-04-28T08:03:04.135967,HIT,Q4:Z1:conf=0.46,0.8852481842041016,cache
2026-04-28T08:03:04.248451,HIT,Q2:Z3:conf=0.87,0.9751319885253906,cache
2026-04-28T08:03:04.370451,MISS,Q1:Z3:conf=0.2,11.373043060302734,generador_respuestas
2026-04-28T08:03:04.493979,MISS,Q5:Z4:conf=0.39,14.171838760375977,generador_respuestas
2026-04-28T08:03:04.600983,HIT,Q3:Z3:conf=0.15,0.39696693420410156,cache
2026-04-28T08:03:04.711540,MISS,Q2:Z5:conf=0.28,4.868745803833008,generador_respuestas
2026-04-28T08:03:04.832174,MISS,Q4:Z1:conf=0.68,11.839866638183594,generador_respuestas
2026-04-28T08:03:04.955725,MISS,Q3:Z5:conf=0.73,13.661384582519531,generador_respuestas
2026-04-28T08:03:05.079490,MISS,Q3:Z1:conf=0.47,14.255046844482422,generador_respuestas
2026-04-28T08:03:05.201106,MISS,Q4:Z4:conf=0.2,11.015176773071289,generador_respuestas
2026-04-28T08:03:05.312704,HIT,Q1:Z5:conf=0.45,0.9288787841796875,cache
2026-04-28T08:03:05.434241,MISS,Q2:Z5:conf=0.43,11.569499969482422,generador_respuestas
2026-04-28T08:03:05.545383,HIT,Q2:Z3:conf=0.62,0.9000301361083984,cache
2026-04-28T08:03:05.656563,HIT,Q1:Z2:conf=0.09,0.7350444793701172,cache
2026-04-28T08:03:05.768332,HIT,Q2:Z1:conf=0.13,0.8320808410644531,cache
2026-04-28T08:03:05.882313,HIT,Q4:Z2:conf=0.24,0.9577274322509766,cache
2026-04-28T08:03:05.994128,MISS,Q1:Z1:conf=0.39,5.396604537963867,generador_respuestas
2026-04-28T08:03:06.112069,MISS,Q1:Z1:conf=0.53,9.303808212280273,generador_respuestas
2026-04-28T08:03:06.224425,HIT,Q4:Z4:conf=0.02,0.888824462890625,cache
2026-04-28T08:03:06.344033,MISS,Q1:Z4:conf=0.84,9.673118591308594,generador_respuestas
2026-04-28T08:03:06.455860,HIT,Q3:Z1:conf=0.25,1.047372817993164,cache
2026-04-28T08:03:06.578657,MISS,Q4:Z1:conf=0.9,12.56704330444336,generador_respuestas
2026-04-28T08:03:06.690126,HIT,Q5:Z2:conf=0.27,1.0943412780761719,cache
2026-04-28T08:03:06.813300,MISS,Q1:Z1:conf=0.2,10.244607925415039,generador_respuestas
2026-04-28T08:03:06.935115,MISS,Q2:Z2:conf=0.88,11.224031448364258,generador_respuestas
2026-04-28T08:03:07.059694,MISS,Q4:Z5:conf=0.83,14.531850814819336,generador_respuestas
2026-04-28T08:03:07.165563,HIT,Q4:Z1:conf=0.86,0.41174888610839844,cache
2026-04-28T08:03:07.276360,HIT,Q4:Z2:conf=0.54,0.8563995361328125,cache
2026-04-28T08:03:07.404489,MISS,Q5:Z4:conf=0.2,16.254425048828125,generador_respuestas
2026-04-28T08:03:07.518743,HIT,Q1:Z1:conf=0.74,0.7665157318115234,cache
2026-04-28T08:03:07.640136,MISS,Q2:Z2:conf=0.41,10.457754135131836,generador_respuestas
2026-04-28T08:03:07.754532,HIT,Q5:Z3:conf=0.63,1.237630844116211,cache
2026-04-28T08:03:07.869915,HIT,Q1:Z3:conf=0.04,0.9100437164306641,cache
2026-04-28T08:03:07.981948,HIT,Q1:Z3:conf=0.75,0.8058547973632812,cache
2026-04-28T08:03:08.093843,HIT,Q4:Z2:conf=0.54,0.7963180541992188,cache
2026-04-28T08:03:08.205782,HIT,Q2:Z5:conf=0.85,0.9176731109619141,cache
2026-04-28T08:03:08.313959,HIT,Q5:Z3:conf=0.54,0.49114227294921875,cache
2026-04-28T08:03:08.437883,MISS,Q4:Z4:conf=0.67,13.805627822875977,generador_respuestas
2026-04-28T08:03:08.564248,MISS,Q4:Z4:conf=0.9,14.49441909790039,generador_respuestas
2026-04-28T08:03:08.676987,HIT,Q2:Z1:conf=0.54,0.8206367492675781,cache
2026-04-28T08:03:08.790976,HIT,Q4:Z2:conf=0.67,0.8070468902587891,cache
2026-04-28T08:03:08.903933,HIT,Q4:Z3:conf=0.41,0.9360313415527344,cache
2026-04-28T08:03:09.026316,MISS,Q4:Z4:conf=0.45,13.415098190307617,generador_respuestas
2026-04-28T08:03:09.149116,MISS,Q4:Z5:conf=0.78,14.216423034667969,generador_respuestas
2026-04-28T08:03:09.260244,HIT,Q1:Z4:conf=0.31,0.7770061492919922,cache
2026-04-28T08:03:09.373704,HIT,Q2:Z5:conf=0.87,1.020193099975586,cache
2026-04-28T08:03:09.482666,HIT,Q2:Z4:conf=0.67,0.5717277526855469,cache
2026-04-28T08:03:09.605095,MISS,Q3:Z1:conf=0.9,11.403560638427734,generador_respuestas
2026-04-28T08:03:09.735232,MISS,Q5:Z3:conf=0.48,19.057035446166992,generador_respuestas
2026-04-28T08:03:09.847322,HIT,Q1:Z3:conf=0.47,0.8692741394042969,cache
2026-04-28T08:03:09.961218,HIT,Q3:Z3:conf=0.63,0.9136199951171875,cache
2026-04-28T08:03:10.082769,MISS,Q1:Z3:conf=0.86,9.555578231811523,generador_respuestas
2026-04-28T08:03:10.204339,MISS,Q3:Z1:conf=0.1,11.85297966003418,generador_respuestas
2026-04-28T08:03:10.326317,MISS,Q1:Z4:conf=0.21,10.202407836914062,generador_respuestas
2026-04-28T08:03:10.450062,MISS,Q5:Z4:conf=0.87,13.555288314819336,generador_respuestas
2026-04-28T08:03:10.566246,HIT,Q1:Z4:conf=0.27,1.041412353515625,cache
2026-04-28T08:03:10.686267,MISS,Q5:Z2:conf=0.66,11.766195297241211,generador_respuestas
2026-04-28T08:03:10.798854,HIT,Q1:Z1:conf=0.88,0.8642673492431641,cache
2026-04-28T08:03:10.911086,HIT,Q2:Z1:conf=0.33,0.8623600006103516,cache
2026-04-28T08:03:11.033818,MISS,Q1:Z2:conf=0.22,10.698318481445312,generador_respuestas
2026-04-28T08:03:11.147342,HIT,Q2:Z1:conf=0.29,1.0023117065429688,cache
2026-04-28T08:03:11.259467,HIT,Q5:Z3:conf=0.02,1.0647773742675781,cache
2026-04-28T08:03:11.388298,MISS,Q3:Z2:conf=0.75,15.508413314819336,generador_respuestas
2026-04-28T08:03:11.500517,HIT,Q2:Z5:conf=0.82,0.8080005645751953,cache
2026-04-28T08:03:11.612000,HIT,Q4:Z1:conf=0.5,0.8008480072021484,cache
2026-04-28T08:03:11.721044,HIT,Q2:Z5:conf=0.62,0.6709098815917969,cache
2026-04-28T08:03:11.851372,MISS,Q4:Z4:conf=0.81,17.04692840576172,generador_respuestas
2026-04-28T08:03:11.964981,HIT,Q1:Z1:conf=0.57,0.8664131164550781,cache
2026-04-28T08:03:12.077070,HIT,Q1:Z2:conf=0.33,0.8373260498046875,cache
2026-04-28T08:03:12.189301,HIT,Q5:Z4:conf=0.25,1.0170936584472656,cache
2026-04-28T08:03:12.302697,HIT,Q3:Z1:conf=0.53,0.7824897766113281,cache
2026-04-28T08:03:12.426911,MISS,Q4:Z5:conf=0.17,14.186859130859375,generador_respuestas
2026-04-28T08:03:12.548651,MISS,Q4:Z5:conf=0.6,13.123750686645508,generador_respuestas
2026-04-28T08:03:12.672261,MISS,Q3:Z5:conf=0.31,14.072179794311523,generador_respuestas
2026-04-28T08:03:12.784443,HIT,Q3:Z4:conf=0.08,0.8838176727294922,cache
2026-04-28T08:03:12.897670,HIT,Q3:Z4:conf=0.53,1.0073184967041016,cache
2026-04-28T08:03:13.012271,MISS,Q4:Z5:conf=0.21,6.997585296630859,generador_respuestas
2026-04-28T08:03:13.137180,MISS,Q5:Z1:conf=0.48,16.028881072998047,generador_respuestas
2026-04-28T08:03:13.265906,MISS,Q4:Z2:conf=0.1,14.6484375,generador_respuestas
2026-04-28T08:03:13.387595,MISS,Q1:Z3:conf=0.45,9.596824645996094,generador_respuestas
2026-04-28T08:03:13.499260,HIT,Q1:Z2:conf=0.63,0.6949901580810547,cache
2026-04-28T08:03:13.624597,MISS,Q4:Z2:conf=0.6,15.298128128051758,generador_respuestas
2026-04-28T08:03:13.735657,HIT,Q4:Z1:conf=0.72,0.7674694061279297,cache
2026-04-28T08:03:13.857450,MISS,Q2:Z2:conf=0.44,11.93094253540039,generador_respuestas
2026-04-28T08:03:13.970271,HIT,Q1:Z2:conf=0.79,0.888824462890625,cache
2026-04-28T08:03:14.083625,HIT,Q2:Z4:conf=0.67,1.0013580322265625,cache
2026-04-28T08:03:14.199019,HIT,Q5:Z1:conf=0.06,1.3141632080078125,cache
2026-04-28T08:03:14.309682,HIT,Q5:Z4:conf=0.2,0.5164146423339844,cache
2026-04-28T08:03:14.430510,MISS,Q4:Z5:conf=0.59,12.623786926269531,generador_respuestas
2026-04-28T08:03:14.542579,HIT,Q5:Z4:conf=0.35,1.0600090026855469,cache
2026-04-28T08:03:14.666049,MISS,Q3:Z3:conf=0.71,11.90042495727539,generador_respuestas
2026-04-28T08:03:14.777153,HIT,Q5:Z1:conf=0.51,1.0745525360107422,cache
2026-04-28T08:03:14.902100,MISS,Q1:Z4:conf=0.85,11.789083480834961,generador_respuestas
2026-04-28T08:03:15.026433,MISS,Q5:Z4:conf=0.52,13.692617416381836,generador_respuestas
2026-04-28T08:03:15.141702,HIT,Q3:Z3:conf=0.03,1.0652542114257812,cache
2026-04-28T08:03:15.269065,MISS,Q5:Z2:conf=0.44,16.19267463684082,generador_respuestas
2026-04-28T08:03:15.378205,HIT,Q3:Z4:conf=0.55,0.4563331604003906,cache
2026-04-28T08:03:15.490037,HIT,Q5:Z2:conf=0.28,1.1777877807617188,cache
2026-04-28T08:03:15.606645,HIT,Q4:Z1:conf=0.37,0.9031295776367188,cache
2026-04-28T08:03:15.729422,MISS,Q4:Z4:conf=0.73,12.743711471557617,generador_respuestas
2026-04-28T08:03:15.841684,MISS,Q2:Z5:conf=0.01,6.058931350708008,generador_respuestas
2026-04-28T08:03:15.953258,HIT,Q3:Z1:conf=0.5,0.9696483612060547,cache
2026-04-28T08:03:16.077807,MISS,Q3:Z2:conf=0.86,13.238191604614258,generador_respuestas
2026-04-28T08:03:16.205271,MISS,Q5:Z1:conf=0.56,15.958547592163086,generador_respuestas
2026-04-28T08:03:16.319416,HIT,Q4:Z1:conf=0.05,0.8203983306884766,cache
2026-04-28T08:03:16.444427,MISS,Q2:Z2:conf=0.69,13.174772262573242,generador_respuestas
2026-04-28T08:03:16.557437,HIT,Q3:Z3:conf=0.42,0.8141994476318359,cache
2026-04-28T08:03:16.670636,HIT,Q3:Z2:conf=0.28,0.9753704071044922,cache
2026-04-28T08:03:16.794756,MISS,Q3:Z4:conf=0.48,12.714624404907227,generador_respuestas
2026-04-28T08:03:16.917100,MISS,Q4:Z4:conf=0.75,12.094259262084961,generador_respuestas
2026-04-28T08:03:17.029443,HIT,Q4:Z1:conf=0.33,0.766754150390625,cache
2026-04-28T08:03:17.157400,MISS,Q5:Z3:conf=0.67,17.960786819458008,generador_respuestas
2026-04-28T08:03:17.269597,HIT,Q5:Z3:conf=0.05,1.2638568878173828,cache
2026-04-28T08:03:17.392447,MISS,Q3:Z3:conf=0.51,11.485099792480469,generador_respuestas
2026-04-28T08:03:17.499289,HIT,Q5:Z5:conf=0.32,0.7305145263671875,cache
2026-04-28T08:03:17.610585,HIT,Q2:Z4:conf=0.15,0.9162425994873047,cache
2026-04-28T08:03:17.734064,MISS,Q2:Z3:conf=0.65,13.08131217956543,generador_respuestas
2026-04-28T08:03:17.845635,HIT,Q1:Z4:conf=0.36,0.8003711700439453,cache
2026-04-28T08:03:17.970848,MISS,Q5:Z1:conf=0.27,14.348268508911133,generador_respuestas
2026-04-28T08:03:18.096044,MISS,Q2:Z1:conf=0.61,12.935638427734375,generador_respuestas
2026-04-28T08:03:18.221184,MISS,Q3:Z3:conf=0.6,14.54305648803711,generador_respuestas
2026-04-28T08:03:18.333213,HIT,Q5:Z1:conf=0.53,1.2025833129882812,cache
2026-04-28T08:03:18.445853,HIT,Q4:Z1:conf=0.38,0.6649494171142578,cache
2026-04-28T08:03:18.556959,HIT,Q1:Z1:conf=0.07,0.7295608520507812,cache
2026-04-28T08:03:18.671632,MISS,Q3:Z5:conf=0.34,7.757902145385742,generador_respuestas
2026-04-28T08:03:18.788735,MISS,Q1:Z1:conf=0.71,9.28497314453125,generador_respuestas
2026-04-28T08:03:18.912831,MISS,Q3:Z3:conf=0.44,13.251066207885742,generador_respuestas
2026-04-28T08:03:19.037447,MISS,Q4:Z2:conf=0.49,13.133049011230469,generador_respuestas
2026-04-28T08:03:19.149049,HIT,Q1:Z3:conf=0.57,0.8516311645507812,cache
2026-04-28T08:03:19.261214,HIT,Q4:Z1:conf=0.37,1.0783672332763672,cache
2026-04-28T08:03:19.373784,HIT,Q4:Z4:conf=0.49,0.8511543273925781,cache
2026-04-28T08:03:19.496466,MISS,Q3:Z2:conf=0.89,11.225461959838867,generador_respuestas
2026-04-28T08:03:19.608976,HIT,Q3:Z2:conf=0.75,0.8995532989501953,cache
2026-04-28T08:03:19.717886,HIT,Q3:Z2:conf=0.22,0.3833770751953125,cache
2026-04-28T08:03:19.830478,HIT,Q4:Z3:conf=0.74,0.9102821350097656,cache
2026-04-28T08:03:19.941251,HIT,Q3:Z3:conf=0.61,0.8528232574462891,cache
2026-04-28T08:03:20.065274,MISS,Q2:Z1:conf=0.84,12.345075607299805,generador_respuestas
2026-04-28T08:03:20.178364,HIT,Q4:Z4:conf=0.79,0.8699893951416016,cache
2026-04-28T08:03:20.290651,HIT,Q3:Z2:conf=0.53,0.7948875427246094,cache
2026-04-28T08:03:20.415036,MISS,Q4:Z2:conf=0.04,13.710737228393555,generador_respuestas
2026-04-28T08:03:20.524822,HIT,Q3:Z1:conf=0.72,0.8800029754638672,cache
2026-04-28T08:03:20.637322,HIT,Q2:Z1:conf=0.38,0.9479522705078125,cache
2026-04-28T08:03:20.762334,MISS,Q3:Z1:conf=0.18,13.584375381469727,generador_respuestas
2026-04-28T08:03:20.870704,HIT,Q4:Z4:conf=0.42,0.6482601165771484,cache
2026-04-28T08:03:20.991400,MISS,Q2:Z3:conf=0.85,11.258125305175781,generador_respuestas
2026-04-28T08:03:21.104621,HIT,Q5:Z5:conf=0.84,1.123189926147461,cache
2026-04-28T08:03:21.217736,HIT,Q1:Z1:conf=0.65,0.8361339569091797,cache
2026-04-28T08:03:21.344104,MISS,Q4:Z4:conf=0.24,15.688657760620117,generador_respuestas
2026-04-28T08:03:21.456093,HIT,Q3:Z2:conf=0.74,0.8597373962402344,cache
2026-04-28T08:03:21.578387,MISS,Q2:Z2:conf=0.85,11.016368865966797,generador_respuestas
2026-04-28T08:03:21.697739,MISS,Q2:Z5:conf=0.23,10.402679443359375,generador_respuestas
2026-04-28T08:03:21.823430,MISS,Q3:Z2:conf=0.29,14.741182327270508,generador_respuestas
2026-04-28T08:03:21.935219,HIT,Q1:Z5:conf=0.38,0.7801055908203125,cache
2026-04-28T08:03:22.061643,MISS,Q4:Z4:conf=0.13,16.416072845458984,generador_respuestas
2026-04-28T08:03:22.174178,HIT,Q3:Z4:conf=0.47,0.9207725524902344,cache
2026-04-28T08:03:22.295232,MISS,Q1:Z4:conf=0.16,10.8184814453125,generador_respuestas
2026-04-28T08:03:22.408033,MISS,Q2:Z4:conf=0.55,5.918741226196289,generador_respuestas
2026-04-28T08:03:22.529924,MISS,Q4:Z2:conf=0.81,12.955904006958008,generador_respuestas
2026-04-28T08:03:22.653569,MISS,Q5:Z1:conf=0.17,13.752222061157227,generador_respuestas
2026-04-28T08:03:22.767822,HIT,Q1:Z3:conf=0.2,0.7784366607666016,cache
2026-04-28T08:03:22.881394,HIT,Q3:Z4:conf=0.81,1.2214183807373047,cache
2026-04-28T08:03:22.993936,HIT,Q2:Z1:conf=0.61,0.8747577667236328,cache
2026-04-28T08:03:23.106487,HIT,Q4:Z4:conf=0.39,0.8020401000976562,cache
2026-04-28T08:03:23.217872,HIT,Q1:Z1:conf=0.25,0.8311271667480469,cache
2026-04-28T08:03:23.341824,MISS,Q1:Z5:conf=0.72,12.011051177978516,generador_respuestas
2026-04-28T08:03:23.466974,MISS,Q5:Z1:conf=0.39,15.59138298034668,generador_respuestas
2026-04-28T08:03:23.585176,MISS,Q3:Z5:conf=0.47,7.00068473815918,generador_respuestas
2026-04-28T08:03:23.707098,MISS,Q2:Z2:conf=0.57,12.944459915161133,generador_respuestas
2026-04-28T08:03:23.837701,MISS,Q5:Z3:conf=0.09,19.38772201538086,generador_respuestas
2026-04-28T08:03:23.961188,MISS,Q1:Z4:conf=0.74,9.833574295043945,generador_respuestas
2026-04-28T08:03:24.080323,MISS,Q2:Z3:conf=0.72,10.44011116027832,generador_respuestas
2026-04-28T08:03:24.192198,HIT,Q5:Z4:conf=0.51,1.1374950408935547,cache
2026-04-28T08:03:24.319115,MISS,Q3:Z3:conf=0.33,15.30146598815918,generador_respuestas
2026-04-28T08:03:24.435322,HIT,Q1:Z1:conf=0.18,1.386880874633789,cache
2026-04-28T08:03:24.566830,MISS,Q2:Z3:conf=0.69,17.040252685546875,generador_respuestas
2026-04-28T08:03:24.685182,HIT,Q1:Z3:conf=0.76,1.580953598022461,cache
2026-04-28T08:03:24.802571,HIT,Q3:Z5:conf=0.12,1.3840198516845703,cache
2026-04-28T08:03:24.937584,MISS,Q2:Z3:conf=0.0,17.68016815185547,generador_respuestas
2026-04-28T08:03:25.054064,HIT,Q3:Z4:conf=0.49,1.2671947479248047,cache
2026-04-28T08:03:25.182373,MISS,Q1:Z4:conf=0.05,13.721466064453125,generador_respuestas
2026-04-28T08:03:25.291970,HIT,Q5:Z2:conf=0.89,0.5571842193603516,cache
2026-04-28T08:03:25.403678,HIT,Q2:Z3:conf=0.27,0.9324550628662109,cache
2026-04-28T08:03:25.526106,MISS,Q1:Z3:conf=0.73,10.190725326538086,generador_respuestas
2026-04-28T08:03:25.649244,MISS,Q2:Z2:conf=0.07,10.770559310913086,generador_respuestas
2026-04-28T08:03:25.771683,MISS,Q2:Z5:conf=0.09,9.455442428588867,generador_respuestas
2026-04-28T08:03:25.896490,MISS,Q3:Z1:conf=0.83,14.26553726196289,generador_respuestas
2026-04-28T08:03:26.022932,MISS,Q5:Z3:conf=0.15,17.872095108032227,generador_respuestas
2026-04-28T08:03:26.132471,HIT,Q2:Z2:conf=0.39,0.8723735809326172,cache
2026-04-28T08:03:26.255213,MISS,Q2:Z4:conf=0.6,11.530637741088867,generador_respuestas
2026-04-28T08:03:26.365331,HIT,Q2:Z1:conf=0.14,0.7824897766113281,cache
2026-04-28T08:03:26.492635,MISS,Q5:Z5:conf=0.1,14.675140380859375,generador_respuestas
2026-04-28T08:03:26.622109,MISS,Q3:Z2:conf=0.78,16.11781120300293,generador_respuestas
2026-04-28T08:03:26.744544,MISS,Q4:Z3:conf=0.35,13.081789016723633,generador_respuestas
2026-04-28T08:03:26.858478,MISS,Q4:Z4:conf=0.3,8.352518081665039,generador_respuestas
2026-04-28T08:03:26.980510,MISS,Q3:Z1:conf=0.37,13.096809387207031,generador_respuestas
2026-04-28T08:03:27.100888,MISS,Q2:Z2:conf=0.46,11.070489883422852,generador_respuestas
2026-04-28T08:03:27.222114,MISS,Q1:Z2:conf=0.3,10.148763656616211,generador_respuestas
2026-04-28T08:03:27.345952,MISS,Q2:Z4:conf=0.52,12.484312057495117,generador_respuestas
2026-04-28T08:03:27.468103,MISS,Q4:Z1:conf=0.49,12.763023376464844,generador_respuestas
2026-04-28T08:03:27.595183,MISS,Q5:Z5:conf=0.33,17.476320266723633,generador_respuestas
2026-04-28T08:03:27.720351,MISS,Q3:Z4:conf=0.21,12.09259033203125,generador_respuestas
2026-04-28T08:03:27.841351,MISS,Q1:Z5:conf=0.15,9.794473648071289,generador_respuestas
2026-04-28T08:03:27.955110,HIT,Q3:Z4:conf=0.39,1.0380744934082031,cache
2026-04-28T08:03:28.068419,HIT,Q3:Z1:conf=0.49,1.1949539184570312,cache
2026-04-28T08:03:28.193829,MISS,Q5:Z1:conf=0.21,15.256643295288086,generador_respuestas
2026-04-28T08:03:28.306162,HIT,Q3:Z1:conf=0.65,0.8456707000732422,cache
2026-04-28T08:03:28.419443,MISS,Q2:Z2:conf=0.09,5.749225616455078,generador_respuestas
2026-04-28T08:03:28.543289,MISS,Q2:Z1:conf=0.42,12.431144714355469,generador_respuestas
2026-04-28T08:03:28.657319,HIT,Q2:Z2:conf=0.61,0.9853839874267578,cache
2026-04-28T08:03:28.771493,HIT,Q2:Z1:conf=0.01,1.0988712310791016,cache
2026-04-28T08:03:28.878223,HIT,Q1:Z4:conf=0.42,0.3714561462402344,cache
2026-04-28T08:03:28.991443,MISS,Q2:Z5:conf=0.2,7.433414459228516,generador_respuestas
2026-04-28T08:03:29.108543,MISS,Q5:Z5:conf=0.0,10.00070571899414,generador_respuestas
2026-04-28T08:03:29.226370,MISS,Q4:Z3:conf=0.66,9.756326675415039,generador_respuestas
2026-04-28T08:03:29.342369,MISS,Q4:Z1:conf=0.58,9.801626205444336,generador_respuestas
2026-04-28T08:03:29.449660,HIT,Q2:Z5:conf=0.64,0.5981922149658203,cache
2026-04-28T08:03:29.562348,MISS,Q1:Z1:conf=0.64,6.609439849853516,generador_respuestas
2026-04-28T08:03:29.668647,HIT,Q1:Z3:conf=0.88,0.35190582275390625,cache
2026-04-28T08:03:29.781276,MISS,Q1:Z1:conf=0.1,5.662441253662109,generador_respuestas
2026-04-28T08:03:29.886728,HIT,Q4:Z1:conf=0.37,0.7915496826171875,cache
2026-04-28T08:03:29.992918,HIT,Q2:Z2:conf=0.49,0.4191398620605469,cache
2026-04-28T08:03:30.108853,MISS,Q4:Z2:conf=0.23,9.752035140991211,generador_respuestas
2026-04-28T08:03:30.224778,MISS,Q5:Z4:conf=0.57,8.810043334960938,generador_respuestas
2026-04-28T08:03:30.333676,HIT,Q2:Z4:conf=0.15,1.016378402709961,cache
2026-04-28T08:03:30.439667,HIT,Q5:Z1:conf=0.82,0.5011558532714844,cache
2026-04-28T08:03:30.554039,MISS,Q4:Z2:conf=0.48,7.729530334472656,generador_respuestas
2026-04-28T08:03:30.666394,MISS,Q1:Z5:conf=0.13,5.893945693969727,generador_respuestas
2026-04-28T08:03:30.782114,MISS,Q5:Z5:conf=0.36,9.69243049621582,generador_respuestas
2026-04-28T08:03:30.901724,MISS,Q5:Z4:conf=0.77,10.815858840942383,generador_respuestas
2026-04-28T08:03:31.021521,MISS,Q5:Z4:conf=0.64,11.986017227172852,generador_respuestas
2026-04-28T08:03:31.139142,MISS,Q5:Z5:conf=0.63,10.375738143920898,generador_respuestas
2026-04-28T08:03:31.246018,HIT,Q4:Z2:conf=0.75,0.35381317138671875,cache
2026-04-28T08:03:31.362083,MISS,Q3:Z3:conf=0.73,9.766340255737305,generador_respuestas
2026-04-28T08:03:31.467409,HIT,Q1:Z3:conf=0.24,0.4360675811767578,cache
2026-04-28T08:03:31.583757,MISS,Q4:Z1:conf=0.02,11.340618133544922,generador_respuestas
2026-04-28T08:03:31.689381,HIT,Q2:Z2:conf=0.39,0.4711151123046875,cache
2026-04-28T08:03:31.803471,MISS,Q4:Z5:conf=0.39,8.035898208618164,generador_respuestas
2026-04-28T08:03:31.921043,MISS,Q2:Z3:conf=0.49,10.190963745117188,generador_respuestas
2026-04-28T08:03:32.038809,MISS,Q2:Z1:conf=0.4,9.821891784667969,generador_respuestas
2026-04-28T08:03:32.151320,HIT,Q2:Z4:conf=0.65,0.9484291076660156,cache
2026-04-28T08:03:32.266327,HIT,Q2:Z1:conf=0.54,1.2423992156982422,cache
2026-04-28T08:03:32.396874,MISS,Q5:Z3:conf=0.19,18.587827682495117,generador_respuestas
2026-04-28T08:03:32.508733,HIT,Q4:Z2:conf=0.54,0.7541179656982422,cache
2026-04-28T08:03:32.620927,HIT,Q3:Z4:conf=0.51,0.9026527404785156,cache
2026-04-28T08:03:32.741727,MISS,Q1:Z4:conf=0.71,9.88316535949707,generador_respuestas
2026-04-28T08:03:32.854679,HIT,Q5:Z1:conf=0.29,1.0805130004882812,cache
2026-04-28T08:03:32.967850,HIT,Q2:Z4:conf=0.26,0.8423328399658203,cache
2026-04-28T08:03:33.090752,MISS,Q2:Z4:conf=0.46,11.679887771606445,generador_respuestas
2026-04-28T08:03:33.217157,MISS,Q3:Z3:conf=0.21,13.832569122314453,generador_respuestas
2026-04-28T08:03:33.337430,MISS,Q3:Z2:conf=0.88,11.611223220825195,generador_respuestas
2026-04-28T08:03:33.448178,HIT,Q2:Z2:conf=0.44,0.9138584136962891,cache
2026-04-28T08:03:33.571577,MISS,Q3:Z2:conf=0.35,12.62974739074707,generador_respuestas
2026-04-28T08:03:33.678784,HIT,Q3:Z1:conf=0.14,0.4792213439941406,cache
2026-04-28T08:03:33.809022,MISS,Q5:Z3:conf=0.38,20.072460174560547,generador_respuestas
2026-04-28T08:03:33.925287,HIT,Q4:Z1:conf=0.28,0.8482933044433594,cache
2026-04-28T08:03:34.046498,MISS,Q1:Z1:conf=0.14,9.872198104858398,generador_respuestas
2026-04-28T08:03:34.165868,MISS,Q1:Z4:conf=0.59,8.882999420166016,generador_respuestas
2026-04-28T08:03:34.281614,MISS,Q2:Z5:conf=0.55,8.18777084350586,generador_respuestas
2026-04-28T08:03:34.404384,MISS,Q2:Z1:conf=0.47,12.44497299194336,generador_respuestas
2026-04-28T08:03:34.527764,MISS,Q2:Z2:conf=0.17,11.294126510620117,generador_respuestas
2026-04-28T08:03:34.652171,MISS,Q4:Z3:conf=0.1,13.945579528808594,generador_respuestas
2026-04-28T08:03:34.773021,MISS,Q5:Z2:conf=0.35,13.973236083984375,generador_respuestas
2026-04-28T08:03:34.881266,HIT,Q3:Z3:conf=0.53,0.4200935363769531,cache
2026-04-28T08:03:35.001917,MISS,Q2:Z3:conf=0.08,11.829853057861328,generador_respuestas
2026-04-28T08:03:35.113301,HIT,Q3:Z1:conf=0.31,0.9019374847412109,cache
2026-04-28T08:03:35.226730,HIT,Q4:Z4:conf=0.15,0.9276866912841797,cache
2026-04-28T08:03:35.339231,HIT,Q5:Z1:conf=0.82,1.0590553283691406,cache
2026-04-28T08:03:35.467470,MISS,Q4:Z5:conf=0.46,15.166044235229492,generador_respuestas
2026-04-28T08:03:35.579847,HIT,Q1:Z2:conf=0.51,0.8461475372314453,cache
2026-04-28T08:03:35.700447,MISS,Q1:Z1:conf=0.77,10.208845138549805,generador_respuestas
2026-04-28T08:03:35.827694,MISS,Q5:Z1:conf=0.75,15.919685363769531,generador_respuestas
2026-04-28T08:03:35.943272,HIT,Q5:Z3:conf=0.11,1.336812973022461,cache
2026-04-28T08:03:36.057232,HIT,Q4:Z4:conf=0.75,0.7727146148681641,cache
2026-04-28T08:03:36.183807,MISS,Q4:Z1:conf=0.34,14.674186706542969,generador_respuestas
2026-04-28T08:03:36.310998,MISS,Q5:Z3:conf=0.84,16.663789749145508,generador_respuestas
2026-04-28T08:03:36.424273,HIT,Q2:Z3:conf=0.49,0.7774829864501953,cache
2026-04-28T08:03:36.549166,MISS,Q3:Z2:conf=0.61,13.36359977722168,generador_respuestas
2026-04-28T08:03:36.656326,HIT,Q3:Z2:conf=0.34,0.4622936248779297,cache
2026-04-28T08:03:36.769820,MISS,Q1:Z4:conf=0.03,6.065130233764648,generador_respuestas
2026-04-28T08:03:36.881744,HIT,Q5:Z1:conf=0.79,1.2331008911132812,cache
2026-04-28T08:03:36.998511,HIT,Q5:Z5:conf=0.45,1.3194084167480469,cache
2026-04-28T08:03:37.114630,HIT,Q3:Z5:conf=0.68,0.9365081787109375,cache
2026-04-28T08:03:37.226812,HIT,Q4:Z5:conf=0.88,0.8599758148193359,cache
2026-04-28T08:03:37.350110,MISS,Q4:Z2:conf=0.57,13.252973556518555,generador_respuestas
2026-04-28T08:03:37.472487,MISS,Q2:Z1:conf=0.37,12.82501220703125,generador_respuestas
2026-04-28T08:03:37.595502,MISS,Q1:Z4:conf=0.81,9.927988052368164,generador_respuestas
2026-04-28T08:03:37.707345,HIT,Q4:Z1:conf=0.73,1.02996826171875,cache
2026-04-28T08:03:37.821702,HIT,Q3:Z4:conf=0.74,1.150369644165039,cache
2026-04-28T08:03:37.947556,MISS,Q5:Z5:conf=0.55,14.814376831054688,generador_respuestas
2026-04-28T08:03:38.070761,MISS,Q1:Z1:conf=0.29,11.50822639465332,generador_respuestas
2026-04-28T08:03:38.192087,MISS,Q2:Z4:conf=0.35,10.806083679199219,generador_respuestas
2026-04-28T08:03:38.307937,MISS,Q5:Z1:conf=0.01,8.011579513549805,generador_respuestas
2026-04-28T08:03:38.416760,HIT,Q1:Z5:conf=0.88,0.6339550018310547,cache
2026-04-28T08:03:38.544404,MISS,Q5:Z3:conf=0.26,19.020795822143555,generador_respuestas
2026-04-28T08:03:38.656494,HIT,Q1:Z2:conf=0.31,0.8282661437988281,cache
2026-04-28T08:03:38.768158,HIT,Q5:Z2:conf=0.02,1.3263225555419922,cache
2026-04-28T08:03:38.882734,HIT,Q3:Z5:conf=0.57,0.881195068359375,cache
2026-04-28T08:03:38.995096,HIT,Q5:Z3:conf=0.39,1.1031627655029297,cache
2026-04-28T08:03:39.118554,MISS,Q2:Z1:conf=0.89,9.505510330200195,generador_respuestas
2026-04-28T08:03:39.241279,MISS,Q2:Z2:conf=0.58,11.508703231811523,generador_respuestas
2026-04-28T08:03:39.367292,MISS,Q4:Z1:conf=0.31,15.036821365356445,generador_respuestas
2026-04-28T08:03:39.474468,HIT,Q4:Z1:conf=0.7,0.43845176696777344,cache
2026-04-28T08:03:39.597078,MISS,Q4:Z3:conf=0.23,14.641523361206055,generador_respuestas
2026-04-28T08:03:39.717745,MISS,Q2:Z5:conf=0.73,11.287212371826172,generador_respuestas
2026-04-28T08:03:39.828802,HIT,Q3:Z5:conf=0.11,0.8754730224609375,cache
2026-04-28T08:03:39.952367,MISS,Q1:Z1:conf=0.07,10.982036590576172,generador_respuestas
2026-04-28T08:03:40.076506,MISS,Q3:Z4:conf=0.15,13.500690460205078,generador_respuestas
2026-04-28T08:03:40.198827,MISS,Q1:Z5:conf=0.26,10.472536087036133,generador_respuestas
2026-04-28T08:03:40.321770,MISS,Q3:Z2:conf=0.13,11.736154556274414,generador_respuestas
2026-04-28T08:03:40.448537,MISS,Q4:Z1:conf=0.12,15.730619430541992,generador_respuestas
2026-04-28T08:03:40.575329,MISS,Q5:Z3:conf=0.81,16.413450241088867,generador_respuestas
2026-04-28T08:03:40.687882,HIT,Q3:Z2:conf=0.89,0.8418560028076172,cache
2026-04-28T08:03:40.801182,HIT,Q4:Z5:conf=0.06,1.092672348022461,cache
2026-04-28T08:03:40.925448,MISS,Q3:Z1:conf=0.26,12.401103973388672,generador_respuestas
2026-04-28T08:03:41.037649,HIT,Q2:Z4:conf=0.41,0.9210109710693359,cache
2026-04-28T08:03:41.151721,HIT,Q5:Z4:conf=0.16,1.2087821960449219,cache
2026-04-28T08:03:41.264335,HIT,Q2:Z3:conf=0.09,1.1098384857177734,cache
2026-04-28T08:03:41.377517,HIT,Q4:Z5:conf=0.52,0.9322166442871094,cache
2026-04-28T08:03:41.498288,MISS,Q1:Z2:conf=0.84,10.359525680541992,generador_respuestas
2026-04-28T08:03:41.622228,MISS,Q3:Z2:conf=0.03,13.32235336303711,generador_respuestas
2026-04-28T08:03:41.730915,HIT,Q5:Z5:conf=0.33,0.5686283111572266,cache
2026-04-28T08:03:41.841465,HIT,Q1:Z5:conf=0.45,0.8378028869628906,cache
2026-04-28T08:03:41.952714,HIT,Q2:Z4:conf=0.44,0.8306503295898438,cache
2026-04-28T08:03:42.074212,MISS,Q1:Z5:conf=0.29,10.689973831176758,generador_respuestas
2026-04-28T08:03:42.186718,HIT,Q2:Z3:conf=0.07,1.0128021240234375,cache
2026-04-28T08:03:42.300529,MISS,Q2:Z5:conf=0.46,6.119012832641602,generador_respuestas
2026-04-28T08:03:42.411658,HIT,Q5:Z5:conf=0.87,1.508474349975586,cache
2026-04-28T08:03:42.528557,HIT,Q2:Z1:conf=0.47,0.9324550628662109,cache
2026-04-28T08:03:42.651829,MISS,Q2:Z5:conf=0.48,11.840343475341797,generador_respuestas
2026-04-28T08:03:42.763321,HIT,Q1:Z5:conf=0.13,0.9131431579589844,cache
2026-04-28T08:03:42.887934,MISS,Q5:Z1:conf=0.42,13.802051544189453,generador_respuestas
2026-04-28T08:03:43.015937,MISS,Q2:Z2:conf=0.6,12.108802795410156,generador_respuestas
2026-04-28T08:03:43.128803,HIT,Q4:Z4:conf=0.19,0.9114742279052734,cache
2026-04-28T08:03:43.242454,HIT,Q4:Z4:conf=0.44,0.8909702301025391,cache
2026-04-28T08:03:43.354093,HIT,Q4:Z1:conf=0.82,0.8242130279541016,cache
2026-04-28T08:03:43.462106,HIT,Q1:Z4:conf=0.27,0.4115104675292969,cache
2026-04-28T08:03:43.573388,HIT,Q5:Z2:conf=0.16,1.1837482452392578,cache
2026-04-28T08:03:43.687628,HIT,Q5:Z1:conf=0.65,1.1212825775146484,cache
2026-04-28T08:03:43.801852,HIT,Q1:Z3:conf=0.48,0.6771087646484375,cache
2026-04-28T08:03:43.924289,MISS,Q2:Z4:conf=0.7,11.006832122802734,generador_respuestas
2026-04-28T08:03:44.048413,MISS,Q3:Z1:conf=0.41,14.018058776855469,generador_respuestas
2026-04-28T08:03:44.172377,MISS,Q4:Z2:conf=0.05,13.831377029418945,generador_respuestas
2026-04-28T08:03:44.301798,MISS,Q5:Z3:conf=0.13,19.108057022094727,generador_respuestas
2026-04-28T08:03:44.429240,MISS,Q4:Z1:conf=0.08,16.278743743896484,generador_respuestas
2026-04-28T08:03:44.539647,HIT,Q2:Z5:conf=0.34,0.9789466857910156,cache
2026-04-28T08:03:44.653419,MISS,Q3:Z2:conf=0.14,6.774187088012695,generador_respuestas
2026-04-28T08:03:44.773974,MISS,Q3:Z2:conf=0.7,13.408660888671875,generador_respuestas
2026-04-28T08:03:44.885873,HIT,Q2:Z1:conf=0.23,0.9763240814208984,cache
2026-04-28T08:03:44.999985,HIT,Q5:Z2:conf=0.48,1.2667179107666016,cache
2026-04-28T08:03:45.115432,HIT,Q1:Z1:conf=0.32,0.8485317230224609,cache
2026-04-28T08:03:45.243835,MISS,Q5:Z3:conf=0.1,19.421100616455078,generador_respuestas
2026-04-28T08:03:45.353744,HIT,Q4:Z1:conf=0.85,0.6823539733886719,cache
2026-04-28T08:03:45.466538,HIT,Q2:Z1:conf=0.86,1.0540485382080078,cache
2026-04-28T08:03:45.580620,HIT,Q3:Z1:conf=0.05,0.957489013671875,cache
2026-04-28T08:03:45.691964,HIT,Q2:Z4:conf=0.41,1.0986328125,cache
2026-04-28T08:03:45.806430,HIT,Q5:Z1:conf=0.01,1.1699199676513672,cache
2026-04-28T08:03:45.931878,MISS,Q2:Z3:conf=0.11,12.606143951416016,generador_respuestas
2026-04-28T08:03:46.044726,HIT,Q2:Z2:conf=0.69,0.8289813995361328,cache
2026-04-28T08:03:46.157279,HIT,Q2:Z2:conf=0.71,0.8673667907714844,cache
2026-04-28T08:03:46.280867,MISS,Q4:Z2:conf=0.2,12.602567672729492,generador_respuestas
2026-04-28T08:03:46.387713,HIT,Q4:Z1:conf=0.81,0.3559589385986328,cache
2026-04-28T08:03:46.498691,HIT,Q2:Z4:conf=0.7,0.9279251098632812,cache
2026-04-28T08:03:46.621391,MISS,Q2:Z3:conf=0.58,11.987686157226562,generador_respuestas
2026-04-28T08:03:46.741907,MISS,Q1:Z3:conf=0.25,9.758472442626953,generador_respuestas
2026-04-28T08:03:46.855094,HIT,Q5:Z2:conf=0.21,1.2364387512207031,cache
2026-04-28T08:03:46.983003,MISS,Q5:Z2:conf=0.62,15.665531158447266,generador_respuestas
2026-04-28T08:03:47.096968,HIT,Q2:Z5:conf=0.13,0.9775161743164062,cache
2026-04-28T08:03:47.221641,MISS,Q5:Z2:conf=0.23,13.982057571411133,generador_respuestas
2026-04-28T08:03:47.342751,MISS,Q1:Z4:conf=0.83,11.61503791809082,generador_respuestas
2026-04-28T08:03:47.467065,MISS,Q1:Z5:conf=0.9,11.504173278808594,generador_respuestas
2026-04-28T08:03:47.593978,MISS,Q5:Z2:conf=0.15,15.273571014404297,generador_respuestas
2026-04-28T08:03:47.719280,MISS,Q3:Z4:conf=0.77,14.09006118774414,generador_respuestas
2026-04-28T08:03:47.843970,MISS,Q2:Z1:conf=0.76,12.466907501220703,generador_respuestas
2026-04-28T08:03:47.965032,MISS,Q1:Z4:conf=0.65,10.419368743896484,generador_respuestas
2026-04-28T08:03:48.079413,MISS,Q3:Z3:conf=0.61,8.077144622802734,generador_respuestas
2026-04-28T08:03:48.201520,MISS,Q2:Z2:conf=0.15,12.854576110839844,generador_respuestas
2026-04-28T08:03:48.313779,HIT,Q5:Z3:conf=0.61,1.069784164428711,cache
2026-04-28T08:03:48.440093,MISS,Q3:Z5:conf=0.33,14.33563232421875,generador_respuestas
2026-04-28T08:03:48.564860,MISS,Q5:Z1:conf=0.58,14.121294021606445,generador_respuestas
2026-04-28T08:03:48.685969,MISS,Q1:Z5:conf=0.76,9.442567825317383,generador_respuestas
2026-04-28T08:03:48.809854,MISS,Q5:Z5:conf=0.38,14.944314956665039,generador_respuestas
2026-04-28T08:03:48.937388,MISS,Q4:Z2:conf=0.64,15.78068733215332,generador_respuestas
2026-04-28T08:03:49.052305,HIT,Q5:Z3:conf=0.39,1.322031021118164,cache
2026-04-28T08:03:49.162323,HIT,Q4:Z5:conf=0.4,0.385284423828125,cache
2026-04-28T08:03:49.271717,HIT,Q4:Z1:conf=0.9,0.7343292236328125,cache
2026-04-28T08:03:49.383250,HIT,Q4:Z4:conf=0.2,0.7739067077636719,cache
2026-04-28T08:03:49.495704,HIT,Q4:Z1:conf=0.14,0.6549358367919922,cache
2026-04-28T08:03:49.609282,HIT,Q5:Z1:conf=0.39,1.041412353515625,cache
2026-04-28T08:03:49.733982,MISS,Q3:Z1:conf=0.24,13.73600959777832,generador_respuestas
2026-04-28T08:03:49.857131,MISS,Q2:Z2:conf=0.06,11.552572250366211,generador_respuestas
2026-04-28T08:03:49.969093,HIT,Q2:Z3:conf=0.65,0.8738040924072266,cache
2026-04-28T08:03:50.095590,MISS,Q3:Z1:conf=0.77,14.666318893432617,generador_respuestas
2026-04-28T08:03:50.216814,MISS,Q1:Z4:conf=0.5,9.801149368286133,generador_respuestas
2026-04-28T08:03:50.340498,MISS,Q2:Z1:conf=0.25,13.27204704284668,generador_respuestas
2026-04-28T08:03:50.453413,HIT,Q2:Z3:conf=0.08,0.9582042694091797,cache
2026-04-28T08:03:50.565865,HIT,Q1:Z1:conf=0.89,1.0859966278076172,cache
2026-04-28T08:03:50.678796,HIT,Q2:Z1:conf=0.1,0.9124279022216797,cache
2026-04-28T08:03:50.791130,HIT,Q1:Z2:conf=0.35,0.6976127624511719,cache
2026-04-28T08:03:50.900118,HIT,Q3:Z1:conf=0.18,0.5404949188232422,cache
2026-04-28T08:03:51.022707,MISS,Q2:Z5:conf=0.74,12.185811996459961,generador_respuestas
2026-04-28T08:03:51.143331,MISS,Q3:Z5:conf=0.35,11.60430908203125,generador_respuestas
2026-04-28T08:03:51.269822,MISS,Q3:Z1:conf=0.4,15.71965217590332,generador_respuestas
2026-04-28T08:03:51.384719,HIT,Q3:Z5:conf=0.53,1.1942386627197266,cache
2026-04-28T08:03:51.498450,HIT,Q2:Z5:conf=0.29,0.904083251953125,cache
2026-04-28T08:03:51.621367,MISS,Q2:Z4:conf=0.04,11.189699172973633,generador_respuestas
2026-04-28T08:03:51.744592,MISS,Q2:Z3:conf=0.47,12.249946594238281,generador_respuestas
2026-04-28T08:03:51.867122,MISS,Q2:Z5:conf=0.31,11.66391372680664,generador_respuestas
2026-04-28T08:03:51.973523,HIT,Q2:Z2:conf=0.5,0.4534721374511719,cache
2026-04-28T08:03:52.090259,MISS,Q2:Z1:conf=0.29,10.757684707641602,generador_respuestas
2026-04-28T08:03:52.202218,HIT,Q2:Z1:conf=0.19,1.3642311096191406,cache
2026-04-28T08:03:52.317024,HIT,Q5:Z1:conf=0.76,1.2807846069335938,cache
2026-04-28T08:03:52.431830,HIT,Q1:Z3:conf=0.12,0.9708404541015625,cache
2026-04-28T08:03:52.544798,HIT,Q1:Z3:conf=0.22,0.8575916290283203,cache
2026-04-28T08:03:52.658581,HIT,Q4:Z1:conf=0.58,0.9217262268066406,cache
2026-04-28T08:03:52.780648,MISS,Q1:Z3:conf=0.18,9.589195251464844,generador_respuestas
2026-04-28T08:03:52.903308,MISS,Q3:Z5:conf=0.06,12.508630752563477,generador_respuestas
2026-04-28T08:03:53.031675,MISS,Q5:Z3:conf=0.36,19.014596939086914,generador_respuestas
2026-04-28T08:03:53.145262,HIT,Q1:Z4:conf=0.27,0.8039474487304688,cache
2026-04-28T08:03:53.257765,HIT,Q3:Z1:conf=0.58,0.9031295776367188,cache
2026-04-28T08:03:53.372172,MISS,Q2:Z5:conf=0.35,5.737543106079102,generador_respuestas
2026-04-28T08:03:53.481741,HIT,Q4:Z1:conf=0.71,0.7746219635009766,cache
2026-04-28T08:03:53.593583,HIT,Q2:Z5:conf=0.2,0.9100437164306641,cache
2026-04-28T08:03:53.707225,HIT,Q5:Z3:conf=0.28,1.0592937469482422,cache
2026-04-28T08:03:53.835168,MISS,Q4:Z1:conf=0.18,15.456676483154297,generador_respuestas
2026-04-28T08:03:53.946569,HIT,Q3:Z3:conf=0.47,0.9074211120605469,cache
2026-04-28T08:03:54.058949,HIT,Q5:Z4:conf=0.54,1.1725425720214844,cache
2026-04-28T08:03:54.174981,HIT,Q5:Z5:conf=0.82,1.108407974243164,cache
2026-04-28T08:03:54.289325,HIT,Q5:Z2:conf=0.44,1.0404586791992188,cache
2026-04-28T08:03:54.413918,MISS,Q4:Z2:conf=0.24,12.070894241333008,generador_respuestas
2026-04-28T08:03:54.525037,MISS,Q2:Z1:conf=0.17,5.36036491394043,generador_respuestas
2026-04-28T08:03:54.635597,HIT,Q1:Z4:conf=0.59,0.8606910705566406,cache
2026-04-28T08:03:54.749597,HIT,Q5:Z4:conf=0.12,1.237630844116211,cache
2026-04-28T08:03:54.864097,HIT,Q3:Z1:conf=0.47,0.8323192596435547,cache
2026-04-28T08:03:54.994627,MISS,Q5:Z3:conf=0.6,17.526626586914062,generador_respuestas
2026-04-28T08:03:55.121747,MISS,Q4:Z3:conf=0.55,14.575958251953125,generador_respuestas
2026-04-28T08:03:55.243039,MISS,Q2:Z4:conf=0.4,10.132551193237305,generador_respuestas
2026-04-28T08:03:55.354188,HIT,Q3:Z1:conf=0.88,0.7586479187011719,cache
2026-04-28T08:03:55.477228,MISS,Q3:Z3:conf=0.02,12.900829315185547,generador_respuestas
2026-04-28T08:03:55.589545,HIT,Q4:Z2:conf=0.88,0.9164810180664062,cache
2026-04-28T08:03:55.702530,HIT,Q5:Z1:conf=0.88,1.2319087982177734,cache
2026-04-28T08:03:55.828466,MISS,Q1:Z5:conf=0.63,10.313272476196289,generador_respuestas
2026-04-28T08:03:55.941220,HIT,Q2:Z1:conf=0.05,0.8509159088134766,cache
2026-04-28T08:03:56.066491,MISS,Q3:Z1:conf=0.62,13.939619064331055,generador_respuestas
2026-04-28T08:03:56.173121,HIT,Q4:Z4:conf=0.03,0.4162788391113281,cache
2026-04-28T08:03:56.284379,HIT,Q5:Z1:conf=0.67,1.1529922485351562,cache
2026-04-28T08:03:56.397188,HIT,Q1:Z1:conf=0.5,0.774383544921875,cache
2026-04-28T08:03:56.521164,MISS,Q5:Z1:conf=0.43,13.089895248413086,generador_respuestas
2026-04-28T08:03:56.636411,HIT,Q1:Z3:conf=0.19,0.8330345153808594,cache
2026-04-28T08:03:56.761045,MISS,Q3:Z5:conf=0.52,12.482643127441406,generador_respuestas
2026-04-28T08:03:56.887512,MISS,Q4:Z2:conf=0.76,14.312505722045898,generador_respuestas
2026-04-28T08:03:57.000040,HIT,Q4:Z2:conf=0.65,0.9632110595703125,cache
2026-04-28T08:03:57.123874,MISS,Q3:Z3:conf=0.7,12.601852416992188,generador_respuestas
2026-04-28T08:03:57.231928,HIT,Q3:Z2:conf=0.7,0.41794776916503906,cache
2026-04-28T08:03:57.341230,HIT,Q1:Z1:conf=0.27,0.743865966796875,cache
2026-04-28T08:03:57.468721,MISS,Q4:Z5:conf=0.53,15.360116958618164,generador_respuestas
2026-04-28T08:03:57.581995,HIT,Q5:Z1:conf=0.56,1.1990070343017578,cache
2026-04-28T08:03:57.711775,MISS,Q5:Z5:conf=0.7,16.307830810546875,generador_respuestas
2026-04-28T08:03:57.838107,MISS,Q2:Z1:conf=0.16,11.905908584594727,generador_respuestas
2026-04-28T08:03:57.963374,MISS,Q4:Z4:conf=0.05,13.600587844848633,generador_respuestas
2026-04-28T08:03:58.085276,MISS,Q3:Z3:conf=0.2,12.061595916748047,generador_respuestas
2026-04-28T08:03:58.206152,MISS,Q1:Z3:conf=0.49,11.239767074584961,generador_respuestas
2026-04-28T08:03:58.330414,MISS,Q3:Z2:conf=0.65,12.833833694458008,generador_respuestas
2026-04-28T08:03:58.438245,HIT,Q1:Z5:conf=0.13,0.4200935363769531,cache
2026-04-28T08:03:58.549928,HIT,Q4:Z1:conf=0.63,0.8733272552490234,cache
2026-04-28T08:03:58.662860,HIT,Q5:Z4:conf=0.02,1.0619163513183594,cache
2026-04-28T08:03:58.788268,MISS,Q2:Z3:conf=0.89,10.284662246704102,generador_respuestas
2026-04-28T08:03:58.901031,HIT,Q1:Z3:conf=0.9,0.8249282836914062,cache
2026-04-28T08:03:59.024547,MISS,Q4:Z2:conf=0.19,14.082193374633789,generador_respuestas
2026-04-28T08:03:59.136032,HIT,Q4:Z3:conf=0.52,0.8730888366699219,cache
2026-04-28T08:03:59.243138,HIT,Q4:Z3:conf=0.55,0.3962516784667969,cache
2026-04-28T08:03:59.354019,HIT,Q4:Z2:conf=0.49,0.9219646453857422,cache
2026-04-28T08:03:59.476908,MISS,Q3:Z2:conf=0.62,13.515472412109375,generador_respuestas
2026-04-28T08:03:59.590253,HIT,Q2:Z3:conf=0.02,0.9121894836425781,cache
2026-04-28T08:03:59.698633,HIT,Q2:Z4:conf=0.41,0.4489421844482422,cache
2026-04-28T08:03:59.809390,HIT,Q3:Z1:conf=0.77,0.8411407470703125,cache
2026-04-28T08:03:59.922328,HIT,Q2:Z5:conf=0.38,0.9610652923583984,cache
2026-04-28T08:04:00.035198,HIT,Q1:Z4:conf=0.5,0.8568763732910156,cache
2026-04-28T08:04:00.148193,HIT,Q2:Z2:conf=0.73,0.9417533874511719,cache
2026-04-28T08:04:00.273045,MISS,Q3:Z2:conf=0.9,14.265298843383789,generador_respuestas
2026-04-28T08:04:00.391069,MISS,Q4:Z1:conf=0.77,10.398626327514648,generador_respuestas
2026-04-28T08:04:00.511519,MISS,Q3:Z4:conf=0.63,12.426376342773438,generador_respuestas
2026-04-28T08:04:00.637909,MISS,Q4:Z1:conf=0.45,16.162395477294922,generador_respuestas
2026-04-28T08:04:00.749047,HIT,Q1:Z1:conf=0.89,0.8339881896972656,cache
2026-04-28T08:04:00.861952,HIT,Q5:Z1:conf=0.5,1.1703968048095703,cache
2026-04-28T08:04:00.985931,MISS,Q1:Z2:conf=0.43,9.39178466796875,generador_respuestas
2026-04-28T08:04:01.093348,HIT,Q5:Z1:conf=0.62,0.4951953887939453,cache
2026-04-28T08:04:01.217612,MISS,Q5:Z1:conf=0.89,13.920307159423828,generador_respuestas
2026-04-28T08:04:01.345279,MISS,Q3:Z1:conf=0.12,14.847040176391602,generador_respuestas
2026-04-28T08:04:01.458583,HIT,Q5:Z2:conf=0.14,1.2433528900146484,cache
2026-04-28T08:04:01.574701,HIT,Q1:Z2:conf=0.86,0.8592605590820312,cache
2026-04-28T08:04:01.695952,MISS,Q1:Z5:conf=0.87,10.242700576782227,generador_respuestas
2026-04-28T08:04:01.819003,MISS,Q1:Z2:conf=0.46,10.954856872558594,generador_respuestas
2026-04-28T08:04:01.930391,HIT,Q2:Z1:conf=0.42,1.1456012725830078,cache
2026-04-28T08:04:02.044886,HIT,Q5:Z3:conf=0.67,1.232147216796875,cache
2026-04-28T08:04:02.159527,HIT,Q4:Z2:conf=0.78,0.8268356323242188,cache
2026-04-28T08:04:02.272097,HIT,Q2:Z1:conf=0.02,1.0077953338623047,cache
2026-04-28T08:04:02.398673,MISS,Q4:Z4:conf=0.64,15.992879867553711,generador_respuestas
2026-04-28T08:04:02.512014,HIT,Q5:Z5:conf=0.25,1.1012554168701172,cache
2026-04-28T08:04:02.637312,MISS,Q3:Z3:conf=0.55,13.63372802734375,generador_respuestas
2026-04-28T08:04:02.751156,MISS,Q3:Z5:conf=0.2,7.271766662597656,generador_respuestas
2026-04-28T08:04:02.862897,HIT,Q4:Z3:conf=0.13,0.8139610290527344,cache
2026-04-28T08:04:02.983003,MISS,Q1:Z1:conf=0.05,9.423017501831055,generador_respuestas
2026-04-28T08:04:03.110730,MISS,Q5:Z1:conf=0.11,16.506195068359375,generador_respuestas
2026-04-28T08:04:03.242186,MISS,Q4:Z5:conf=0.45,16.657352447509766,generador_respuestas
2026-04-28T08:04:03.363796,MISS,Q1:Z2:conf=0.63,10.419130325317383,generador_respuestas
2026-04-28T08:04:03.490164,MISS,Q4:Z1:conf=0.15,15.823841094970703,generador_respuestas
2026-04-28T08:04:03.615229,MISS,Q5:Z2:conf=0.61,17.324447631835938,generador_respuestas
2026-04-28T08:04:03.728243,HIT,Q5:Z5:conf=0.19,1.2655258178710938,cache
2026-04-28T08:04:03.854415,MISS,Q2:Z5:conf=0.52,11.509418487548828,generador_respuestas
2026-04-28T08:04:03.966196,HIT,Q4:Z1:conf=0.77,0.7216930389404297,cache
2026-04-28T08:04:04.093320,MISS,Q5:Z2:conf=0.68,15.242815017700195,generador_respuestas
2026-04-28T08:04:04.209229,MISS,Q1:Z5:conf=0.32,5.452871322631836,generador_respuestas
2026-04-28T08:04:04.318838,HIT,Q2:Z2:conf=0.62,0.7338523864746094,cache
2026-04-28T08:04:04.443178,MISS,Q3:Z3:conf=0.37,13.844490051269531,generador_respuestas
2026-04-28T08:04:04.554428,HIT,Q4:Z1:conf=0.13,0.8270740509033203,cache
2026-04-28T08:04:04.668044,HIT,Q1:Z3:conf=0.25,0.7770061492919922,cache
2026-04-28T08:04:04.780441,HIT,Q2:Z1:conf=0.03,0.9174346923828125,cache
2026-04-28T08:04:04.893754,HIT,Q2:Z1:conf=0.44,1.1227130889892578,cache
2026-04-28T08:04:05.006026,HIT,Q4:Z5:conf=0.06,0.7872581481933594,cache
2026-04-28T08:04:05.128349,MISS,Q1:Z2:conf=0.08,11.025667190551758,generador_respuestas
2026-04-28T08:04:05.252394,MISS,Q4:Z3:conf=0.39,13.458013534545898,generador_respuestas
2026-04-28T08:04:05.358828,HIT,Q5:Z3:conf=0.38,0.6885528564453125,cache
2026-04-28T08:04:05.482179,MISS,Q2:Z1:conf=0.04,12.208938598632812,generador_respuestas
2026-04-28T08:04:05.603856,MISS,Q5:Z4:conf=0.55,11.707782745361328,generador_respuestas
2026-04-28T08:04:05.732698,MISS,Q5:Z3:conf=0.23,19.512653350830078,generador_respuestas
2026-04-28T08:04:05.843521,HIT,Q4:Z1:conf=0.17,0.7455348968505859,cache
2026-04-28T08:04:05.968202,MISS,Q4:Z1:conf=0.67,15.059709548950195,generador_respuestas
2026-04-28T08:04:06.090226,MISS,Q2:Z1:conf=0.9,11.51728630065918,generador_respuestas
2026-04-28T08:04:06.214148,MISS,Q4:Z5:conf=0.73,14.763832092285156,generador_respuestas
2026-04-28T08:04:06.336884,MISS,Q3:Z3:conf=0.22,13.937711715698242,generador_respuestas
2026-04-28T08:04:06.459994,MISS,Q2:Z2:conf=0.64,12.48311996459961,generador_respuestas
2026-04-28T08:04:06.586944,MISS,Q3:Z3:conf=0.52,13.874292373657227,generador_respuestas
2026-04-28T08:04:06.695053,HIT,Q3:Z1:conf=0.14,0.4298686981201172,cache
2026-04-28T08:04:06.805713,HIT,Q1:Z3:conf=0.51,0.858306884765625,cache
2026-04-28T08:04:06.930361,MISS,Q4:Z3:conf=0.03,14.927148818969727,generador_respuestas
2026-04-28T08:04:07.043113,HIT,Q2:Z2:conf=0.69,0.9772777557373047,cache
2026-04-28T08:04:07.166941,MISS,Q4:Z5:conf=0.42,14.344215393066406,generador_respuestas
2026-04-28T08:04:07.278539,HIT,Q5:Z1:conf=0.47,1.1281967163085938,cache
2026-04-28T08:04:07.408219,MISS,Q4:Z5:conf=0.35,17.16470718383789,generador_respuestas
2026-04-28T08:04:07.533500,MISS,Q5:Z3:conf=0.07,16.219615936279297,generador_respuestas
2026-04-28T08:04:07.645267,HIT,Q1:Z3:conf=0.71,0.7243156433105469,cache
2026-04-28T08:04:07.756933,HIT,Q4:Z1:conf=0.7,0.7195472717285156,cache
2026-04-28T08:04:07.864901,HIT,Q5:Z4:conf=0.03,0.4563331604003906,cache
2026-04-28T08:04:07.993402,MISS,Q4:Z1:conf=0.01,17.58742332458496,generador_respuestas
2026-04-28T08:04:08.104885,HIT,Q4:Z1:conf=0.36,0.7264614105224609,cache
2026-04-28T08:04:08.218488,HIT,Q5:Z3:conf=0.07,1.2199878692626953,cache
2026-04-28T08:04:08.344756,MISS,Q5:Z1:conf=0.57,13.170957565307617,generador_respuestas
2026-04-28T08:04:08.461157,HIT,Q5:Z1:conf=0.51,1.2569427490234375,cache
2026-04-28T08:04:08.584114,MISS,Q1:Z1:conf=0.3,9.960174560546875,generador_respuestas
2026-04-28T08:04:08.696671,HIT,Q5:Z3:conf=0.14,1.1854171752929688,cache
2026-04-28T08:04:08.810735,HIT,Q4:Z1:conf=0.49,0.7598400115966797,cache
2026-04-28T08:04:08.933878,MISS,Q4:Z2:conf=0.58,14.22429084777832,generador_respuestas
2026-04-28T08:04:09.041158,HIT,Q4:Z1:conf=0.02,0.5757808685302734,cache
2026-04-28T08:04:09.147324,HIT,Q3:Z2:conf=0.88,0.4239082336425781,cache
2026-04-28T08:04:09.258655,HIT,Q5:Z1:conf=0.66,1.1820793151855469,cache
2026-04-28T08:04:09.374423,HIT,Q3:Z2:conf=0.62,0.8473396301269531,cache
2026-04-28T08:04:09.499189,MISS,Q2:Z3:conf=0.57,13.370513916015625,generador_respuestas
2026-04-28T08:04:09.622109,MISS,Q2:Z2:conf=0.01,11.262655258178711,generador_respuestas
2026-04-28T08:04:09.732267,HIT,Q4:Z4:conf=0.04,0.7867813110351562,cache
2026-04-28T08:04:09.857962,MISS,Q3:Z3:conf=0.4,14.440059661865234,generador_respuestas
2026-04-28T08:04:09.978409,MISS,Q1:Z2:conf=0.83,9.60540771484375,generador_respuestas
2026-04-28T08:04:10.103871,MISS,Q3:Z5:conf=0.51,14.513492584228516,generador_respuestas
2026-04-28T08:04:10.216495,MISS,Q1:Z2:conf=0.23,5.378484725952148,generador_respuestas
2026-04-28T08:04:10.338051,MISS,Q3:Z3:conf=0.8,13.909101486206055,generador_respuestas
2026-04-28T08:04:10.465816,MISS,Q5:Z2:conf=0.79,17.843961715698242,generador_respuestas
2026-04-28T08:04:10.588224,MISS,Q1:Z1:conf=0.46,10.585784912109375,generador_respuestas
2026-04-28T08:04:10.710856,MISS,Q3:Z5:conf=0.88,13.024568557739258,generador_respuestas
2026-04-28T08:04:10.824124,HIT,Q4:Z2:conf=0.49,0.9489059448242188,cache
2026-04-28T08:04:10.935984,HIT,Q3:Z3:conf=0.33,0.7431507110595703,cache
2026-04-28T08:04:11.047473,HIT,Q3:Z2:conf=0.88,0.8156299591064453,cache
2026-04-28T08:04:11.172125,MISS,Q4:Z5:conf=0.67,13.707399368286133,generador_respuestas
2026-04-28T08:04:11.295270,MISS,Q1:Z1:conf=0.44,12.753009796142578,generador_respuestas
2026-04-28T08:04:11.402190,HIT,Q1:Z2:conf=0.31,0.34117698669433594,cache
2026-04-28T08:04:11.512657,HIT,Q3:Z1:conf=0.74,1.1060237884521484,cache
2026-04-28T08:04:11.638201,MISS,Q5:Z5:conf=0.56,14.763593673706055,generador_respuestas
2026-04-28T08:04:11.762644,MISS,Q1:Z2:conf=0.73,10.247230529785156,generador_respuestas
2026-04-28T08:04:11.883195,MISS,Q3:Z5:conf=0.08,10.196685791015625,generador_respuestas
2026-04-28T08:04:11.994944,HIT,Q4:Z5:conf=0.55,0.7827281951904297,cache
2026-04-28T08:04:12.116372,MISS,Q1:Z3:conf=0.3,10.365962982177734,generador_respuestas
2026-04-28T08:04:12.238185,MISS,Q2:Z4:conf=0.57,11.205434799194336,generador_respuestas
2026-04-28T08:04:12.362035,MISS,Q4:Z3:conf=0.38,13.571023941040039,generador_respuestas
2026-04-28T08:04:12.473763,HIT,Q3:Z3:conf=0.2,1.0123252868652344,cache
2026-04-28T08:04:12.586879,HIT,Q3:Z2:conf=0.85,0.8697509765625,cache
2026-04-28T08:04:12.699619,HIT,Q1:Z1:conf=0.53,0.7929801940917969,cache
2026-04-28T08:04:12.824678,MISS,Q4:Z2:conf=0.28,15.027523040771484,generador_respuestas
2026-04-28T08:04:12.938101,HIT,Q4:Z5:conf=0.56,0.8411407470703125,cache
2026-04-28T08:04:13.066786,MISS,Q5:Z3:conf=0.04,19.141197204589844,generador_respuestas
2026-04-28T08:04:13.192860,MISS,Q4:Z5:conf=0.27,16.29328727722168,generador_respuestas
2026-04-28T08:04:13.314117,MISS,Q2:Z1:conf=0.51,11.439323425292969,generador_respuestas
2026-04-28T08:04:13.427444,MISS,Q1:Z4:conf=0.77,5.687236785888672,generador_respuestas
2026-04-28T08:04:13.536517,HIT,Q1:Z2:conf=0.1,0.7176399230957031,cache
2026-04-28T08:04:13.649035,HIT,Q4:Z4:conf=0.67,0.9160041809082031,cache
2026-04-28T08:04:13.771474,MISS,Q1:Z1:conf=0.33,12.221813201904297,generador_respuestas
2026-04-28T08:04:13.884542,HIT,Q2:Z2:conf=0.81,1.0898113250732422,cache
2026-04-28T08:04:13.997368,HIT,Q4:Z1:conf=0.73,0.8714199066162109,cache
2026-04-28T08:04:14.119138,MISS,Q3:Z1:conf=0.54,11.659622192382812,generador_respuestas
2026-04-28T08:04:14.230114,HIT,Q5:Z2:conf=0.48,0.9982585906982422,cache
2026-04-28T08:04:14.358306,MISS,Q5:Z2:conf=0.1,15.456914901733398,generador_respuestas
2026-04-28T08:04:14.471985,HIT,Q1:Z5:conf=0.69,0.7278919219970703,cache
2026-04-28T08:04:14.585182,HIT,Q1:Z4:conf=0.45,0.9622573852539062,cache
2026-04-28T08:04:14.707996,MISS,Q4:Z1:conf=0.89,12.799263000488281,generador_respuestas
2026-04-28T08:04:14.833127,MISS,Q3:Z4:conf=0.72,14.172554016113281,generador_respuestas
2026-04-28T08:04:14.941589,HIT,Q1:Z1:conf=0.11,0.457763671875,cache
2026-04-28T08:04:15.063116,MISS,Q3:Z1:conf=0.73,13.04006576538086,generador_respuestas
2026-04-28T08:04:15.172510,HIT,Q3:Z2:conf=0.74,0.6997585296630859,cache
2026-04-28T08:04:15.296291,MISS,Q2:Z2:conf=0.84,12.617111206054688,generador_respuestas
2026-04-28T08:04:15.410213,HIT,Q5:Z2:conf=0.63,1.3175010681152344,cache
2026-04-28T08:04:15.523577,HIT,Q5:Z4:conf=0.25,1.024007797241211,cache
2026-04-28T08:04:15.640105,HIT,Q5:Z2:conf=0.85,1.0447502136230469,cache
2026-04-28T08:04:15.754720,HIT,Q1:Z1:conf=0.1,0.8709430694580078,cache
2026-04-28T08:04:15.866971,HIT,Q4:Z3:conf=0.54,0.7662773132324219,cache
2026-04-28T08:04:15.994450,MISS,Q5:Z4:conf=0.79,16.444683074951172,generador_respuestas
2026-04-28T08:04:16.112115,MISS,Q5:Z4:conf=0.21,7.444143295288086,generador_respuestas
2026-04-28T08:04:16.224254,HIT,Q4:Z1:conf=0.54,0.7417201995849609,cache
2026-04-28T08:04:16.346878,MISS,Q3:Z4:conf=0.74,11.402130126953125,generador_respuestas
2026-04-28T08:04:16.459815,HIT,Q5:Z1:conf=0.34,1.130819320678711,cache
2026-04-28T08:04:16.584536,MISS,Q3:Z2:conf=0.45,11.217594146728516,generador_respuestas
2026-04-28T08:04:16.706571,MISS,Q2:Z5:conf=0.59,11.440038681030273,generador_respuestas
2026-04-28T08:04:16.829192,MISS,Q3:Z1:conf=0.55,12.62664794921875,generador_respuestas
2026-04-28T08:04:16.940784,HIT,Q2:Z1:conf=0.72,0.8029937744140625,cache
2026-04-28T08:04:17.054498,HIT,Q4:Z1:conf=0.81,1.0662078857421875,cache
2026-04-28T08:04:17.181740,MISS,Q5:Z3:conf=0.0,15.496015548706055,generador_respuestas
2026-04-28T08:04:17.313829,MISS,Q5:Z3:conf=0.51,19.48261260986328,generador_respuestas
2026-04-28T08:04:17.425598,MISS,Q2:Z1:conf=0.09,5.820035934448242,generador_respuestas
2026-04-28T08:04:17.535726,HIT,Q4:Z2:conf=0.49,0.6771087646484375,cache
2026-04-28T08:04:17.648589,HIT,Q1:Z2:conf=0.02,0.9918212890625,cache
2026-04-28T08:04:17.777805,MISS,Q5:Z1:conf=0.54,17.096757888793945,generador_respuestas
2026-04-28T08:04:17.891789,HIT,Q3:Z2:conf=0.24,0.9572505950927734,cache
2026-04-28T08:04:18.016349,MISS,Q2:Z1:conf=0.71,11.60287857055664,generador_respuestas
2026-04-28T08:04:18.130376,HIT,Q2:Z3:conf=0.49,0.9477138519287109,cache
2026-04-28T08:04:18.242692,HIT,Q5:Z3:conf=0.8,1.1370182037353516,cache
2026-04-28T08:04:18.357448,HIT,Q1:Z1:conf=0.33,0.8931159973144531,cache
2026-04-28T08:04:18.482264,MISS,Q3:Z5:conf=0.76,12.862920761108398,generador_respuestas
2026-04-28T08:04:18.596467,HIT,Q5:Z3:conf=0.81,1.1057853698730469,cache
2026-04-28T08:04:18.712044,HIT,Q2:Z2:conf=0.64,1.0936260223388672,cache
2026-04-28T08:04:18.824516,HIT,Q5:Z4:conf=0.03,1.1587142944335938,cache
2026-04-28T08:04:18.942186,MISS,Q3:Z1:conf=0.36,7.78961181640625,generador_respuestas
2026-04-28T08:04:19.064362,MISS,Q4:Z1:conf=0.79,14.198541641235352,generador_respuestas
2026-04-28T08:04:19.177343,HIT,Q5:Z4:conf=0.87,1.1639595031738281,cache
2026-04-28T08:04:19.293872,HIT,Q2:Z4:conf=0.57,1.0395050048828125,cache
2026-04-28T08:04:19.418347,MISS,Q4:Z4:conf=0.28,13.068914413452148,generador_respuestas
2026-04-28T08:04:19.530614,HIT,Q5:Z4:conf=0.34,1.24359130859375,cache
2026-04-28T08:04:19.646133,HIT,Q2:Z1:conf=0.46,0.9527206420898438,cache
2026-04-28T08:04:19.757993,HIT,Q1:Z2:conf=0.69,0.7269382476806641,cache
2026-04-28T08:04:19.881543,MISS,Q1:Z2:conf=0.16,10.77413558959961,generador_respuestas
2026-04-28T08:04:19.988589,HIT,Q4:Z1:conf=0.9,0.4985332489013672,cache
2026-04-28T08:04:20.098859,HIT,Q1:Z3:conf=0.16,0.8540153503417969,cache
2026-04-28T08:04:20.220263,MISS,Q1:Z3:conf=0.54,10.612726211547852,generador_respuestas
2026-04-28T08:04:20.332259,HIT,Q5:Z4:conf=0.45,1.0597705841064453,cache
2026-04-28T08:04:20.457728,MISS,Q3:Z1:conf=0.75,13.827800750732422,generador_respuestas
2026-04-28T08:04:20.582914,MISS,Q5:Z1:conf=0.45,14.576196670532227,generador_respuestas
2026-04-28T08:04:20.710872,MISS,Q4:Z1:conf=0.61,13.982534408569336,generador_respuestas
2026-04-28T08:04:20.823710,HIT,Q3:Z2:conf=0.09,0.8854866027832031,cache
2026-04-28T08:04:20.935689,HIT,Q5:Z2:conf=0.55,1.1129379272460938,cache
2026-04-28T08:04:21.065326,MISS,Q4:Z3:conf=0.24,17.64225959777832,generador_respuestas
2026-04-28T08:04:21.177586,HIT,Q2:Z5:conf=0.23,0.9722709655761719,cache
2026-04-28T08:04:21.290664,HIT,Q4:Z5:conf=0.46,0.8778572082519531,cache
2026-04-28T08:04:21.402071,HIT,Q5:Z1:conf=0.47,0.9405612945556641,cache
2026-04-28T08:04:21.514274,HIT,Q2:Z2:conf=0.46,0.6864070892333984,cache
2026-04-28T08:04:21.626816,HIT,Q1:Z3:conf=0.45,0.8611679077148438,cache
2026-04-28T08:04:21.739507,HIT,Q3:Z1:conf=0.02,1.0750293731689453,cache
2026-04-28T08:04:21.853201,MISS,Q2:Z1:conf=0.24,6.196260452270508,generador_respuestas
2026-04-28T08:04:21.964044,HIT,Q3:Z5:conf=0.85,0.7193088531494141,cache
2026-04-28T08:04:22.089281,MISS,Q4:Z1:conf=0.29,15.071392059326172,generador_respuestas
2026-04-28T08:04:22.212959,MISS,Q4:Z5:conf=0.11,14.12820816040039,generador_respuestas
2026-04-28T08:04:22.335217,MISS,Q2:Z5:conf=0.32,11.922836303710938,generador_respuestas
2026-04-28T08:04:22.450130,HIT,Q5:Z1:conf=0.24,1.3947486877441406,cache
2026-04-28T08:04:22.567034,HIT,Q5:Z1:conf=0.15,1.1861324310302734,cache
2026-04-28T08:04:22.683667,HIT,Q4:Z3:conf=0.67,0.9236335754394531,cache
2026-04-28T08:04:22.809110,MISS,Q4:Z1:conf=0.8,15.328407287597656,generador_respuestas
2026-04-28T08:04:22.937275,MISS,Q5:Z1:conf=0.12,16.593217849731445,generador_respuestas
2026-04-28T08:04:23.050093,MISS,Q5:Z4:conf=0.26,6.756782531738281,generador_respuestas
2026-04-28T08:04:23.172699,MISS,Q3:Z3:conf=0.12,13.945341110229492,generador_respuestas
2026-04-28T08:04:23.294089,MISS,Q2:Z1:conf=0.0,11.88039779663086,generador_respuestas
2026-04-28T08:04:23.417595,MISS,Q2:Z5:conf=0.67,11.03353500366211,generador_respuestas
2026-04-28T08:04:23.549334,MISS,Q5:Z3:conf=0.08,19.876718521118164,generador_respuestas
2026-04-28T08:04:23.672454,MISS,Q1:Z3:conf=0.15,10.743856430053711,generador_respuestas
2026-04-28T08:04:23.785347,HIT,Q5:Z5:conf=0.05,1.1212825775146484,cache
2026-04-28T08:04:23.900437,HIT,Q4:Z1:conf=0.9,0.8108615875244141,cache
2026-04-28T08:04:24.013124,HIT,Q1:Z1:conf=0.02,0.8103847503662109,cache
2026-04-28T08:04:24.138421,MISS,Q2:Z1:conf=0.62,14.046192169189453,generador_respuestas
2026-04-28T08:04:24.253129,MISS,Q4:Z2:conf=0.35,7.232666015625,generador_respuestas
2026-04-28T08:04:24.362312,HIT,Q5:Z1:conf=0.79,1.1501312255859375,cache
2026-04-28T08:04:24.476773,HIT,Q4:Z3:conf=0.13,0.9601116180419922,cache
2026-04-28T08:04:24.588369,HIT,Q2:Z2:conf=0.61,0.8099079132080078,cache
2026-04-28T08:04:24.708030,MISS,Q1:Z1:conf=0.15,9.470224380493164,generador_respuestas
2026-04-28T08:04:24.828687,MISS,Q2:Z4:conf=0.17,11.161565780639648,generador_respuestas
2026-04-28T08:04:24.941184,HIT,Q5:Z2:conf=0.53,1.1260509490966797,cache
2026-04-28T08:04:25.067871,MISS,Q2:Z2:conf=0.05,12.58540153503418,generador_respuestas
2026-04-28T08:04:25.180793,HIT,Q4:Z5:conf=0.03,0.7879734039306641,cache
2026-04-28T08:04:25.288446,HIT,Q4:Z1:conf=0.12,0.3733634948730469,cache
2026-04-28T08:04:25.407791,MISS,Q5:Z1:conf=0.28,11.769294738769531,generador_respuestas
2026-04-28T08:04:25.533065,MISS,Q3:Z5:conf=0.46,12.917518615722656,generador_respuestas
2026-04-28T08:04:25.644964,HIT,Q1:Z5:conf=0.87,0.7722377777099609,cache
2026-04-28T08:04:25.769919,MISS,Q3:Z2:conf=0.01,13.674020767211914,generador_respuestas
2026-04-28T08:04:25.882555,HIT,Q3:Z5:conf=0.46,0.881195068359375,cache
2026-04-28T08:04:26.006714,MISS,Q5:Z1:conf=0.52,13.720989227294922,generador_respuestas
2026-04-28T08:04:26.121416,HIT,Q2:Z3:conf=0.66,0.8230209350585938,cache
2026-04-28T08:04:26.250645,MISS,Q5:Z3:conf=0.25,18.00680160522461,generador_respuestas
2026-04-28T08:04:26.362846,HIT,Q3:Z3:conf=0.4,0.8919239044189453,cache
2026-04-28T08:04:26.476735,HIT,Q1:Z1:conf=0.0,0.9255409240722656,cache
2026-04-28T08:04:26.602364,MISS,Q4:Z2:conf=0.27,14.364242553710938,generador_respuestas
2026-04-28T08:04:26.728512,MISS,Q5:Z3:conf=0.89,13.92984390258789,generador_respuestas
2026-04-28T08:04:26.857933,MISS,Q5:Z1:conf=0.14,14.667510986328125,generador_respuestas
2026-04-28T08:04:26.971714,HIT,Q5:Z1:conf=0.63,1.1715888977050781,cache
2026-04-28T08:04:27.094592,MISS,Q1:Z4:conf=0.51,10.201692581176758,generador_respuestas
2026-04-28T08:04:27.221231,MISS,Q4:Z3:conf=0.65,14.470100402832031,generador_respuestas
2026-04-28T08:04:27.328961,HIT,Q1:Z5:conf=0.26,0.34165382385253906,cache
2026-04-28T08:04:27.439056,HIT,Q1:Z4:conf=0.59,0.8366107940673828,cache
2026-04-28T08:04:27.550036,HIT,Q4:Z5:conf=0.74,0.7946491241455078,cache
2026-04-28T08:04:27.662013,HIT,Q4:Z3:conf=0.73,0.8215904235839844,cache
2026-04-28T08:04:27.774520,HIT,Q3:Z1:conf=0.61,0.9233951568603516,cache
2026-04-28T08:04:27.899188,MISS,Q3:Z1:conf=0.08,13.154268264770508,generador_respuestas
2026-04-28T08:04:28.009745,HIT,Q4:Z4:conf=0.3,0.7588863372802734,cache
2026-04-28T08:04:28.121838,HIT,Q5:Z2:conf=0.54,1.2869834899902344,cache
2026-04-28T08:04:28.250659,MISS,Q5:Z1:conf=0.7,14.509201049804688,generador_respuestas
2026-04-28T08:04:28.367968,HIT,Q5:Z2:conf=0.04,1.0311603546142578,cache
2026-04-28T08:04:28.483044,MISS,Q1:Z4:conf=0.24,5.361080169677734,generador_respuestas
2026-04-28T08:04:28.608081,MISS,Q5:Z2:conf=0.84,16.223669052124023,generador_respuestas
2026-04-28T08:04:28.723087,HIT,Q3:Z3:conf=0.5,0.8227825164794922,cache
2026-04-28T08:04:28.849735,MISS,Q3:Z3:conf=0.29,14.053583145141602,generador_respuestas
2026-04-28T08:04:28.961954,HIT,Q3:Z1:conf=0.06,0.9768009185791016,cache
2026-04-28T08:04:29.075084,HIT,Q2:Z2:conf=0.07,0.9434223175048828,cache
2026-04-28T08:04:29.186793,HIT,Q1:Z2:conf=0.27,0.8087158203125,cache
2026-04-28T08:04:29.313698,MISS,Q4:Z2:conf=0.52,15.697479248046875,generador_respuestas
2026-04-28T08:04:29.440095,MISS,Q4:Z1:conf=0.24,16.657590866088867,generador_respuestas
2026-04-28T08:04:29.566994,MISS,Q3:Z3:conf=0.49,14.798164367675781,generador_respuestas
2026-04-28T08:04:29.674163,HIT,Q4:Z2:conf=0.52,0.37097930908203125,cache
2026-04-28T08:04:29.794726,MISS,Q1:Z2:conf=0.71,10.370731353759766,generador_respuestas
2026-04-28T08:04:29.920485,MISS,Q5:Z2:conf=0.58,14.086484909057617,generador_respuestas
2026-04-28T08:04:30.032958,HIT,Q4:Z1:conf=0.7,0.7076263427734375,cache
2026-04-28T08:04:30.145445,HIT,Q1:Z1:conf=0.44,0.8978843688964844,cache
2026-04-28T08:04:30.270993,MISS,Q4:Z1:conf=0.2,16.30687713623047,generador_respuestas
2026-04-28T08:04:30.377426,HIT,Q1:Z1:conf=0.86,0.46515464782714844,cache
2026-04-28T08:04:30.500563,MISS,Q4:Z3:conf=0.32,14.484405517578125,generador_respuestas
2026-04-28T08:04:30.612565,HIT,Q4:Z3:conf=0.79,0.8232593536376953,cache
2026-04-28T08:04:30.725262,HIT,Q5:Z1:conf=0.15,1.1169910430908203,cache
2026-04-28T08:04:30.840724,HIT,Q3:Z3:conf=0.8,0.8702278137207031,cache
2026-04-28T08:04:30.966793,MISS,Q4:Z5:conf=0.65,15.105009078979492,generador_respuestas
2026-04-28T08:04:31.078016,HIT,Q4:Z5:conf=0.6,0.8232593536376953,cache
2026-04-28T08:04:31.198798,MISS,Q1:Z1:conf=0.32,11.067390441894531,generador_respuestas
2026-04-28T08:04:31.319316,MISS,Q1:Z5:conf=0.74,9.979486465454102,generador_respuestas
2026-04-28T08:04:31.442516,MISS,Q3:Z1:conf=0.51,13.71002197265625,generador_respuestas
2026-04-28T08:04:31.556540,HIT,Q5:Z1:conf=0.51,1.1920928955078125,cache
2026-04-28T08:04:31.681725,MISS,Q1:Z4:conf=0.52,10.477304458618164,generador_respuestas
2026-04-28T08:04:31.790024,HIT,Q1:Z1:conf=0.64,0.6444454193115234,cache
2026-04-28T08:04:31.899766,HIT,Q2:Z3:conf=0.74,0.8373260498046875,cache
2026-04-28T08:04:32.024460,MISS,Q3:Z5:conf=0.39,14.87421989440918,generador_respuestas
2026-04-28T08:04:32.137260,HIT,Q4:Z1:conf=0.24,0.8370876312255859,cache
2026-04-28T08:04:32.261431,MISS,Q4:Z3:conf=0.5,14.18924331665039,generador_respuestas
2026-04-28T08:04:32.383418,MISS,Q2:Z3:conf=0.21,11.530399322509766,generador_respuestas
2026-04-28T08:04:32.496380,HIT,Q5:Z2:conf=0.14,1.1973381042480469,cache
2026-04-28T08:04:32.611956,HIT,Q3:Z1:conf=0.05,0.9572505950927734,cache
2026-04-28T08:04:32.724142,HIT,Q5:Z3:conf=0.66,1.2633800506591797,cache
2026-04-28T08:04:32.851108,MISS,Q4:Z1:conf=0.55,13.739347457885742,generador_respuestas
2026-04-28T08:04:32.974413,MISS,Q4:Z3:conf=0.05,13.435602188110352,generador_respuestas
2026-04-28T08:04:33.085818,HIT,Q4:Z2:conf=0.34,0.8256435394287109,cache
2026-04-28T08:04:33.200809,MISS,Q4:Z2:conf=0.87,7.597684860229492,generador_respuestas
2026-04-28T08:04:33.321296,MISS,Q1:Z1:conf=0.19,10.170698165893555,generador_respuestas
2026-04-28T08:04:33.444388,MISS,Q2:Z1:conf=0.52,12.43734359741211,generador_respuestas
2026-04-28T08:04:33.566086,MISS,Q2:Z4:conf=0.82,11.44099235534668,generador_respuestas
2026-04-28T08:04:33.691209,MISS,Q3:Z5:conf=0.05,12.756824493408203,generador_respuestas
2026-04-28T08:04:33.803995,HIT,Q4:Z3:conf=0.5,0.701904296875,cache
2026-04-28T08:04:33.916922,HIT,Q2:Z2:conf=0.2,0.9465217590332031,cache
2026-04-28T08:04:34.030299,HIT,Q1:Z1:conf=0.66,0.8056163787841797,cache
2026-04-28T08:04:34.140719,HIT,Q4:Z1:conf=0.54,0.7982254028320312,cache
2026-04-28T08:04:34.263475,MISS,Q2:Z3:conf=0.33,11.798858642578125,generador_respuestas
2026-04-28T08:04:34.376179,HIT,Q1:Z1:conf=0.11,0.8459091186523438,cache
2026-04-28T08:04:34.502561,MISS,Q4:Z3:conf=0.81,15.736579895019531,generador_respuestas
2026-04-28T08:04:34.610550,HIT,Q3:Z2:conf=0.13,0.5054473876953125,cache
2026-04-28T08:04:34.736126,MISS,Q5:Z3:conf=0.06,17.060279846191406,generador_respuestas
2026-04-28T08:04:34.849765,HIT,Q2:Z2:conf=0.17,1.0471343994140625,cache
2026-04-28T08:04:34.963172,HIT,Q3:Z2:conf=0.9,0.8919239044189453,cache
2026-04-28T08:04:35.076403,HIT,Q3:Z1:conf=0.88,1.1501312255859375,cache
2026-04-28T08:04:35.197051,MISS,Q1:Z3:conf=0.01,10.884761810302734,generador_respuestas
2026-04-28T08:04:35.309612,HIT,Q4:Z3:conf=0.87,0.9367465972900391,cache
2026-04-28T08:04:35.422703,HIT,Q1:Z3:conf=0.68,0.8845329284667969,cache
2026-04-28T08:04:35.550962,MISS,Q5:Z3:conf=0.49,18.046140670776367,generador_respuestas
2026-04-28T08:04:35.662833,MISS,Q1:Z3:conf=0.79,5.045890808105469,generador_respuestas
2026-04-28T08:04:35.772293,HIT,Q1:Z1:conf=0.85,0.7178783416748047,cache
2026-04-28T08:04:35.885914,HIT,Q1:Z2:conf=0.55,1.25885009765625,cache
2026-04-28T08:04:36.006959,MISS,Q1:Z3:conf=0.74,10.189533233642578,generador_respuestas
2026-04-28T08:04:36.133394,MISS,Q3:Z5:conf=0.44,14.977216720581055,generador_respuestas
2026-04-28T08:04:36.255733,MISS,Q1:Z4:conf=0.29,11.124372482299805,generador_respuestas
2026-04-28T08:04:36.381508,MISS,Q4:Z4:conf=0.4,14.739274978637695,generador_respuestas
2026-04-28T08:04:36.501087,MISS,Q2:Z4:conf=0.3,11.214256286621094,generador_respuestas
2026-04-28T08:04:36.626122,MISS,Q2:Z1:conf=0.43,13.444900512695312,generador_respuestas
2026-04-28T08:04:36.747866,MISS,Q2:Z5:conf=0.44,10.833978652954102,generador_respuestas
2026-04-28T08:04:36.864333,MISS,Q4:Z1:conf=0.1,9.46044921875,generador_respuestas
2026-04-28T08:04:36.980799,MISS,Q1:Z5:conf=0.03,9.75179672241211,generador_respuestas
2026-04-28T08:04:37.104036,MISS,Q3:Z1:conf=0.44,12.566566467285156,generador_respuestas
2026-04-28T08:04:37.227101,MISS,Q2:Z4:conf=0.07,11.854171752929688,generador_respuestas
2026-04-28T08:04:37.345622,MISS,Q5:Z3:conf=0.88,10.352373123168945,generador_respuestas
2026-04-28T08:04:37.469173,MISS,Q3:Z4:conf=0.43,13.205528259277344,generador_respuestas
2026-04-28T08:04:37.581126,HIT,Q5:Z2:conf=0.04,1.2705326080322266,cache
2026-04-28T08:04:37.709122,MISS,Q5:Z1:conf=0.07,16.21222496032715,generador_respuestas
2026-04-28T08:04:37.822316,HIT,Q2:Z3:conf=0.9,0.8234977722167969,cache
2026-04-28T08:04:37.938445,MISS,Q4:Z1:conf=0.53,7.175922393798828,generador_respuestas
2026-04-28T08:04:38.049568,HIT,Q2:Z1:conf=0.05,0.9655952453613281,cache
2026-04-28T08:04:38.171818,MISS,Q2:Z3:conf=0.35,11.022806167602539,generador_respuestas
2026-04-28T08:04:38.284153,HIT,Q5:Z2:conf=0.48,1.1878013610839844,cache
2026-04-28T08:04:38.399529,HIT,Q3:Z1:conf=0.46,0.9043216705322266,cache
2026-04-28T08:04:38.527017,MISS,Q4:Z2:conf=0.71,16.56627655029297,generador_respuestas
2026-04-28T08:04:38.651947,MISS,Q4:Z3:conf=0.34,14.250755310058594,generador_respuestas
2026-04-28T08:04:38.772942,MISS,Q1:Z3:conf=0.77,11.515617370605469,generador_respuestas
2026-04-28T08:04:38.880512,HIT,Q1:Z4:conf=0.44,0.4734992980957031,cache
2026-04-28T08:04:39.003157,MISS,Q4:Z5:conf=0.03,13.756990432739258,generador_respuestas
2026-04-28T08:04:39.125323,MISS,Q2:Z4:conf=0.01,12.271881103515625,generador_respuestas
2026-04-28T08:04:39.248721,MISS,Q3:Z4:conf=0.67,12.467384338378906,generador_respuestas
2026-04-28T08:04:39.370106,MISS,Q1:Z3:conf=0.32,10.856389999389648,generador_respuestas
2026-04-28T08:04:39.483382,HIT,Q1:Z1:conf=0.08,0.8134841918945312,cache
2026-04-28T08:04:39.596295,HIT,Q1:Z3:conf=0.18,0.8268356323242188,cache
2026-04-28T08:04:39.721760,MISS,Q3:Z1:conf=0.67,12.941837310791016,generador_respuestas
2026-04-28T08:04:39.844092,MISS,Q3:Z2:conf=0.58,11.382102966308594,generador_respuestas
2026-04-28T08:04:39.956441,HIT,Q5:Z1:conf=0.27,1.1298656463623047,cache
2026-04-28T08:04:40.070549,HIT,Q1:Z2:conf=0.5,0.7789134979248047,cache
2026-04-28T08:04:40.193721,MISS,Q3:Z4:conf=0.85,12.557506561279297,generador_respuestas
2026-04-28T08:04:40.305597,MISS,Q1:Z1:conf=0.01,5.433320999145508,generador_respuestas
2026-04-28T08:04:40.417206,HIT,Q4:Z2:conf=0.68,0.8406639099121094,cache
2026-04-28T08:04:40.540962,MISS,Q2:Z2:conf=0.26,12.895584106445312,generador_respuestas
2026-04-28T08:04:40.652922,HIT,Q2:Z2:conf=0.71,0.7877349853515625,cache
2026-04-28T08:04:40.766465,HIT,Q2:Z1:conf=0.52,1.361846923828125,cache
2026-04-28T08:04:40.890983,MISS,Q2:Z2:conf=0.49,11.81650161743164,generador_respuestas
2026-04-28T08:04:41.019012,MISS,Q4:Z3:conf=0.7,15.154838562011719,generador_respuestas
2026-04-28T08:04:41.131372,HIT,Q4:Z3:conf=0.78,0.8039474487304688,cache
2026-04-28T08:04:41.242482,HIT,Q2:Z1:conf=0.24,0.8738040924072266,cache
2026-04-28T08:04:41.366834,MISS,Q2:Z2:conf=0.32,12.378692626953125,generador_respuestas
2026-04-28T08:04:41.490655,MISS,Q1:Z3:conf=0.56,12.128114700317383,generador_respuestas
2026-04-28T08:04:41.603137,HIT,Q2:Z3:conf=0.9,0.8440017700195312,cache
2026-04-28T08:04:41.715875,HIT,Q2:Z4:conf=0.57,0.8571147918701172,cache
2026-04-28T08:04:41.840072,MISS,Q3:Z4:conf=0.04,13.46135139465332,generador_respuestas
2026-04-28T08:04:41.952365,MISS,Q1:Z5:conf=0.04,5.410194396972656,generador_respuestas
2026-04-28T08:04:42.062023,HIT,Q2:Z1:conf=0.09,0.8640289306640625,cache
2026-04-28T08:04:42.176284,HIT,Q4:Z3:conf=0.21,0.8296966552734375,cache
2026-04-28T08:04:42.300865,MISS,Q5:Z2:conf=0.32,14.83464241027832,generador_respuestas
2026-04-28T08:04:42.414729,HIT,Q4:Z2:conf=0.05,0.9572505950927734,cache
2026-04-28T08:04:42.535338,MISS,Q2:Z4:conf=0.23,10.506153106689453,generador_respuestas
2026-04-28T08:04:42.647931,HIT,Q5:Z3:conf=0.25,1.093149185180664,cache
2026-04-28T08:04:42.775740,MISS,Q5:Z5:conf=0.46,14.19520378112793,generador_respuestas
2026-04-28T08:04:42.898102,MISS,Q4:Z1:conf=0.84,13.14997673034668,generador_respuestas
2026-04-28T08:04:43.010749,HIT,Q1:Z5:conf=0.51,0.9593963623046875,cache
2026-04-28T08:04:43.123188,HIT,Q3:Z3:conf=0.03,0.8897781372070312,cache
2026-04-28T08:04:43.235942,HIT,Q3:Z2:conf=0.06,1.1348724365234375,cache
2026-04-28T08:04:43.359152,MISS,Q1:Z1:conf=0.74,10.889530181884766,generador_respuestas
2026-04-28T08:04:43.472100,HIT,Q3:Z4:conf=0.48,1.142263412475586,cache
2026-04-28T08:04:43.604113,MISS,Q5:Z3:conf=0.16,21.477699279785156,generador_respuestas
2026-04-28T08:04:43.716685,HIT,Q4:Z2:conf=0.45,0.6144046783447266,cache
2026-04-28T08:04:43.829751,HIT,Q2:Z5:conf=0.22,1.2497901916503906,cache
2026-04-28T08:04:43.955867,MISS,Q5:Z2:conf=0.42,15.898466110229492,generador_respuestas
2026-04-28T08:04:44.076728,MISS,Q4:Z2:conf=0.56,11.751890182495117,generador_respuestas
2026-04-28T08:04:44.200839,MISS,Q2:Z1:conf=0.82,13.223648071289062,generador_respuestas
2026-04-28T08:04:44.313908,HIT,Q5:Z5:conf=0.05,1.0259151458740234,cache
2026-04-28T08:04:44.422719,HIT,Q1:Z5:conf=0.49,0.40149688720703125,cache
2026-04-28T08:04:44.545104,MISS,Q3:Z4:conf=0.02,13.811826705932617,generador_respuestas
2026-04-28T08:04:44.668301,MISS,Q1:Z4:conf=0.38,12.040853500366211,generador_respuestas
2026-04-28T08:04:44.780917,HIT,Q4:Z5:conf=0.59,0.843048095703125,cache
2026-04-28T08:04:44.889544,HIT,Q2:Z4:conf=0.26,0.45418739318847656,cache
2026-04-28T08:04:45.011627,MISS,Q3:Z3:conf=0.0,12.141704559326172,generador_respuestas
2026-04-28T08:04:45.138470,MISS,Q5:Z5:conf=0.86,15.205860137939453,generador_respuestas
2026-04-28T08:04:45.253146,HIT,Q4:Z2:conf=0.48,0.9045600891113281,cache
2026-04-28T08:04:45.370360,MISS,Q2:Z4:conf=0.31,8.484601974487305,generador_respuestas
2026-04-28T08:04:45.498822,MISS,Q4:Z1:conf=0.04,17.940282821655273,generador_respuestas
2026-04-28T08:04:45.612110,HIT,Q5:Z5:conf=0.46,1.0218620300292969,cache
2026-04-28T08:04:45.727451,HIT,Q1:Z4:conf=0.65,0.8158683776855469,cache
2026-04-28T08:04:45.848091,MISS,Q2:Z2:conf=0.12,10.39743423461914,generador_respuestas
2026-04-28T08:04:45.971582,MISS,Q3:Z3:conf=0.69,14.002561569213867,generador_respuestas
2026-04-28T08:04:46.083721,HIT,Q3:Z2:conf=0.49,1.1675357818603516,cache
2026-04-28T08:04:46.196500,HIT,Q2:Z5:conf=0.38,0.9140968322753906,cache
2026-04-28T08:04:46.311958,MISS,Q3:Z3:conf=0.59,7.967710494995117,generador_respuestas
2026-04-28T08:04:46.421683,HIT,Q4:Z1:conf=0.24,0.6210803985595703,cache
2026-04-28T08:04:46.545175,MISS,Q3:Z5:conf=0.86,13.494491577148438,generador_respuestas
2026-04-28T08:04:46.671150,MISS,Q4:Z1:conf=0.83,15.410900115966797,generador_respuestas
2026-04-28T08:04:46.784429,HIT,Q4:Z1:conf=0.65,0.934600830078125,cache
2026-04-28T08:04:46.897809,HIT,Q3:Z2:conf=0.09,0.8838176727294922,cache
2026-04-28T08:04:47.023260,MISS,Q4:Z3:conf=0.83,16.058683395385742,generador_respuestas
2026-04-28T08:04:47.143121,MISS,Q1:Z2:conf=0.74,9.809017181396484,generador_respuestas
2026-04-28T08:04:47.271011,MISS,Q4:Z1:conf=0.66,16.2355899810791,generador_respuestas
2026-04-28T08:04:47.381832,MISS,Q1:Z5:conf=0.42,5.027055740356445,generador_respuestas
2026-04-28T08:04:47.503372,MISS,Q1:Z2:conf=0.24,12.264251708984375,generador_respuestas
2026-04-28T08:04:47.626925,MISS,Q2:Z1:conf=0.85,11.911869049072266,generador_respuestas
2026-04-28T08:04:47.749073,MISS,Q4:Z1:conf=0.87,11.786222457885742,generador_respuestas
2026-04-28T08:04:47.867626,MISS,Q1:Z4:conf=0.9,10.533332824707031,generador_respuestas
2026-04-28T08:04:47.980159,HIT,Q4:Z2:conf=0.71,1.0628700256347656,cache
2026-04-28T08:04:48.105907,MISS,Q5:Z2:conf=0.59,15.37632942199707,generador_respuestas
2026-04-28T08:04:48.236285,MISS,Q2:Z3:conf=0.48,14.649152755737305,generador_respuestas
2026-04-28T08:04:48.360091,MISS,Q2:Z1:conf=0.49,12.588024139404297,generador_respuestas
2026-04-28T08:04:48.479772,MISS,Q1:Z1:conf=0.06,9.466171264648438,generador_respuestas
2026-04-28T08:04:48.587316,HIT,Q1:Z1:conf=0.26,0.42939186096191406,cache
2026-04-28T08:04:48.697016,HIT,Q2:Z1:conf=0.17,0.9162425994873047,cache
2026-04-28T08:04:48.821787,MISS,Q2:Z1:conf=0.26,12.655973434448242,generador_respuestas
2026-04-28T08:04:48.934252,HIT,Q2:Z1:conf=0.33,1.0294914245605469,cache
2026-04-28T08:04:49.060843,MISS,Q2:Z1:conf=0.83,12.566328048706055,generador_respuestas
2026-04-28T08:04:49.173623,HIT,Q5:Z1:conf=0.56,1.1456012725830078,cache
2026-04-28T08:04:49.295576,MISS,Q2:Z5:conf=0.36,11.807680130004883,generador_respuestas
2026-04-28T08:04:49.418860,MISS,Q4:Z1:conf=0.64,13.07535171508789,generador_respuestas
2026-04-28T08:04:49.529476,HIT,Q3:Z2:conf=0.36,0.9765625,cache
2026-04-28T08:04:49.639889,HIT,Q1:Z4:conf=0.49,0.5424022674560547,cache
2026-04-28T08:04:49.763528,MISS,Q1:Z1:conf=0.63,12.146234512329102,generador_respuestas
2026-04-28T08:04:49.876683,HIT,Q4:Z1:conf=0.34,0.87738037109375,cache
2026-04-28T08:04:50.000184,MISS,Q3:Z2:conf=0.0,14.202594757080078,generador_respuestas
2026-04-28T08:04:50.123386,MISS,Q2:Z3:conf=0.2,11.513710021972656,generador_respuestas
2026-04-28T08:04:50.246122,MISS,Q1:Z3:conf=0.05,11.167287826538086,generador_respuestas
2026-04-28T08:04:50.370151,MISS,Q3:Z4:conf=0.18,14.75214958190918,generador_respuestas
2026-04-28T08:04:50.491293,MISS,Q1:Z2:conf=0.59,11.250972747802734,generador_respuestas
2026-04-28T08:04:50.603556,HIT,Q5:Z4:conf=0.02,1.0344982147216797,cache
2026-04-28T08:04:50.729481,MISS,Q3:Z4:conf=0.26,13.979673385620117,generador_respuestas
2026-04-28T08:04:50.841845,HIT,Q5:Z1:conf=0.27,1.0814666748046875,cache
2026-04-28T08:04:50.956501,HIT,Q1:Z4:conf=0.29,0.8392333984375,cache
2026-04-28T08:04:51.069398,MISS,Q1:Z5:conf=0.16,5.623340606689453,generador_respuestas
2026-04-28T08:04:51.191854,MISS,Q1:Z4:conf=0.48,10.90097427368164,generador_respuestas
2026-04-28T08:04:51.306939,HIT,Q1:Z4:conf=0.39,0.8780956268310547,cache
2026-04-28T08:04:51.427894,MISS,Q1:Z2:conf=0.87,10.054588317871094,generador_respuestas
2026-04-28T08:04:51.540968,HIT,Q4:Z3:conf=0.88,0.9045600891113281,cache
2026-04-28T08:04:51.662457,MISS,Q4:Z1:conf=0.56,13.129711151123047,generador_respuestas
2026-04-28T08:04:51.788588,MISS,Q4:Z5:conf=0.09,14.40882682800293,generador_respuestas
2026-04-28T08:04:51.913926,MISS,Q4:Z1:conf=0.26,14.088153839111328,generador_respuestas
2026-04-28T08:04:52.027581,MISS,Q4:Z4:conf=0.43,7.283210754394531,generador_respuestas
2026-04-28T08:04:52.139072,HIT,Q3:Z2:conf=0.36,0.8924007415771484,cache
2026-04-28T08:04:52.263388,MISS,Q2:Z2:conf=0.79,12.470006942749023,generador_respuestas
2026-04-28T08:04:52.389803,MISS,Q5:Z1:conf=0.23,14.21356201171875,generador_respuestas
2026-04-28T08:04:52.503926,HIT,Q2:Z2:conf=0.32,0.8757114410400391,cache
2026-04-28T08:04:52.616457,HIT,Q3:Z2:conf=0.82,0.8106231689453125,cache
2026-04-28T08:04:52.729152,HIT,Q1:Z2:conf=0.63,0.9894371032714844,cache
2026-04-28T08:04:52.842253,HIT,Q5:Z1:conf=0.35,1.1196136474609375,cache
2026-04-28T08:04:52.956265,HIT,Q2:Z4:conf=0.61,0.8578300476074219,cache
2026-04-28T08:04:53.064754,HIT,Q5:Z1:conf=0.63,0.5180835723876953,cache
2026-04-28T08:04:53.177064,HIT,Q2:Z5:conf=0.09,0.8697509765625,cache
2026-04-28T08:04:53.291059,HIT,Q2:Z4:conf=0.85,0.9527206420898438,cache
2026-04-28T08:04:53.404200,HIT,Q3:Z1:conf=0.54,0.8893013000488281,cache
2026-04-28T08:04:53.518425,HIT,Q1:Z2:conf=0.34,0.934600830078125,cache
2026-04-28T08:04:53.641232,MISS,Q2:Z2:conf=0.04,11.838912963867188,generador_respuestas
2026-04-28T08:04:53.768021,MISS,Q3:Z2:conf=0.15,15.453100204467773,generador_respuestas
2026-04-28T08:04:53.895077,MISS,Q4:Z3:conf=0.06,15.51961898803711,generador_respuestas
2026-04-28T08:04:54.016016,MISS,Q1:Z5:conf=0.53,10.028362274169922,generador_respuestas
2026-04-28T08:04:54.128722,MISS,Q1:Z5:conf=0.21,5.795717239379883,generador_respuestas
2026-04-28T08:04:54.238331,HIT,Q2:Z1:conf=0.13,0.8485317230224609,cache
2026-04-28T08:04:54.364428,MISS,Q5:Z1:conf=0.61,14.790534973144531,generador_respuestas
2026-04-28T08:04:54.489878,MISS,Q4:Z1:conf=0.69,15.137195587158203,generador_respuestas
2026-04-28T08:04:54.610209,MISS,Q2:Z3:conf=0.84,10.068893432617188,generador_respuestas
2026-04-28T08:04:54.723034,HIT,Q3:Z1:conf=0.53,0.9052753448486328,cache
2026-04-28T08:04:54.836340,HIT,Q4:Z2:conf=0.67,0.8702278137207031,cache
2026-04-28T08:04:54.949255,HIT,Q4:Z1:conf=0.15,0.8864402770996094,cache
2026-04-28T08:04:55.061449,HIT,Q4:Z1:conf=0.56,0.7631778717041016,cache
2026-04-28T08:04:55.186731,MISS,Q4:Z2:conf=0.13,13.735771179199219,generador_respuestas
2026-04-28T08:04:55.307940,MISS,Q2:Z4:conf=0.48,11.189460754394531,generador_respuestas
2026-04-28T08:04:55.415834,HIT,Q5:Z3:conf=0.48,0.5230903625488281,cache
2026-04-28T08:04:55.542145,MISS,Q5:Z4:conf=0.33,15.613794326782227,generador_respuestas
2026-04-28T08:04:55.668790,MISS,Q1:Z3:conf=0.58,12.421846389770508,generador_respuestas
2026-04-28T08:04:55.792780,MISS,Q1:Z4:conf=0.06,11.47603988647461,generador_respuestas
2026-04-28T08:04:55.905390,HIT,Q3:Z2:conf=0.08,0.8962154388427734,cache
2026-04-28T08:04:56.018720,HIT,Q1:Z5:conf=0.38,0.7817745208740234,cache
2026-04-28T08:04:56.142699,MISS,Q3:Z5:conf=0.71,12.320518493652344,generador_respuestas
2026-04-28T08:04:56.255873,HIT,Q4:Z3:conf=0.4,0.8702278137207031,cache
2026-04-28T08:04:56.376511,MISS,Q1:Z3:conf=0.1,9.412050247192383,generador_respuestas
2026-04-28T08:04:56.483658,HIT,Q1:Z1:conf=0.36,0.3407001495361328,cache
2026-04-28T08:04:56.595222,HIT,Q1:Z3:conf=0.18,0.9434223175048828,cache
2026-04-28T08:04:56.717895,MISS,Q3:Z4:conf=0.2,11.522293090820312,generador_respuestas
2026-04-28T08:04:56.828862,HIT,Q1:Z1:conf=0.42,1.0225772857666016,cache
2026-04-28T08:04:56.937044,HIT,Q3:Z2:conf=0.53,0.5528926849365234,cache
2026-04-28T08:04:57.061969,MISS,Q5:Z1:conf=0.1,14.798641204833984,generador_respuestas
2026-04-28T08:04:57.180634,HIT,Q5:Z1:conf=0.35,1.2295246124267578,cache
2026-04-28T08:04:57.295535,HIT,Q2:Z4:conf=0.36,0.8783340454101562,cache
2026-04-28T08:04:57.422456,MISS,Q4:Z1:conf=0.46,15.47861099243164,generador_respuestas
2026-04-28T08:04:57.535457,MISS,Q2:Z4:conf=0.15,5.673408508300781,generador_respuestas
2026-04-28T08:04:57.646559,HIT,Q2:Z1:conf=0.82,0.9744167327880859,cache
2026-04-28T08:04:57.759268,HIT,Q1:Z4:conf=0.58,0.7746219635009766,cache
2026-04-28T08:04:57.873251,HIT,Q2:Z1:conf=0.66,0.9310245513916016,cache
2026-04-28T08:04:57.987080,HIT,Q5:Z2:conf=0.05,1.1754035949707031,cache
2026-04-28T08:04:58.102341,HIT,Q1:Z3:conf=0.16,0.7278919219970703,cache
2026-04-28T08:04:58.227238,MISS,Q4:Z2:conf=0.73,14.719724655151367,generador_respuestas
2026-04-28T08:04:58.348178,MISS,Q1:Z1:conf=0.24,10.825157165527344,generador_respuestas
2026-04-28T08:04:58.471834,MISS,Q5:Z2:conf=0.64,14.047861099243164,generador_respuestas
2026-04-28T08:04:58.580823,HIT,Q3:Z1:conf=0.34,0.4420280456542969,cache
2026-04-28T08:04:58.702219,MISS,Q1:Z2:conf=0.31,12.085199356079102,generador_respuestas
2026-04-28T08:04:58.816755,HIT,Q3:Z4:conf=0.82,1.0671615600585938,cache
2026-04-28T08:04:58.942282,MISS,Q4:Z5:conf=0.72,15.45262336730957,generador_respuestas
2026-04-28T08:04:59.063684,MISS,Q3:Z5:conf=0.23,12.464046478271484,generador_respuestas
2026-04-28T08:04:59.192750,MISS,Q5:Z3:conf=0.79,18.59593391418457,generador_respuestas
2026-04-28T08:04:59.315837,MISS,Q2:Z5:conf=0.17,10.915994644165039,generador_respuestas
2026-04-28T08:04:59.444708,MISS,Q5:Z3:conf=0.3,17.517805099487305,generador_respuestas
2026-04-28T08:04:59.555942,HIT,Q1:Z3:conf=0.22,0.8144378662109375,cache
2026-04-28T08:04:59.669196,HIT,Q3:Z3:conf=0.37,0.9589195251464844,cache
2026-04-28T08:04:59.783551,HIT,Q5:Z1:conf=0.65,1.3620853424072266,cache
2026-04-28T08:04:59.910441,MISS,Q4:Z5:conf=0.24,13.803482055664062,generador_respuestas
2026-04-28T08:05:00.016159,HIT,Q4:Z1:conf=0.46,0.38170814514160156,cache
2026-04-28T08:05:00.127199,HIT,Q2:Z5:conf=0.64,0.9810924530029297,cache
2026-04-28T08:05:00.240028,HIT,Q3:Z2:conf=0.24,0.9782314300537109,cache
2026-04-28T08:05:00.354625,HIT,Q5:Z4:conf=0.82,1.3470649719238281,cache
2026-04-28T08:05:00.487543,MISS,Q5:Z3:conf=0.74,18.19324493408203,generador_respuestas
2026-04-28T08:05:00.611509,MISS,Q2:Z3:conf=0.17,12.687444686889648,generador_respuestas
2026-04-28T08:05:00.735043,MISS,Q3:Z4:conf=0.42,12.900829315185547,generador_respuestas
2026-04-28T08:05:00.861860,MISS,Q5:Z5:conf=0.39,16.476154327392578,generador_respuestas
2026-04-28T08:05:00.991427,MISS,Q3:Z1:conf=0.09,13.610124588012695,generador_respuestas
2026-04-28T08:05:01.115241,MISS,Q3:Z4:conf=0.23,13.224124908447266,generador_respuestas
2026-04-28T08:05:01.228508,HIT,Q5:Z1:conf=0.01,1.3685226440429688,cache
2026-04-28T08:05:01.338824,HIT,Q5:Z1:conf=0.75,0.5445480346679688,cache
2026-04-28T08:05:01.450549,HIT,Q1:Z1:conf=0.03,0.8797645568847656,cache
2026-04-28T08:05:01.571963,MISS,Q1:Z5:conf=0.3,10.68735122680664,generador_respuestas
2026-04-28T08:05:01.692531,MISS,Q2:Z2:conf=0.9,10.22648811340332,generador_respuestas
2026-04-28T08:05:01.824061,MISS,Q5:Z2:conf=0.06,17.585039138793945,generador_respuestas
2026-04-28T08:05:01.945586,MISS,Q3:Z3:conf=0.19,10.965347290039062,generador_respuestas
2026-04-28T08:05:02.066953,MISS,Q3:Z2:conf=0.83,12.814998626708984,generador_respuestas
2026-04-28T08:05:02.179229,HIT,Q1:Z2:conf=0.85,1.0437965393066406,cache
2026-04-28T08:05:02.304360,MISS,Q4:Z3:conf=0.43,14.636516571044922,generador_respuestas
2026-04-28T08:05:02.425701,MISS,Q2:Z4:conf=0.83,10.462522506713867,generador_respuestas
2026-04-28T08:05:02.549671,MISS,Q4:Z1:conf=0.88,12.711524963378906,generador_respuestas
2026-04-28T08:05:02.662305,HIT,Q1:Z4:conf=0.44,0.8828639984130859,cache
2026-04-28T08:05:02.774497,HIT,Q3:Z1:conf=0.28,0.8654594421386719,cache
2026-04-28T08:05:02.888984,HIT,Q4:Z3:conf=0.1,0.9050369262695312,cache
2026-04-28T08:05:03.004657,MISS,Q3:Z2:conf=0.67,7.337093353271484,generador_respuestas
2026-04-28T08:05:03.115262,HIT,Q1:Z3:conf=0.8,0.8785724639892578,cache
2026-04-28T08:05:03.228537,HIT,Q4:Z3:conf=0.33,0.8215904235839844,cache
2026-04-28T08:05:03.350977,MISS,Q3:Z1:conf=0.69,12.237548828125,generador_respuestas
2026-04-28T08:05:03.474448,MISS,Q4:Z2:conf=0.34,14.2822265625,generador_respuestas
2026-04-28T08:05:03.586723,HIT,Q1:Z1:conf=0.29,0.7665157318115234,cache
2026-04-28T08:05:03.714785,MISS,Q5:Z5:conf=0.47,18.90730857849121,generador_respuestas
2026-04-28T08:05:03.825166,HIT,Q4:Z3:conf=0.32,0.6449222564697266,cache
2026-04-28T08:05:03.947274,MISS,Q4:Z2:conf=0.8,14.322757720947266,generador_respuestas
2026-04-28T08:05:04.059320,HIT,Q4:Z3:conf=0.32,0.7808208465576172,cache
2026-04-28T08:05:04.189737,MISS,Q5:Z3:conf=0.29,18.868446350097656,generador_respuestas
2026-04-28T08:05:04.300430,HIT,Q2:Z1:conf=0.16,0.8664131164550781,cache
2026-04-28T08:05:04.412743,HIT,Q2:Z1:conf=0.05,0.8413791656494141,cache
2026-04-28T08:05:04.533989,MISS,Q2:Z1:conf=0.44,10.023117065429688,generador_respuestas
2026-04-28T08:05:04.644683,HIT,Q2:Z2:conf=0.05,0.8318424224853516,cache
2026-04-28T08:05:04.764160,MISS,Q2:Z1:conf=0.34,10.530948638916016,generador_respuestas
2026-04-28T08:05:04.876679,HIT,Q3:Z3:conf=0.6,0.804901123046875,cache
2026-04-28T08:05:05.001437,MISS,Q3:Z1:conf=0.22,14.351844787597656,generador_respuestas
2026-04-28T08:05:05.125876,MISS,Q3:Z5:conf=0.41,12.268543243408203,generador_respuestas
2026-04-28T08:05:05.238843,HIT,Q2:Z1:conf=0.33,0.9129047393798828,cache
2026-04-28T08:05:05.362439,MISS,Q3:Z4:conf=0.89,12.484312057495117,generador_respuestas
2026-04-28T08:05:05.475743,HIT,Q4:Z3:conf=0.08,1.3518333435058594,cache
2026-04-28T08:05:05.588404,HIT,Q4:Z2:conf=0.31,0.32901763916015625,cache
2026-04-28T08:05:05.699285,HIT,Q1:Z1:conf=0.66,0.5068778991699219,cache
2026-04-28T08:05:05.814535,HIT,Q2:Z1:conf=0.76,1.1050701141357422,cache
2026-04-28T08:05:05.945960,MISS,Q4:Z5:conf=0.63,15.903949737548828,generador_respuestas
2026-04-28T08:05:06.069999,MISS,Q1:Z5:conf=0.7,13.50712776184082,generador_respuestas
2026-04-28T08:05:06.203527,MISS,Q4:Z5:conf=0.31,24.441242218017578,generador_respuestas
2026-04-28T08:05:06.326498,MISS,Q1:Z4:conf=0.13,12.237548828125,generador_respuestas
2026-04-28T08:05:06.444706,MISS,Q2:Z1:conf=0.19,8.565187454223633,generador_respuestas
2026-04-28T08:05:06.560437,MISS,Q3:Z3:conf=0.41,9.016275405883789,generador_respuestas
2026-04-28T08:05:06.678332,MISS,Q3:Z2:conf=0.02,9.66334342956543,generador_respuestas
2026-04-28T08:05:06.795548,MISS,Q3:Z1:conf=0.15,9.401321411132812,generador_respuestas
2026-04-28T08:05:06.904444,HIT,Q1:Z2:conf=0.23,0.3910064697265625,cache
2026-04-28T08:05:07.010898,HIT,Q3:Z3:conf=0.2,0.4951953887939453,cache
2026-04-28T08:05:07.128880,MISS,Q3:Z4:conf=0.57,10.73455810546875,generador_respuestas
2026-04-28T08:05:07.243938,MISS,Q2:Z3:conf=0.54,7.791757583618164,generador_respuestas
2026-04-28T08:05:07.364280,MISS,Q1:Z2:conf=0.76,10.939359664916992,generador_respuestas
2026-04-28T08:05:07.476139,MISS,Q1:Z1:conf=0.43,5.345821380615234,generador_respuestas
2026-04-28T08:05:07.585521,HIT,Q3:Z4:conf=0.28,0.8413791656494141,cache
2026-04-28T08:05:07.697550,HIT,Q2:Z1:conf=0.62,1.142740249633789,cache
2026-04-28T08:05:07.814200,MISS,Q5:Z2:conf=0.89,8.610248565673828,generador_respuestas
2026-04-28T08:05:07.924938,HIT,Q1:Z1:conf=0.09,0.530242919921875,cache
2026-04-28T08:05:08.039775,MISS,Q2:Z1:conf=0.87,8.221864700317383,generador_respuestas
2026-04-28T08:05:08.162234,MISS,Q2:Z1:conf=0.15,10.168075561523438,generador_respuestas
2026-04-28T08:05:08.276578,HIT,Q4:Z3:conf=0.34,0.9434223175048828,cache
2026-04-28T08:05:08.400748,MISS,Q3:Z5:conf=0.89,12.508392333984375,generador_respuestas
2026-04-28T08:05:08.507550,HIT,Q3:Z1:conf=0.24,0.6165504455566406,cache
2026-04-28T08:05:08.635000,MISS,Q5:Z3:conf=0.12,17.866134643554688,generador_respuestas
2026-04-28T08:05:08.755922,MISS,Q3:Z4:conf=0.35,10.962486267089844,generador_respuestas
2026-04-28T08:05:08.870083,HIT,Q3:Z1:conf=0.37,0.9827613830566406,cache
2026-04-28T08:05:08.982319,HIT,Q3:Z1:conf=0.53,0.8890628814697266,cache
2026-04-28T08:05:09.106247,MISS,Q3:Z5:conf=0.12,10.734081268310547,generador_respuestas
2026-04-28T08:05:09.221812,HIT,Q3:Z5:conf=0.56,1.0442733764648438,cache
2026-04-28T08:05:09.336179,HIT,Q1:Z3:conf=0.7,0.44417381286621094,cache
2026-04-28T08:05:09.459762,MISS,Q2:Z4:conf=0.42,13.03863525390625,generador_respuestas
2026-04-28T08:05:09.575942,HIT,Q5:Z4:conf=0.32,1.6129016876220703,cache
2026-04-28T08:05:09.705088,MISS,Q3:Z1:conf=0.59,15.868186950683594,generador_respuestas
2026-04-28T08:05:09.830221,MISS,Q2:Z1:conf=0.23,14.729738235473633,generador_respuestas
2026-04-28T08:05:09.948618,MISS,Q5:Z1:conf=0.09,11.442422866821289,generador_respuestas
2026-04-28T08:05:10.064752,HIT,Q4:Z3:conf=0.23,0.9253025054931641,cache
2026-04-28T08:05:10.188769,MISS,Q1:Z2:conf=0.7,14.217376708984375,generador_respuestas
2026-04-28T08:05:10.296240,HIT,Q5:Z4:conf=0.59,0.5853176116943359,cache
2026-04-28T08:05:10.414906,MISS,Q2:Z2:conf=0.37,10.324954986572266,generador_respuestas
2026-04-28T08:05:10.527905,HIT,Q1:Z3:conf=0.3,0.7932186126708984,cache
2026-04-28T08:05:10.634813,HIT,Q5:Z4:conf=0.2,0.5109310150146484,cache
2026-04-28T08:05:10.746882,HIT,Q2:Z4:conf=0.11,0.9927749633789062,cache
2026-04-28T08:05:10.859670,HIT,Q1:Z2:conf=0.76,0.8504390716552734,cache
2026-04-28T08:05:10.984075,MISS,Q5:Z5:conf=0.01,14.037132263183594,generador_respuestas
2026-04-28T08:05:11.100238,HIT,Q5:Z2:conf=0.64,1.2090206146240234,cache
2026-04-28T08:05:11.223614,MISS,Q1:Z1:conf=0.82,9.658575057983398,generador_respuestas
2026-04-28T08:05:11.335967,MISS,Q1:Z3:conf=0.26,5.215167999267578,generador_respuestas
2026-04-28T08:05:11.446358,HIT,Q4:Z4:conf=0.19,0.8373260498046875,cache
2026-04-28T08:05:11.561756,HIT,Q4:Z2:conf=0.76,0.9179115295410156,cache
2026-04-28T08:05:11.675810,HIT,Q4:Z2:conf=0.6,1.0776519775390625,cache
2026-04-28T08:05:11.808043,MISS,Q5:Z1:conf=0.13,17.776012420654297,generador_respuestas
2026-04-28T08:05:11.924366,HIT,Q2:Z3:conf=0.84,0.9813308715820312,cache
2026-04-28T08:05:12.049806,MISS,Q3:Z1:conf=0.17,12.626171112060547,generador_respuestas
2026-04-28T08:05:12.163397,HIT,Q1:Z5:conf=0.82,0.9036064147949219,cache
2026-04-28T08:05:12.276891,HIT,Q2:Z3:conf=0.75,0.8852481842041016,cache
2026-04-28T08:05:12.391723,HIT,Q2:Z3:conf=0.06,0.9176731109619141,cache
2026-04-28T08:05:12.504170,HIT,Q1:Z1:conf=0.33,0.7462501525878906,cache
2026-04-28T08:05:12.617719,HIT,Q5:Z1:conf=0.17,1.1839866638183594,cache
2026-04-28T08:05:12.746179,MISS,Q5:Z2:conf=0.4,14.274835586547852,generador_respuestas
2026-04-28T08:05:12.874561,MISS,Q5:Z4:conf=0.29,15.288829803466797,generador_respuestas
2026-04-28T08:05:12.988367,HIT,Q3:Z1:conf=0.34,1.0082721710205078,cache
2026-04-28T08:05:13.110869,MISS,Q2:Z2:conf=0.55,10.958194732666016,generador_respuestas
2026-04-28T08:05:13.222738,MISS,Q1:Z5:conf=0.75,4.723787307739258,generador_respuestas
2026-04-28T08:05:13.350184,MISS,Q5:Z3:conf=0.41,18.77140998840332,generador_respuestas
2026-04-28T08:05:13.462473,HIT,Q5:Z4:conf=0.23,1.157999038696289,cache
2026-04-28T08:05:13.575288,HIT,Q4:Z1:conf=0.02,0.7219314575195312,cache
2026-04-28T08:05:13.703717,MISS,Q5:Z2:conf=0.52,16.501426696777344,generador_respuestas
2026-04-28T08:05:13.828326,MISS,Q2:Z4:conf=0.38,11.02590560913086,generador_respuestas
2026-04-28T08:05:13.942574,HIT,Q2:Z3:conf=0.85,1.016855239868164,cache
2026-04-28T08:05:14.056486,HIT,Q5:Z3:conf=0.83,1.0859966278076172,cache
2026-04-28T08:05:14.184773,MISS,Q5:Z4:conf=0.65,15.520572662353516,generador_respuestas
2026-04-28T08:05:14.299589,HIT,Q5:Z1:conf=0.61,1.3527870178222656,cache
2026-04-28T08:05:14.425494,MISS,Q4:Z4:conf=0.15,12.250423431396484,generador_respuestas
2026-04-28T08:05:14.544875,MISS,Q3:Z1:conf=0.7,10.291099548339844,generador_respuestas
2026-04-28T08:05:14.665891,MISS,Q3:Z4:conf=0.69,11.569738388061523,generador_respuestas
2026-04-28T08:05:14.784808,MISS,Q5:Z3:conf=0.69,12.346506118774414,generador_respuestas
2026-04-28T08:05:14.898227,HIT,Q5:Z5:conf=0.89,1.5180110931396484,cache
2026-04-28T08:05:15.021788,MISS,Q2:Z2:conf=0.83,10.451793670654297,generador_respuestas
2026-04-28T08:05:15.136009,HIT,Q1:Z3:conf=0.01,0.9348392486572266,cache
2026-04-28T08:05:15.258314,MISS,Q1:Z3:conf=0.84,10.593652725219727,generador_respuestas
2026-04-28T08:05:15.374772,MISS,Q3:Z2:conf=0.44,8.372783660888672,generador_respuestas
2026-04-28T08:05:15.486121,HIT,Q2:Z4:conf=0.6,0.9505748748779297,cache
2026-04-28T08:05:15.607101,MISS,Q1:Z1:conf=0.56,9.863138198852539,generador_respuestas
2026-04-28T08:05:15.718872,HIT,Q1:Z1:conf=0.46,0.7927417755126953,cache
2026-04-28T08:05:15.842980,MISS,Q5:Z5:conf=0.35,13.157129287719727,generador_respuestas
2026-04-28T08:05:15.951885,HIT,Q1:Z5:conf=0.87,0.4143714904785156,cache
2026-04-28T08:05:16.063060,HIT,Q1:Z1:conf=0.25,0.8883476257324219,cache
2026-04-28T08:05:16.176724,HIT,Q1:Z3:conf=0.16,0.8804798126220703,cache
2026-04-28T08:05:16.288360,HIT,Q2:Z1:conf=0.33,0.9899139404296875,cache
2026-04-28T08:05:16.407675,MISS,Q1:Z3:conf=0.67,10.098695755004883,generador_respuestas
2026-04-28T08:05:16.521661,HIT,Q5:Z4:conf=0.29,1.15203857421875,cache
2026-04-28T08:05:16.652313,MISS,Q4:Z5:conf=0.0,15.303850173950195,generador_respuestas
2026-04-28T08:05:16.765110,HIT,Q4:Z1:conf=0.26,0.7874965667724609,cache
2026-04-28T08:05:16.889510,MISS,Q5:Z1:conf=0.8,13.17596435546875,generador_respuestas
2026-04-28T08:05:17.019621,MISS,Q5:Z2:conf=0.33,16.529560089111328,generador_respuestas
2026-04-28T08:05:17.145268,MISS,Q4:Z4:conf=0.6,13.980627059936523,generador_respuestas
2026-04-28T08:05:17.257347,MISS,Q1:Z3:conf=0.28,5.500078201293945,generador_respuestas
2026-04-28T08:05:17.369873,HIT,Q2:Z1:conf=0.66,1.0356903076171875,cache
2026-04-28T08:05:17.484542,HIT,Q2:Z1:conf=0.38,1.238107681274414,cache
2026-04-28T08:05:17.598683,HIT,Q2:Z3:conf=0.07,1.0874271392822266,cache
2026-04-28T08:05:17.713538,HIT,Q2:Z1:conf=0.08,1.0182857513427734,cache
2026-04-28T08:05:17.827800,HIT,Q4:Z3:conf=0.15,1.0426044464111328,cache
2026-04-28T08:05:17.952275,MISS,Q2:Z1:conf=0.13,11.186361312866211,generador_respuestas
2026-04-28T08:05:18.065523,HIT,Q2:Z1:conf=0.14,0.9412765502929688,cache
2026-04-28T08:05:18.179868,HIT,Q3:Z3:conf=0.59,0.9715557098388672,cache
2026-04-28T08:05:18.287246,HIT,Q2:Z3:conf=0.11,0.45371055603027344,cache
2026-04-28T08:05:18.409276,MISS,Q2:Z2:conf=0.03,12.14742660522461,generador_respuestas
2026-04-28T08:05:18.524363,HIT,Q3:Z1:conf=0.85,1.0523796081542969,cache
2026-04-28T08:05:18.637278,HIT,Q1:Z1:conf=0.56,0.8025169372558594,cache
2026-04-28T08:05:18.761259,MISS,Q2:Z3:conf=0.83,11.054039001464844,generador_respuestas
2026-04-28T08:05:18.892190,MISS,Q4:Z1:conf=0.44,16.401052474975586,generador_respuestas
2026-04-28T08:05:19.017293,MISS,Q3:Z4:conf=0.65,13.302087783813477,generador_respuestas
2026-04-28T08:05:19.140633,MISS,Q2:Z2:conf=0.74,10.779380798339844,generador_respuestas
2026-04-28T08:05:19.272624,MISS,Q4:Z1:conf=0.42,17.32015609741211,generador_respuestas
2026-04-28T08:05:19.399497,MISS,Q5:Z2:conf=0.31,13.602495193481445,generador_respuestas
2026-04-28T08:05:19.524666,MISS,Q2:Z2:conf=0.76,11.29913330078125,generador_respuestas
2026-04-28T08:05:19.651054,MISS,Q3:Z1:conf=0.03,12.738704681396484,generador_respuestas
2026-04-28T08:05:19.767128,HIT,Q1:Z1:conf=0.85,1.0766983032226562,cache
2026-04-28T08:05:19.881461,HIT,Q1:Z3:conf=0.49,0.9191036224365234,cache
2026-04-28T08:05:20.005235,MISS,Q5:Z4:conf=0.14,13.565540313720703,generador_respuestas
2026-04-28T08:05:20.130592,MISS,Q4:Z3:conf=0.02,13.730049133300781,generador_respuestas
2026-04-28T08:05:20.237040,HIT,Q3:Z3:conf=0.47,0.4096031188964844,cache
2026-04-28T08:05:20.363057,MISS,Q5:Z5:conf=0.22,15.154361724853516,generador_respuestas
2026-04-28T08:05:20.477641,HIT,Q4:Z1:conf=0.18,0.9772777557373047,cache
2026-04-28T08:05:20.599221,MISS,Q3:Z4:conf=0.88,11.563301086425781,generador_respuestas
2026-04-28T08:05:20.721019,MISS,Q1:Z5:conf=0.1,9.90438461303711,generador_respuestas
2026-04-28T08:05:20.834844,HIT,Q4:Z3:conf=0.87,0.9126663208007812,cache
2026-04-28T08:05:20.950205,HIT,Q4:Z1:conf=0.01,1.0340213775634766,cache
2026-04-28T08:05:21.080089,MISS,Q5:Z3:conf=0.32,18.912553787231445,generador_respuestas
2026-04-28T08:05:21.196801,MISS,Q4:Z3:conf=0.12,8.734464645385742,generador_respuestas
2026-04-28T08:05:21.309129,HIT,Q5:Z4:conf=0.2,1.3341903686523438,cache
2026-04-28T08:05:21.433534,MISS,Q2:Z2:conf=0.87,10.958194732666016,generador_respuestas
2026-04-28T08:05:21.547772,HIT,Q5:Z1:conf=0.11,1.2695789337158203,cache
2026-04-28T08:05:21.674803,MISS,Q4:Z4:conf=0.33,12.595891952514648,generador_respuestas
2026-04-28T08:05:21.788082,HIT,Q5:Z3:conf=0.53,1.3117790222167969,cache
2026-04-28T08:05:21.900296,HIT,Q1:Z3:conf=0.25,0.6062984466552734,cache
2026-04-28T08:05:22.013872,HIT,Q4:Z1:conf=0.31,0.9634494781494141,cache
2026-04-28T08:05:22.128341,HIT,Q2:Z4:conf=0.01,0.9491443634033203,cache
2026-04-28T08:05:22.242998,HIT,Q2:Z1:conf=0.42,1.0983943939208984,cache
2026-04-28T08:05:22.358168,HIT,Q1:Z3:conf=0.22,0.9052753448486328,cache
2026-04-28T08:05:22.483127,MISS,Q2:Z1:conf=0.3,11.580228805541992,generador_respuestas
2026-04-28T08:05:22.599098,MISS,Q4:Z1:conf=0.65,8.663177490234375,generador_respuestas
2026-04-28T08:05:22.712001,HIT,Q2:Z2:conf=0.79,0.9860992431640625,cache
2026-04-28T08:05:22.838372,MISS,Q5:Z2:conf=0.69,14.711618423461914,generador_respuestas
2026-04-28T08:05:22.961103,MISS,Q1:Z1:conf=0.17,9.735345840454102,generador_respuestas
2026-04-28T08:05:23.086972,MISS,Q4:Z2:conf=0.3,14.862298965454102,generador_respuestas
2026-04-28T08:05:23.208468,MISS,Q1:Z1:conf=0.67,10.281562805175781,generador_respuestas
2026-04-28T08:05:23.331080,MISS,Q2:Z1:conf=0.2,10.578155517578125,generador_respuestas
2026-04-28T08:05:23.445730,HIT,Q5:Z3:conf=0.63,1.3308525085449219,cache
2026-04-28T08:05:23.555729,HIT,Q2:Z5:conf=0.73,0.4165172576904297,cache
2026-04-28T08:05:23.667581,HIT,Q2:Z2:conf=0.17,1.041412353515625,cache
2026-04-28T08:05:23.782505,HIT,Q5:Z3:conf=0.81,1.3272762298583984,cache
2026-04-28T08:05:23.897970,HIT,Q3:Z2:conf=0.36,0.9019374847412109,cache
2026-04-28T08:05:24.011090,HIT,Q2:Z1:conf=0.34,0.9243488311767578,cache
2026-04-28T08:05:24.126127,HIT,Q5:Z3:conf=0.33,1.2733936309814453,cache
2026-04-28T08:05:24.250366,MISS,Q2:Z2:conf=0.59,10.614871978759766,generador_respuestas
2026-04-28T08:05:24.365277,HIT,Q2:Z1:conf=0.19,0.8981227874755859,cache
2026-04-28T08:05:24.496382,MISS,Q5:Z3:conf=0.45,18.819332122802734,generador_respuestas
2026-04-28T08:05:24.609454,MISS,Q3:Z5:conf=0.18,6.972312927246094,generador_respuestas
2026-04-28T08:05:24.722323,HIT,Q4:Z5:conf=0.52,0.8819103240966797,cache
2026-04-28T08:05:24.846102,MISS,Q2:Z3:conf=0.15,11.562108993530273,generador_respuestas
2026-04-28T08:05:24.960227,HIT,Q1:Z2:conf=0.35,0.949859619140625,cache
2026-04-28T08:05:25.075560,HIT,Q5:Z1:conf=0.51,1.2047290802001953,cache
2026-04-28T08:05:25.203138,MISS,Q2:Z4:conf=0.03,12.554168701171875,generador_respuestas
2026-04-28T08:05:25.315533,HIT,Q2:Z1:conf=0.74,0.9424686431884766,cache
2026-04-28T08:05:25.428902,HIT,Q1:Z1:conf=0.59,0.812530517578125,cache
2026-04-28T08:05:25.543511,HIT,Q1:Z2:conf=0.28,0.9386539459228516,cache
2026-04-28T08:05:25.667486,MISS,Q1:Z1:conf=0.7,11.223316192626953,generador_respuestas
2026-04-28T08:05:25.775410,HIT,Q2:Z5:conf=0.22,0.49114227294921875,cache
2026-04-28T08:05:25.888329,HIT,Q3:Z5:conf=0.68,1.0328292846679688,cache
2026-04-28T08:05:25.999982,HIT,Q2:Z5:conf=0.24,0.9987354278564453,cache
2026-04-28T08:05:26.114889,HIT,Q5:Z3:conf=0.83,1.2521743774414062,cache
2026-04-28T08:05:26.249292,MISS,Q5:Z3:conf=0.75,19.11306381225586,generador_respuestas
2026-04-28T08:05:26.375303,MISS,Q3:Z4:conf=0.05,12.06660270690918,generador_respuestas
2026-04-28T08:05:26.499560,MISS,Q2:Z3:conf=0.66,11.703252792358398,generador_respuestas
2026-04-28T08:05:26.622967,MISS,Q4:Z1:conf=0.81,12.01319694519043,generador_respuestas
2026-04-28T08:05:26.748955,MISS,Q4:Z3:conf=0.07,13.881683349609375,generador_respuestas
2026-04-28T08:05:26.862839,HIT,Q2:Z3:conf=0.22,1.1050701141357422,cache
2026-04-28T08:05:26.981446,MISS,Q5:Z3:conf=0.22,11.548519134521484,generador_respuestas
2026-04-28T08:05:27.109721,MISS,Q5:Z3:conf=0.61,17.293930053710938,generador_respuestas
2026-04-28T08:05:27.223571,HIT,Q2:Z1:conf=0.51,1.0325908660888672,cache
2026-04-28T08:05:27.348899,MISS,Q2:Z2:conf=0.53,11.332988739013672,generador_respuestas
2026-04-28T08:05:27.463030,HIT,Q1:Z3:conf=0.01,1.123666763305664,cache
2026-04-28T08:05:27.577527,HIT,Q2:Z3:conf=0.48,1.0020732879638672,cache
2026-04-28T08:05:27.688863,HIT,Q2:Z4:conf=0.62,0.8015632629394531,cache
2026-04-28T08:05:27.803917,HIT,Q2:Z3:conf=0.83,1.0731220245361328,cache
2026-04-28T08:05:27.919081,HIT,Q5:Z1:conf=0.01,1.2538433074951172,cache
2026-04-28T08:05:28.034784,HIT,Q4:Z3:conf=0.71,0.9596347808837891,cache
2026-04-28T08:05:28.147766,MISS,Q2:Z1:conf=0.67,5.905628204345703,generador_respuestas
2026-04-28T08:05:28.260583,HIT,Q3:Z1:conf=0.21,1.020669937133789,cache
2026-04-28T08:05:28.387124,MISS,Q5:Z5:conf=0.68,14.371633529663086,generador_respuestas
2026-04-28T08:05:28.515389,MISS,Q2:Z3:conf=0.55,12.632131576538086,generador_respuestas
2026-04-28T08:05:28.628587,HIT,Q5:Z2:conf=0.39,1.31988525390625,cache
2026-04-28T08:05:28.746309,HIT,Q2:Z4:conf=0.78,1.1267662048339844,cache
2026-04-28T08:05:28.858351,HIT,Q2:Z1:conf=0.43,0.3383159637451172,cache
2026-04-28T08:05:28.980368,MISS,Q1:Z1:conf=0.42,10.510921478271484,generador_respuestas
2026-04-28T08:05:29.093153,HIT,Q2:Z1:conf=0.1,0.5271434783935547,cache
2026-04-28T08:05:29.218402,MISS,Q2:Z3:conf=0.03,12.454748153686523,generador_respuestas
2026-04-28T08:05:29.330070,MISS,Q1:Z4:conf=0.07,5.167245864868164,generador_respuestas
2026-04-28T08:05:29.456068,MISS,Q5:Z1:conf=0.33,15.797138214111328,generador_respuestas
2026-04-28T08:05:29.580659,MISS,Q3:Z4:conf=0.45,13.508081436157227,generador_respuestas
2026-04-28T08:05:29.694677,HIT,Q3:Z3:conf=0.9,0.9419918060302734,cache
2026-04-28T08:05:29.821916,MISS,Q4:Z1:conf=0.48,14.962911605834961,generador_respuestas
2026-04-28T08:05:29.945690,MISS,Q1:Z1:conf=0.49,11.593341827392578,generador_respuestas
2026-04-28T08:05:30.058676,HIT,Q3:Z1:conf=0.43,0.9629726409912109,cache
2026-04-28T08:05:30.183956,MISS,Q4:Z5:conf=0.51,13.098001480102539,generador_respuestas
2026-04-28T08:05:30.296954,HIT,Q5:Z1:conf=0.63,1.3120174407958984,cache
2026-04-28T08:05:30.415507,MISS,Q4:Z3:conf=0.01,9.002685546875,generador_respuestas
2026-04-28T08:05:30.528100,HIT,Q2:Z2:conf=0.25,1.0693073272705078,cache
2026-04-28T08:05:30.651099,MISS,Q1:Z4:conf=0.62,10.016202926635742,generador_respuestas
2026-04-28T08:05:30.779552,MISS,Q5:Z1:conf=0.67,15.789508819580078,generador_respuestas
2026-04-28T08:05:30.895431,HIT,Q3:Z3:conf=0.12,0.6878376007080078,cache
2026-04-28T08:05:31.019014,MISS,Q1:Z4:conf=0.46,9.721040725708008,generador_respuestas
2026-04-28T08:05:31.141798,MISS,Q1:Z1:conf=0.52,10.535955429077148,generador_respuestas
2026-04-28T08:05:31.254543,HIT,Q2:Z1:conf=0.17,1.0142326354980469,cache
2026-04-28T08:05:31.380169,MISS,Q4:Z2:conf=0.29,12.73965835571289,generador_respuestas
2026-04-28T08:05:31.502684,MISS,Q3:Z2:conf=0.49,12.825965881347656,generador_respuestas
2026-04-28T08:05:31.623051,MISS,Q2:Z2:conf=0.54,10.303020477294922,generador_respuestas
2026-04-28T08:05:31.737069,MISS,Q5:Z5:conf=0.72,6.988286972045898,generador_respuestas
2026-04-28T08:05:31.848917,HIT,Q5:Z1:conf=0.84,1.1911392211914062,cache
2026-04-28T08:05:31.975910,MISS,Q3:Z2:conf=0.08,12.863397598266602,generador_respuestas
2026-04-28T08:05:32.087428,HIT,Q3:Z2:conf=0.67,0.40268898010253906,cache
2026-04-28T08:05:32.210411,MISS,Q1:Z2:conf=0.15,9.836673736572266,generador_respuestas
2026-04-28T08:05:32.335216,MISS,Q2:Z5:conf=0.56,11.975288391113281,generador_respuestas
2026-04-28T08:05:32.447755,HIT,Q4:Z1:conf=0.11,0.9350776672363281,cache
2026-04-28T08:05:32.575594,MISS,Q3:Z3:conf=0.36,14.574289321899414,generador_respuestas
2026-04-28T08:05:32.688025,HIT,Q4:Z2:conf=0.28,0.7984638214111328,cache
2026-04-28T08:05:32.810278,MISS,Q2:Z1:conf=0.07,10.786771774291992,generador_respuestas
2026-04-28T08:05:32.918100,HIT,Q2:Z3:conf=0.83,0.4801750183105469,cache
2026-04-28T08:05:33.041071,MISS,Q3:Z4:conf=0.53,11.99960708618164,generador_respuestas
2026-04-28T08:05:33.153193,HIT,Q3:Z5:conf=0.06,0.8749961853027344,cache
2026-04-28T08:05:33.267789,HIT,Q4:Z3:conf=0.13,0.9710788726806641,cache
2026-04-28T08:05:33.382157,HIT,Q1:Z2:conf=0.23,0.8590221405029297,cache
2026-04-28T08:05:33.506521,MISS,Q2:Z5:conf=0.66,11.682510375976562,generador_respuestas
2026-04-28T08:05:33.629691,MISS,Q2:Z3:conf=0.71,11.083126068115234,generador_respuestas
2026-04-28T08:05:33.751848,MISS,Q1:Z1:conf=0.81,9.853124618530273,generador_respuestas
2026-04-28T08:05:33.866386,HIT,Q2:Z2:conf=0.39,0.9591579437255859,cache
2026-04-28T08:05:33.980309,HIT,Q5:Z2:conf=0.53,1.1856555938720703,cache
2026-04-28T08:05:34.107855,MISS,Q3:Z4:conf=0.52,12.3291015625,generador_respuestas
2026-04-28T08:05:34.235235,MISS,Q5:Z1:conf=0.83,14.36471939086914,generador_respuestas
2026-04-28T08:05:34.362947,MISS,Q4:Z2:conf=0.5,13.27204704284668,generador_respuestas
2026-04-28T08:05:34.476004,HIT,Q3:Z5:conf=0.56,1.0058879852294922,cache
2026-04-28T08:05:34.602992,MISS,Q5:Z1:conf=0.02,14.575719833374023,generador_respuestas
2026-04-28T08:05:34.718754,MISS,Q3:Z3:conf=0.72,7.743597030639648,generador_respuestas
2026-04-28T08:05:34.830506,HIT,Q3:Z3:conf=0.29,1.018524169921875,cache
2026-04-28T08:05:34.944872,HIT,Q1:Z1:conf=0.15,0.9734630584716797,cache
2026-04-28T08:05:35.067652,MISS,Q2:Z5:conf=0.58,10.53476333618164,generador_respuestas
2026-04-28T08:05:35.182235,HIT,Q2:Z1:conf=0.64,1.0139942169189453,cache
2026-04-28T08:05:35.296010,HIT,Q1:Z4:conf=0.16,0.9717941284179688,cache
2026-04-28T08:05:35.422345,MISS,Q5:Z1:conf=0.22,16.696453094482422,generador_respuestas
2026-04-28T08:05:35.538852,HIT,Q3:Z2:conf=0.03,1.0933876037597656,cache
2026-04-28T08:05:35.653102,HIT,Q5:Z3:conf=0.26,1.1920928955078125,cache
2026-04-28T08:05:35.777463,MISS,Q1:Z1:conf=0.54,10.557174682617188,generador_respuestas
2026-04-28T08:05:35.884814,HIT,Q2:Z2:conf=0.09,0.46563148498535156,cache
2026-04-28T08:05:36.008552,MISS,Q4:Z4:conf=0.66,12.828350067138672,generador_respuestas
2026-04-28T08:05:36.132842,MISS,Q2:Z1:conf=0.06,12.002706527709961,generador_respuestas
2026-04-28T08:05:36.246376,HIT,Q4:Z2:conf=0.3,0.8749961853027344,cache
2026-04-28T08:05:36.371084,MISS,Q5:Z4:conf=0.84,12.752294540405273,generador_respuestas
2026-04-28T08:05:36.487586,HIT,Q1:Z2:conf=0.76,0.9758472442626953,cache
2026-04-28T08:05:36.607910,MISS,Q2:Z1:conf=0.65,10.057687759399414,generador_respuestas
2026-04-28T08:05:36.734760,MISS,Q3:Z3:conf=0.78,13.067960739135742,generador_respuestas
2026-04-28T08:05:36.851165,HIT,Q4:Z5:conf=0.43,1.0166168212890625,cache
2026-04-28T08:05:36.977895,MISS,Q5:Z1:conf=0.2,14.91403579711914,generador_respuestas
2026-04-28T08:05:37.092410,HIT,Q5:Z1:conf=0.13,1.2035369873046875,cache
2026-04-28T08:05:37.209557,HIT,Q2:Z5:conf=0.13,1.1570453643798828,cache
2026-04-28T08:05:37.323364,HIT,Q2:Z5:conf=0.23,0.3962516784667969,cache
2026-04-28T08:05:37.442331,MISS,Q2:Z5:conf=0.1,9.427547454833984,generador_respuestas
2026-04-28T08:05:37.556574,MISS,Q1:Z4:conf=0.14,6.116628646850586,generador_respuestas
2026-04-28T08:05:37.669355,HIT,Q2:Z2:conf=0.64,1.2919902801513672,cache
2026-04-28T08:05:37.782864,HIT,Q5:Z1:conf=0.75,1.6217231750488281,cache
2026-04-28T08:05:37.898272,HIT,Q1:Z1:conf=0.74,0.8988380432128906,cache
2026-04-28T08:05:38.009373,HIT,Q3:Z2:conf=0.34,0.7946491241455078,cache
2026-04-28T08:05:38.125074,HIT,Q4:Z2:conf=0.85,0.9462833404541016,cache
2026-04-28T08:05:38.238813,HIT,Q5:Z2:conf=0.69,1.1646747589111328,cache
2026-04-28T08:05:38.353775,HIT,Q2:Z4:conf=0.29,0.804901123046875,cache
2026-04-28T08:05:38.468912,HIT,Q1:Z2:conf=0.69,0.8151531219482422,cache
2026-04-28T08:05:38.579683,HIT,Q3:Z1:conf=0.44,0.9379386901855469,cache
2026-04-28T08:05:38.703437,MISS,Q4:Z4:conf=0.16,13.528823852539062,generador_respuestas
2026-04-28T08:05:38.815847,MISS,Q1:Z4:conf=0.47,5.44428825378418,generador_respuestas
2026-04-28T08:05:38.929406,HIT,Q5:Z5:conf=0.28,1.3146400451660156,cache
2026-04-28T08:05:39.053098,MISS,Q2:Z1:conf=0.79,10.322332382202148,generador_respuestas
2026-04-28T08:05:39.166399,HIT,Q4:Z5:conf=0.67,0.8389949798583984,cache
2026-04-28T08:05:39.279667,HIT,Q3:Z1:conf=0.47,0.9984970092773438,cache
2026-04-28T08:05:39.395522,HIT,Q2:Z1:conf=0.29,1.140594482421875,cache
2026-04-28T08:05:39.519268,MISS,Q1:Z3:conf=0.62,10.76650619506836,generador_respuestas
2026-04-28T08:05:39.634798,HIT,Q5:Z2:conf=0.85,1.4362335205078125,cache
2026-04-28T08:05:39.749736,HIT,Q4:Z2:conf=0.4,0.7600784301757812,cache
2026-04-28T08:05:39.862837,HIT,Q2:Z2:conf=0.37,1.001596450805664,cache
2026-04-28T08:05:39.970068,HIT,Q2:Z4:conf=0.58,0.4093647003173828,cache
2026-04-28T08:05:40.092173,MISS,Q2:Z1:conf=0.53,10.86282730102539,generador_respuestas
2026-04-28T08:05:40.205958,HIT,Q4:Z1:conf=0.55,0.8871555328369141,cache
2026-04-28T08:05:40.319729,HIT,Q3:Z4:conf=0.23,0.9922981262207031,cache
2026-04-28T08:05:40.431562,HIT,Q2:Z2:conf=0.88,0.8981227874755859,cache
2026-04-28T08:05:40.545410,HIT,Q1:Z5:conf=0.16,0.7956027984619141,cache
2026-04-28T08:05:40.659999,HIT,Q5:Z1:conf=0.35,1.3070106506347656,cache
2026-04-28T08:05:40.784859,MISS,Q3:Z1:conf=0.81,12.884855270385742,generador_respuestas
2026-04-28T08:05:40.899132,MISS,Q4:Z3:conf=0.74,7.748842239379883,generador_respuestas
2026-04-28T08:05:41.011944,HIT,Q1:Z3:conf=0.63,1.1386871337890625,cache
2026-04-28T08:05:41.136583,MISS,Q4:Z3:conf=0.49,15.026569366455078,generador_respuestas
2026-04-28T08:05:41.259892,MISS,Q5:Z2:conf=0.38,15.571355819702148,generador_respuestas
2026-04-28T08:05:41.381796,MISS,Q2:Z4:conf=0.24,9.604692459106445,generador_respuestas
2026-04-28T08:05:41.495056,HIT,Q1:Z1:conf=0.01,0.9124279022216797,cache
2026-04-28T08:05:41.614951,MISS,Q2:Z2:conf=0.18,10.565042495727539,generador_respuestas
2026-04-28T08:05:41.729012,HIT,Q1:Z2:conf=0.23,0.9510517120361328,cache
2026-04-28T08:05:41.843402,HIT,Q2:Z5:conf=0.32,1.0564327239990234,cache
2026-04-28T08:05:41.954932,HIT,Q3:Z4:conf=0.65,0.49042701721191406,cache
2026-04-28T08:05:42.069710,HIT,Q5:Z1:conf=0.41,1.3010501861572266,cache
2026-04-28T08:05:42.183792,MISS,Q1:Z4:conf=0.54,5.066871643066406,generador_respuestas
2026-04-28T08:05:42.305390,MISS,Q3:Z1:conf=0.35,11.90328598022461,generador_respuestas
2026-04-28T08:05:42.418759,HIT,Q3:Z3:conf=0.49,0.8838176727294922,cache
2026-04-28T08:05:42.544019,MISS,Q4:Z5:conf=0.54,12.70437240600586,generador_respuestas
2026-04-28T08:05:42.671049,MISS,Q5:Z3:conf=0.21,17.248868942260742,generador_respuestas
2026-04-28T08:05:42.779867,HIT,Q1:Z1:conf=0.19,0.6153583526611328,cache
2026-04-28T08:05:42.891040,HIT,Q3:Z3:conf=0.4,1.0995864868164062,cache
2026-04-28T08:05:43.005597,HIT,Q4:Z2:conf=0.52,0.9837150573730469,cache
2026-04-28T08:05:43.118973,HIT,Q2:Z2:conf=0.87,0.9293556213378906,cache
2026-04-28T08:05:43.232160,MISS,Q2:Z3:conf=0.18,6.288051605224609,generador_respuestas
2026-04-28T08:05:43.357508,MISS,Q4:Z1:conf=0.38,15.191078186035156,generador_respuestas
2026-04-28T08:05:43.468347,HIT,Q1:Z5:conf=0.29,0.6577968597412109,cache
2026-04-28T08:05:43.582773,HIT,Q4:Z1:conf=0.73,0.9107589721679688,cache
2026-04-28T08:05:43.694880,HIT,Q3:Z3:conf=0.4,0.8749961853027344,cache
2026-04-28T08:05:43.809928,HIT,Q3:Z3:conf=0.19,1.0561943054199219,cache
2026-04-28T08:05:43.924103,HIT,Q3:Z1:conf=0.26,1.0464191436767578,cache
2026-04-28T08:05:44.037851,HIT,Q5:Z3:conf=0.23,1.4941692352294922,cache
2026-04-28T08:05:44.164098,MISS,Q2:Z2:conf=0.86,11.401891708374023,generador_respuestas
2026-04-28T08:05:44.278730,HIT,Q1:Z2:conf=0.43,1.0275840759277344,cache
2026-04-28T08:05:44.400062,MISS,Q1:Z2:conf=0.17,10.009765625,generador_respuestas
2026-04-28T08:05:44.523896,MISS,Q4:Z1:conf=0.72,11.850595474243164,generador_respuestas
2026-04-28T08:05:44.640220,MISS,Q5:Z5:conf=0.24,10.107755661010742,generador_respuestas
2026-04-28T08:05:44.754812,HIT,Q2:Z4:conf=0.83,1.0519027709960938,cache
2026-04-28T08:05:44.875213,MISS,Q1:Z2:conf=0.57,9.192943572998047,generador_respuestas
2026-04-28T08:05:44.998671,MISS,Q2:Z3:conf=0.24,11.777877807617188,generador_respuestas
2026-04-28T08:05:45.120916,MISS,Q2:Z5:conf=0.41,10.04481315612793,generador_respuestas
2026-04-28T08:05:45.234948,HIT,Q4:Z1:conf=0.15,0.9002685546875,cache
2026-04-28T08:05:45.358586,MISS,Q5:Z4:conf=0.85,12.466192245483398,generador_respuestas
2026-04-28T08:05:45.488201,MISS,Q5:Z3:conf=0.2,16.089200973510742,generador_respuestas
2026-04-28T08:05:45.616538,MISS,Q4:Z3:conf=0.0,14.514446258544922,generador_respuestas
2026-04-28T08:05:45.728698,MISS,Q1:Z2:conf=0.36,5.196094512939453,generador_respuestas
2026-04-28T08:05:45.853648,MISS,Q3:Z2:conf=0.6,13.559579849243164,generador_respuestas
2026-04-28T08:05:45.976763,MISS,Q1:Z2:conf=0.32,10.478973388671875,generador_respuestas
2026-04-28T08:05:46.100116,MISS,Q2:Z1:conf=0.18,12.108564376831055,generador_respuestas
2026-04-28T08:05:46.224040,MISS,Q2:Z1:conf=0.01,11.551856994628906,generador_respuestas
2026-04-28T08:05:46.337787,HIT,Q1:Z1:conf=0.01,0.9784698486328125,cache
2026-04-28T08:05:46.451985,HIT,Q3:Z5:conf=0.6,1.2488365173339844,cache
2026-04-28T08:05:46.567539,HIT,Q1:Z1:conf=0.17,0.9632110595703125,cache
2026-04-28T08:05:46.690360,MISS,Q1:Z3:conf=0.85,10.056018829345703,generador_respuestas
2026-04-28T08:05:46.799949,HIT,Q5:Z5:conf=0.56,0.7741451263427734,cache
2026-04-28T08:05:46.914761,HIT,Q1:Z2:conf=0.8,0.9047985076904297,cache
2026-04-28T08:05:47.039066,MISS,Q3:Z3:conf=0.32,12.62354850769043,generador_respuestas
2026-04-28T08:05:47.163422,MISS,Q5:Z1:conf=0.03,14.21213150024414,generador_respuestas
2026-04-28T08:05:47.277914,HIT,Q4:Z2:conf=0.53,0.7531642913818359,cache
2026-04-28T08:05:47.390687,HIT,Q5:Z1:conf=0.56,1.104116439819336,cache
2026-04-28T08:05:47.521258,MISS,Q4:Z2:conf=0.7,15.151739120483398,generador_respuestas
2026-04-28T08:05:47.642765,MISS,Q1:Z5:conf=0.61,10.00213623046875,generador_respuestas
2026-04-28T08:05:47.768381,MISS,Q3:Z3:conf=0.43,12.791872024536133,generador_respuestas
2026-04-28T08:05:47.881751,MISS,Q4:Z5:conf=0.74,6.088972091674805,generador_respuestas
2026-04-28T08:05:47.994474,HIT,Q2:Z3:conf=0.78,0.9694099426269531,cache
2026-04-28T08:05:48.108533,HIT,Q3:Z3:conf=0.79,0.9458065032958984,cache
2026-04-28T08:05:48.230662,MISS,Q2:Z5:conf=0.22,10.631561279296875,generador_respuestas
2026-04-28T08:05:48.352929,MISS,Q2:Z4:conf=0.72,10.42628288269043,generador_respuestas
2026-04-28T08:05:48.466371,HIT,Q3:Z5:conf=0.76,1.1126995086669922,cache
2026-04-28T08:05:48.580346,HIT,Q4:Z1:conf=0.77,0.8885860443115234,cache
2026-04-28T08:05:48.691394,HIT,Q1:Z1:conf=0.24,0.6754398345947266,cache
2026-04-28T08:05:48.805285,HIT,Q3:Z4:conf=0.23,0.9222030639648438,cache
2026-04-28T08:05:48.918471,HIT,Q5:Z4:conf=0.25,0.9648799896240234,cache
2026-04-28T08:05:49.034667,HIT,Q4:Z1:conf=0.25,0.8902549743652344,cache
2026-04-28T08:05:49.159284,MISS,Q5:Z1:conf=0.78,13.509035110473633,generador_respuestas
2026-04-28T08:05:49.275649,HIT,Q4:Z4:conf=0.68,0.8876323699951172,cache
2026-04-28T08:05:49.390426,MISS,Q3:Z1:conf=0.64,8.173942565917969,generador_respuestas
2026-04-28T08:05:49.510180,MISS,Q1:Z2:conf=0.66,9.930133819580078,generador_respuestas
2026-04-28T08:05:49.621267,HIT,Q3:Z4:conf=0.27,0.8153915405273438,cache
2026-04-28T08:05:49.746809,MISS,Q2:Z3:conf=0.68,12.574911117553711,generador_respuestas
2026-04-28T08:05:49.871076,MISS,Q1:Z5:conf=0.62,10.26010513305664,generador_respuestas
2026-04-28T08:05:49.985728,HIT,Q1:Z1:conf=0.37,0.9589195251464844,cache
2026-04-28T08:05:50.099802,HIT,Q5:Z1:conf=0.9,1.3129711151123047,cache
2026-04-28T08:05:50.215933,MISS,Q5:Z1:conf=0.86,7.675647735595703,generador_respuestas
2026-04-28T08:05:50.329779,HIT,Q2:Z3:conf=0.58,1.0297298431396484,cache
2026-04-28T08:05:50.443998,HIT,Q5:Z1:conf=0.9,1.1854171752929688,cache
2026-04-28T08:05:50.569162,MISS,Q2:Z3:conf=0.38,10.964632034301758,generador_respuestas
2026-04-28T08:05:50.694429,MISS,Q1:Z3:conf=0.4,12.094259262084961,generador_respuestas
2026-04-28T08:05:50.820353,MISS,Q4:Z1:conf=0.62,13.069391250610352,generador_respuestas
2026-04-28T08:05:50.934046,HIT,Q4:Z5:conf=0.21,0.9572505950927734,cache
2026-04-28T08:05:51.048618,HIT,Q4:Z5:conf=0.22,0.9467601776123047,cache
2026-04-28T08:05:51.176823,MISS,Q5:Z3:conf=0.7,16.66736602783203,generador_respuestas
2026-04-28T08:05:51.291940,MISS,Q4:Z3:conf=0.25,7.881402969360352,generador_respuestas
2026-04-28T08:05:51.400774,HIT,Q5:Z3:conf=0.23,0.9529590606689453,cache
2026-04-28T08:05:51.517347,HIT,Q3:Z4:conf=0.52,0.9987354278564453,cache
2026-04-28T08:05:51.630158,HIT,Q3:Z1:conf=0.7,0.8802413940429688,cache
2026-04-28T08:05:51.742543,HIT,Q2:Z1:conf=0.79,0.8900165557861328,cache
2026-04-28T08:05:51.856817,HIT,Q5:Z2:conf=0.8,1.2676715850830078,cache
2026-04-28T08:05:51.979768,MISS,Q1:Z2:conf=0.89,8.965253829956055,generador_respuestas
2026-04-28T08:05:52.114749,MISS,Q5:Z3:conf=0.56,21.541595458984375,generador_respuestas
2026-04-28T08:05:52.243437,MISS,Q5:Z4:conf=0.82,14.928817749023438,generador_respuestas
2026-04-28T08:05:52.366144,MISS,Q4:Z1:conf=0.22,12.515544891357422,generador_respuestas
2026-04-28T08:05:52.493814,MISS,Q5:Z5:conf=0.45,16.1435604095459,generador_respuestas
2026-04-28T08:05:52.604558,HIT,Q1:Z1:conf=0.17,0.3833770751953125,cache
2026-04-28T08:05:52.726269,MISS,Q2:Z3:conf=0.09,10.63084602355957,generador_respuestas
2026-04-28T08:05:52.853177,MISS,Q4:Z4:conf=0.76,14.761686325073242,generador_respuestas
2026-04-28T08:05:52.969031,HIT,Q5:Z4:conf=0.52,1.3511180877685547,cache
2026-04-28T08:05:53.097404,MISS,Q4:Z5:conf=0.57,14.618158340454102,generador_respuestas
2026-04-28T08:05:53.218277,MISS,Q4:Z4:conf=0.36,12.462854385375977,generador_respuestas
2026-04-28T08:05:53.332485,HIT,Q4:Z4:conf=0.75,1.2638568878173828,cache
2026-04-28T08:05:53.445928,HIT,Q5:Z1:conf=0.57,1.256704330444336,cache
2026-04-28T08:05:53.561316,HIT,Q2:Z1:conf=0.86,1.0521411895751953,cache
2026-04-28T08:05:53.686392,MISS,Q1:Z2:conf=0.49,11.343955993652344,generador_respuestas
2026-04-28T08:05:53.812405,MISS,Q1:Z2:conf=0.14,11.693716049194336,generador_respuestas
2026-04-28T08:05:53.920342,HIT,Q4:Z2:conf=0.35,0.4985332489013672,cache
2026-04-28T08:05:54.032829,HIT,Q2:Z1:conf=0.87,1.0590553283691406,cache
2026-04-28T08:05:54.156625,MISS,Q1:Z4:conf=0.42,9.958267211914062,generador_respuestas
2026-04-28T08:05:54.283359,MISS,Q5:Z4:conf=0.75,16.682863235473633,generador_respuestas
2026-04-28T08:05:54.398126,HIT,Q3:Z3:conf=0.73,0.9338855743408203,cache
2026-04-28T08:05:54.511359,HIT,Q3:Z1:conf=0.18,1.0237693786621094,cache
2026-04-28T08:05:54.622462,HIT,Q3:Z2:conf=0.65,0.7436275482177734,cache
2026-04-28T08:05:54.735649,HIT,Q5:Z4:conf=0.04,1.0979175567626953,cache
2026-04-28T08:05:54.849663,HIT,Q4:Z2:conf=0.48,0.7374286651611328,cache
2026-04-28T08:05:54.962970,HIT,Q4:Z5:conf=0.1,0.8027553558349609,cache
2026-04-28T08:05:55.087187,MISS,Q1:Z1:conf=0.5,11.01064682006836,generador_respuestas
2026-04-28T08:05:55.194802,HIT,Q5:Z1:conf=0.58,0.5233287811279297,cache
2026-04-28T08:05:55.306735,HIT,Q5:Z1:conf=0.1,0.9217262268066406,cache
2026-04-28T08:05:55.433189,MISS,Q5:Z2:conf=0.02,14.889717102050781,generador_respuestas
2026-04-28T08:05:55.557435,MISS,Q3:Z4:conf=0.08,11.775493621826172,generador_respuestas
2026-04-28T08:05:55.671778,HIT,Q1:Z2:conf=0.25,1.0247230529785156,cache
2026-04-28T08:05:55.799313,MISS,Q5:Z1:conf=0.37,15.821218490600586,generador_respuestas
2026-04-28T08:05:55.924293,MISS,Q3:Z1:conf=0.13,11.754989624023438,generador_respuestas
2026-04-28T08:05:56.047064,MISS,Q4:Z5:conf=0.85,11.119604110717773,generador_respuestas
2026-04-28T08:05:56.159516,HIT,Q4:Z1:conf=0.63,0.8678436279296875,cache
2026-04-28T08:05:56.281298,MISS,Q1:Z5:conf=0.46,9.737968444824219,generador_respuestas
2026-04-28T08:05:56.403901,MISS,Q3:Z3:conf=0.03,11.359214782714844,generador_respuestas
2026-04-28T08:05:56.510058,HIT,Q3:Z1:conf=0.26,0.3829002380371094,cache
2026-04-28T08:05:56.622177,HIT,Q2:Z5:conf=0.44,1.0890960693359375,cache
2026-04-28T08:05:56.744822,MISS,Q3:Z4:conf=0.31,12.221097946166992,generador_respuestas
2026-04-28T08:05:56.875036,MISS,Q5:Z5:conf=0.5,17.7457332611084,generador_respuestas
2026-04-28T08:05:56.993078,HIT,Q2:Z1:conf=0.47,1.1136531829833984,cache
2026-04-28T08:05:57.107507,HIT,Q5:Z5:conf=0.19,1.176595687866211,cache
2026-04-28T08:05:57.234285,MISS,Q2:Z4:conf=0.28,12.229442596435547,generador_respuestas
2026-04-28T08:05:57.349836,HIT,Q4:Z3:conf=0.21,0.8921623229980469,cache
2026-04-28T08:05:57.473785,MISS,Q5:Z2:conf=0.17,12.056112289428711,generador_respuestas
2026-04-28T08:05:57.596640,MISS,Q4:Z2:conf=0.21,12.314319610595703,generador_respuestas
2026-04-28T08:05:57.707695,HIT,Q3:Z2:conf=0.14,0.8668899536132812,cache
2026-04-28T08:05:57.822545,HIT,Q3:Z3:conf=0.8,1.054525375366211,cache
2026-04-28T08:05:57.949531,MISS,Q3:Z5:conf=0.59,13.533592224121094,generador_respuestas
2026-04-28T08:05:58.062822,MISS,Q2:Z2:conf=0.35,5.974054336547852,generador_respuestas
2026-04-28T08:05:58.174895,HIT,Q3:Z1:conf=0.36,1.0056495666503906,cache
2026-04-28T08:05:58.287445,HIT,Q2:Z2:conf=0.18,0.8969306945800781,cache
2026-04-28T08:05:58.413745,MISS,Q5:Z4:conf=0.44,14.263391494750977,generador_respuestas
2026-04-28T08:05:58.528062,HIT,Q5:Z3:conf=0.22,1.2171268463134766,cache
2026-04-28T08:05:58.643431,HIT,Q5:Z1:conf=0.39,1.1887550354003906,cache
2026-04-28T08:05:58.770257,MISS,Q2:Z4:conf=0.64,11.013031005859375,generador_respuestas
2026-04-28T08:05:58.882982,HIT,Q1:Z1:conf=0.06,0.8442401885986328,cache
2026-04-28T08:05:59.004176,MISS,Q1:Z2:conf=0.12,9.57179069519043,generador_respuestas
2026-04-28T08:05:59.118276,HIT,Q5:Z2:conf=0.84,1.1789798736572266,cache
2026-04-28T08:05:59.233339,HIT,Q3:Z2:conf=0.36,0.9839534759521484,cache
2026-04-28T08:05:59.347220,HIT,Q2:Z2:conf=0.07,0.9543895721435547,cache
2026-04-28T08:05:59.470763,MISS,Q1:Z2:conf=0.51,11.000394821166992,generador_respuestas
2026-04-28T08:05:59.597007,MISS,Q5:Z4:conf=0.45,15.117883682250977,generador_respuestas
2026-04-28T08:05:59.703707,HIT,Q5:Z1:conf=0.39,0.5466938018798828,cache
2026-04-28T08:05:59.827521,MISS,Q3:Z2:conf=0.17,12.422561645507812,generador_respuestas
2026-04-28T08:05:59.951103,MISS,Q2:Z1:conf=0.45,11.088132858276367,generador_respuestas
2026-04-28T08:06:00.072616,MISS,Q1:Z3:conf=0.6,9.437799453735352,generador_respuestas
2026-04-28T08:06:00.188040,HIT,Q3:Z1:conf=0.08,0.9970664978027344,cache
2026-04-28T08:06:00.301474,HIT,Q4:Z2:conf=0.16,0.8702278137207031,cache
2026-04-28T08:06:00.413986,HIT,Q3:Z1:conf=0.62,1.0242462158203125,cache
2026-04-28T08:06:00.527748,HIT,Q4:Z2:conf=0.23,0.8139610290527344,cache
2026-04-28T08:06:00.649970,MISS,Q4:Z4:conf=0.09,12.490987777709961,generador_respuestas
2026-04-28T08:06:00.763969,MISS,Q5:Z1:conf=0.31,8.202791213989258,generador_respuestas
2026-04-28T08:06:00.876802,HIT,Q5:Z5:conf=0.87,1.241922378540039,cache
2026-04-28T08:06:00.992815,HIT,Q3:Z1:conf=0.31,1.0502338409423828,cache
2026-04-28T08:06:01.107683,HIT,Q3:Z1:conf=0.89,1.039743423461914,cache
2026-04-28T08:06:01.233633,MISS,Q3:Z4:conf=0.16,12.312650680541992,generador_respuestas
2026-04-28T08:06:01.359072,MISS,Q4:Z5:conf=0.02,13.436555862426758,generador_respuestas
2026-04-28T08:06:01.472338,HIT,Q5:Z1:conf=0.04,1.2309551239013672,cache
2026-04-28T08:06:01.598497,MISS,Q2:Z2:conf=0.65,11.16633415222168,generador_respuestas
2026-04-28T08:06:01.713463,HIT,Q5:Z2:conf=0.35,1.2319087982177734,cache
2026-04-28T08:06:01.830183,HIT,Q5:Z1:conf=0.14,1.1756420135498047,cache
2026-04-28T08:06:01.956863,MISS,Q2:Z3:conf=0.36,12.692689895629883,generador_respuestas
2026-04-28T08:06:02.065105,HIT,Q3:Z5:conf=0.0,0.39768218994140625,cache
2026-04-28T08:06:02.181433,MISS,Q4:Z5:conf=0.14,10.59103012084961,generador_respuestas
2026-04-28T08:06:02.304874,MISS,Q4:Z2:conf=0.74,12.452125549316406,generador_respuestas
2026-04-28T08:06:02.417094,HIT,Q3:Z1:conf=0.7,0.9303092956542969,cache
2026-04-28T08:06:02.529654,HIT,Q2:Z3:conf=0.08,1.1103153228759766,cache
2026-04-28T08:06:02.642248,HIT,Q5:Z2:conf=0.66,1.0399818420410156,cache
2026-04-28T08:06:02.767342,MISS,Q1:Z1:conf=0.76,10.926246643066406,generador_respuestas
2026-04-28T08:06:02.882811,HIT,Q2:Z4:conf=0.31,0.9741783142089844,cache
2026-04-28T08:06:02.998183,HIT,Q3:Z2:conf=0.04,1.1169910430908203,cache
2026-04-28T08:06:03.112897,MISS,Q5:Z5:conf=0.3,7.586956024169922,generador_respuestas
2026-04-28T08:06:03.237292,MISS,Q3:Z1:conf=0.76,13.165712356567383,generador_respuestas
2026-04-28T08:06:03.351759,HIT,Q1:Z4:conf=0.14,0.9453296661376953,cache
2026-04-28T08:06:03.462741,HIT,Q5:Z4:conf=0.82,0.9901523590087891,cache
2026-04-28T08:06:03.578290,HIT,Q3:Z5:conf=0.11,0.9582042694091797,cache
2026-04-28T08:06:03.690559,HIT,Q5:Z2:conf=0.44,1.0457038879394531,cache
2026-04-28T08:06:03.805717,HIT,Q4:Z1:conf=0.46,0.8516311645507812,cache
2026-04-28T08:06:03.931755,MISS,Q3:Z3:conf=0.76,14.215230941772461,generador_respuestas
2026-04-28T08:06:04.038740,HIT,Q3:Z2:conf=0.29,0.6361007690429688,cache
2026-04-28T08:06:04.161730,MISS,Q3:Z5:conf=0.29,12.007713317871094,generador_respuestas
2026-04-28T08:06:04.275525,HIT,Q2:Z2:conf=0.44,1.0225772857666016,cache
